txn_id,amount,hour_of_day,txn_count_last_hour,distance_from_home_km,is_new_merchant,label
TXN100000,53.58732215575617,11.825864049085613,0,14.426676025392807,0,0
TXN100001,28.05889990768324,17.631320381037973,1,6.905005434914294,1,0
TXN100002,21.61314584254073,13.044704663404131,1,10.199292162770444,0,0
TXN100003,144.83040454446723,23.0,0,9.305482392637591,0,0
TXN100004,46.1500649100424,23.0,1,3.3717411245982296,0,0
TXN100005,56.45053299077326,19.1423728912009,1,1.8657893436671416,0,0
TXN100006,129.75795249344873,14.721526479881845,0,4.18384217372502,0,0
TXN100007,60.7837453927144,5.27206525461256,1,6.085596290428157,0,0
TXN100008,175.83886861747544,19.380141184272865,1,14.38234083193218,0,0
TXN100009,111.49894495756718,19.43059653163767,0,2.5982068571900028,0,0
TXN100010,118.01107402440456,9.773689380056497,1,10.757369631657074,0,0
TXN100011,145.690829371261,11.999522227198103,1,1.7874398085208707,0,0
TXN100012,40.95516821839263,13.923432486207659,0,2.7126139923269648,0,0
TXN100013,125.93640635611877,17.27804182287537,2,5.13346440266715,0,0
TXN100014,27.87700977457805,18.40998576424149,0,0.5497767008493861,0,0
TXN100015,7.4393042789451425,12.70518893367101,0,15.31713074057645,0,0
TXN100016,15.19244121751479,12.929454675682953,1,9.428544350548616,0,0
TXN100017,389.26728331033087,1.2320373327460181,4,379.4255574978391,0,1
TXN100018,39.29904639127535,18.806837717163955,2,11.346876129849768,0,0
TXN100019,46.12540689545674,10.768035867717753,0,11.992067364280263,0,0
TXN100020,1286.7447695543094,0.0,6,597.9563804737464,0,1
TXN100021,22.22926278946605,11.882632519022206,2,1.1445235572778287,0,0
TXN100022,58.99988877253638,18.391225465391706,1,1.7803027224213273,0,0
TXN100023,93.38962032649646,11.608331301451676,2,2.270842781324342,0,0
TXN100024,97.46684879709105,13.474414648938946,1,21.215027660236988,0,0
TXN100025,605.8738657679235,0.0,9,482.1859668691423,0,1
TXN100026,159.7320417206595,19.84604126943184,0,2.565952018865849,0,0
TXN100027,65.23387783919297,20.553087189896104,3,5.6597870889718145,0,0
TXN100028,86.62997933165867,14.704369716774558,1,1.5686381556233044,0,0
TXN100029,37.24104676677833,12.134534468318279,0,3.2602556676450822,0,0
TXN100030,57.33212763900319,13.73128879722111,0,11.484361843580203,0,0
TXN100031,51.61657709026577,12.753686292124833,1,7.75463533526568,0,0
TXN100032,54.9934627757612,14.443410408292522,2,6.773438971417054,0,0
TXN100033,155.17617091286996,8.267562305760244,0,5.137192483053516,0,0
TXN100034,65.53827679811566,12.07411467149925,2,1.4785185243624122,0,0
TXN100035,26.746200549128446,11.994792485797827,3,11.914416419230044,0,0
TXN100036,145.6302409341605,4.530828756982121,1,4.340753120445284,1,0
TXN100037,9.764934010069698,15.450138971066636,1,8.669926954543236,0,0
TXN100038,237.30152849850316,19.791898428458204,2,12.2590210908558,0,0
TXN100039,127.36427778254398,16.337923281879608,2,10.954891450424293,0,0
TXN100040,140.45597046309766,19.96797332299444,2,6.051704373359572,0,0
TXN100041,29.566265979770034,12.61921380456131,2,3.5366388225642007,0,0
TXN100042,80.31312200096667,12.531100604083424,1,4.865472359745197,0,0
TXN100043,62.82989611928302,8.339372242056328,0,16.560986740258684,0,0
TXN100044,93.13546464277482,9.447047527644369,2,2.9633771626749827,0,0
TXN100045,93.14571869884898,19.18062307930769,1,8.735942131417069,1,0
TXN100046,56.54433946063763,6.795256066341683,0,11.994041813409346,0,0
TXN100047,35.957795496881836,12.026500056276763,2,8.837048016508271,0,0
TXN100048,34.58918032302515,11.010465595800529,1,2.0526348272922186,0,0
TXN100049,26.276310912778527,11.487725163913634,0,8.290641393213969,0,0
TXN100050,48.39302382865313,17.613603798907416,0,9.62381445505271,0,0
TXN100051,49.78104369267868,10.88107363577884,1,1.338754164789133,0,0
TXN100052,32.32762969851219,15.721193007163185,0,9.036406944881092,0,0
TXN100053,85.6932991986449,9.630712107705715,0,1.2030414251112878,0,0
TXN100054,115.40523943565582,17.90176622694649,1,2.264840495822136,1,0
TXN100055,44.284291137457785,7.268574647681699,2,5.569735843955325,0,0
TXN100056,51.27015010837254,17.84064043569854,2,8.647079525881113,1,0
TXN100057,231.6098495483972,11.87245762822818,1,6.761651182830699,0,0
TXN100058,67.21426042210015,10.416307495210834,1,3.639493741498999,0,0
TXN100059,55.25500553914516,16.72160540047948,1,7.402269279766785,0,0
TXN100060,82.26600682864257,14.148314982489582,1,4.146280741001859,0,0
TXN100061,234.94357627871682,16.09720740204745,0,3.539499701663231,0,0
TXN100062,48.05593228257934,20.361561586648502,0,10.892625596451634,0,0
TXN100063,51.13692296198003,15.709664664590111,1,5.959350103241383,0,0
TXN100064,40.75649070871576,12.989770078163216,1,1.8116351666346353,0,0
TXN100065,124.50384240641063,17.580030532400936,2,2.8202581107071505,0,0
TXN100066,58.723061363758774,8.462715457001142,2,8.062202421954792,0,0
TXN100067,154.00120807869405,16.177896691094276,2,10.838728289063253,0,0
TXN100068,71.58392227273039,8.20210780244338,1,6.750699513571412,0,0
TXN100069,150.15270572095173,14.877139971868699,2,12.506271443281609,0,0
TXN100070,29.308079809139194,10.724860092596973,1,2.461588732178163,0,0
TXN100071,48.74643722145035,14.408228044391176,1,8.829501097476811,0,0
TXN100072,44.49211027020325,11.502432392032112,3,2.411954964148992,0,0
TXN100073,28.31949602985704,16.00145683141519,2,3.2657553614647044,0,0
TXN100074,76.24398729629135,15.865478362076892,0,7.502450230285681,0,0
TXN100075,36.285990266661535,16.932759489502214,0,0.8838649479961647,0,0
TXN100076,40.75152771146432,11.009268376658646,4,3.1059793979245525,0,0
TXN100077,145.8575590673271,5.144393993936232,1,13.880023340569657,0,0
TXN100078,134.57632741421324,12.7963274541491,0,27.169343252046513,0,0
TXN100079,21.529664004624735,10.036377968184754,1,7.00633110229476,0,0
TXN100080,30.587841689700056,17.54489144824346,1,1.5895481412889567,0,0
TXN100081,134.99901583139325,12.337970488639257,5,0.5986543488663082,0,0
TXN100082,11.508697633183171,14.173029944103755,2,4.028520475661361,0,0
TXN100083,78.89994939630607,13.93850999575128,0,1.7551875049487708,0,0
TXN100084,11.7233871219321,14.315867353912932,1,23.785210636613762,0,0
TXN100085,205.20878793429247,13.410417702716636,0,4.110288996791055,0,0
TXN100086,99.47667364984552,15.538295488720477,3,5.007593445508021,0,0
TXN100087,52.2152671617968,18.96354591460144,0,18.498655393927134,0,0
TXN100088,166.26343898251466,9.028994998583961,2,6.712548338209226,0,0
TXN100089,45.5478011281849,13.223078242602993,2,1.8163959947724841,0,0
TXN100090,47.8391882299573,17.712591233668103,0,10.968392668602467,0,0
TXN100091,93.93890920382555,19.05971973792162,0,11.72414413791138,0,0
TXN100092,79.15991950508766,7.8520342866770365,0,7.0897613866077345,0,0
TXN100093,71.85660221369174,10.479206873303934,1,12.568348989531666,0,0
TXN100094,54.643408564165455,12.620009237329784,4,4.1447536882767775,0,0
TXN100095,43.069417460236394,13.345511278893744,0,19.347914693104592,1,0
TXN100096,102.16261703483536,15.76501863602117,1,4.045314488718674,0,0
TXN100097,227.323621639162,12.517539783504033,0,8.908217914816912,0,0
TXN100098,13.165097913952371,19.90954451814138,0,5.0980362005182,0,0
TXN100099,52.006557772454556,11.078888345899246,5,7.230538680877156,0,0
TXN100100,179.63108814598772,15.52059050032392,1,4.514852493195238,0,0
TXN100101,103.01146068416335,19.748949725248107,3,13.547874062609447,0,0
TXN100102,178.80328132367694,14.225822266169095,0,12.321699756467872,0,0
TXN100103,49.16195601149223,8.988227476077032,1,7.29818908134262,0,0
TXN100104,115.52358985086556,10.886666910582571,1,0.16408893529874877,0,0
TXN100105,86.57439630215637,6.979006522798444,0,12.042810277888272,0,0
TXN100106,113.95377117319464,17.990468308274004,0,11.76695122552185,0,0
TXN100107,29.493716330212575,15.593582518621611,1,12.640705590475815,0,0
TXN100108,83.18417238534443,6.407602986661369,1,12.282653812556678,0,0
TXN100109,116.56246301142087,12.76887272547893,1,4.366296601012078,0,0
TXN100110,14.635876729033313,14.175424145203781,1,5.1042063747480455,0,0
TXN100111,60.4832270386673,13.206914509156235,0,1.4787955184183545,0,0
TXN100112,72.82782480734173,18.648369819324465,3,7.2930363980854205,0,0
TXN100113,90.56215769503062,15.635597801916168,2,2.671133952474068,0,0
TXN100114,96.45838640889879,12.041521602924709,1,17.789724485821147,0,0
TXN100115,57.94042170743147,15.10600027295479,2,2.3456169665071993,0,0
TXN100116,38.30880395796695,15.018194019256105,2,2.85951103099773,0,0
TXN100117,120.12631978333013,16.58653382479371,1,5.18068687109198,0,0
TXN100118,33.08179395756379,9.463595686947784,1,2.3077990228030405,0,0
TXN100119,141.64193524549313,17.659449418652645,1,3.6199436677577683,1,0
TXN100120,101.96863991551318,16.07087945833209,1,2.057427381685349,0,0
TXN100121,77.20933479624208,20.075192839603865,2,3.2323700958319272,0,0
TXN100122,19.482489098523292,9.575352521548051,3,3.3049733657471814,0,0
TXN100123,56.330438520702685,15.950334159480148,2,4.216199699437515,0,0
TXN100124,126.20762687336615,13.82434562864318,1,1.946210478109836,0,0
TXN100125,154.32354548360854,13.59016676208674,0,0.9138026985549841,0,0
TXN100126,48.10008949625762,12.671096732315704,0,6.6723454340415875,0,0
TXN100127,19.795364619449096,3.3460418481739715,0,2.5678788611570185,0,0
TXN100128,21.396501708430172,17.680323124174436,2,5.833896099587948,0,0
TXN100129,7.164578398947993,14.77717241367809,0,15.762460196060083,0,0
TXN100130,27.78623442014225,17.45032113219075,1,11.531108089934454,0,0
TXN100131,91.35207756618387,9.72019216688373,1,16.895842703372736,0,0
TXN100132,69.39734229968253,13.042884163862627,0,6.200139079456704,1,0
TXN100133,81.1982849414975,9.701577907634048,0,8.835913920476813,0,0
TXN100134,56.96802121006699,9.00360454609806,0,7.835729637778349,0,0
TXN100135,67.5853413283821,18.116424332888144,1,6.389566766110254,0,0
TXN100136,24.28281420620509,9.913320143751873,0,19.572063518655565,0,0
TXN100137,87.25228835891534,10.089901598702532,3,5.12792337994815,0,0
TXN100138,29.12441720981957,15.852347264649074,0,7.100773019276778,0,0
TXN100139,127.03365303775115,15.027390973728444,2,1.516956868631005,0,0
TXN100140,25.47736900215867,12.975285372638073,3,4.845618028988374,0,0
TXN100141,43.462949516993675,12.733556357494216,3,9.978548286741596,0,0
TXN100142,99.12704614262738,15.224975109589314,1,4.727678711407461,0,0
TXN100143,121.51208362866241,20.65284045155446,1,12.613292316584028,0,0
TXN100144,73.07805493758254,0.9775598616177472,2,6.0197625399981085,0,0
TXN100145,76.96884581115297,22.87331373907939,0,17.807813717130202,0,0
TXN100146,21.69278059670097,12.412775944533518,1,13.609852265734908,0,0
TXN100147,78.9330694635475,7.6711369458964915,0,4.329418999747772,0,0
TXN100148,24.840413434964454,15.434273812825381,0,9.892356030215788,1,0
TXN100149,57.68603481757606,16.37117791574095,0,5.41051801793593,0,0
TXN100150,20.654816740036463,11.956087745935456,0,9.38342819552439,0,0
TXN100151,35.366455315689265,15.703330435621266,3,19.90589615325198,0,0
TXN100152,40.02729799845608,20.54060637606874,4,3.3387134031399475,0,0
TXN100153,94.02597659713216,14.016311100650853,4,5.91917613313603,0,0
TXN100154,96.3520822851895,12.36862550265726,1,5.229227936826227,0,0
TXN100155,104.8345884020926,10.66823601208144,1,5.139513676397517,0,0
TXN100156,154.333505335078,17.534014478818598,1,6.917468712176835,0,0
TXN100157,110.55167928279488,11.319637229499824,2,10.170031011729845,0,0
TXN100158,73.06438130771511,14.124868832587584,3,8.3715483457992,0,0
TXN100159,23.53343821527009,18.250547974507512,2,4.593602351015259,0,0
TXN100160,12.055126260836444,12.921137454900428,1,9.679319114451472,0,0
TXN100161,53.30503773814334,20.495686014448967,0,1.392909979343571,0,0
TXN100162,32.69959119616624,15.732727323140463,0,2.9292920583535036,0,0
TXN100163,58.608191418829996,8.22663822908778,0,8.974553737839997,0,0
TXN100164,26.5290445504548,12.831011825191052,0,17.035697587927285,0,0
TXN100165,95.2091627422092,15.980448716683478,1,9.23376415263075,0,0
TXN100166,54.79273998651539,18.630340209335372,0,4.783965620045809,0,0
TXN100167,21.914447764502796,16.604559808740742,3,2.281785777033262,0,0
TXN100168,4.211662987871814,15.11913868117562,0,2.0117720505318966,0,0
TXN100169,28.079355655527106,20.208269285629477,2,1.220247491857417,0,0
TXN100170,80.53644715357669,5.483564622376472,1,2.203990917125276,0,0
TXN100171,147.28434944578618,8.764415335153526,1,13.37491944184174,0,0
TXN100172,37.43656571357881,13.782699993714122,1,3.3217603237384763,0,0
TXN100173,59.12219381144038,16.20220727969809,0,4.763707155231394,0,0
TXN100174,26.228020745113337,9.059615021214729,2,18.099875202218637,0,0
TXN100175,156.51045101780204,17.183288148152204,1,6.3706828459613565,0,0
TXN100176,38.02140236745981,19.19066743441981,1,6.516046630463421,0,0
TXN100177,50.54645935592988,11.23028096487099,0,7.809217393220079,0,0
TXN100178,53.08982516178369,14.131788893123742,2,8.083239189220903,0,0
TXN100179,141.75388350882804,13.401999298659945,0,15.901314371542552,0,0
TXN100180,29.321099554223295,15.742574775384181,6,10.979093763480067,0,0
TXN100181,67.7313422731928,11.272017501797704,2,7.256311131646992,0,0
TXN100182,96.5739388516895,12.09298805399493,3,16.99235535867209,0,0
TXN100183,34.85051191788243,22.13973777791683,3,1.8367852358144217,0,0
TXN100184,143.95036499075647,12.922211101285264,2,9.548819362142044,1,0
TXN100185,63.71253244064316,17.586058614656146,0,5.065150094767037,0,0
TXN100186,27.175990875332975,19.409600205527013,0,6.961320027744007,0,0
TXN100187,104.7369027475505,17.387044161786864,1,7.260896779802222,0,0
TXN100188,43.628993879463245,6.753265861981056,1,8.229782634302175,0,0
TXN100189,126.44521051130872,7.352583732992339,2,9.40413549648446,0,0
TXN100190,14.731732011515408,13.168520250288816,2,5.859076091013609,0,0
TXN100191,145.20337172516696,18.63829872604893,0,1.2075035057752637,0,0
TXN100192,110.10426783162315,15.270933153321293,1,5.320834989124911,0,0
TXN100193,58.035189820393505,14.005223471616995,1,0.4859876051081019,0,0
TXN100194,81.07659079482204,15.635354471763144,3,5.16481363248714,0,0
TXN100195,11.703557897062197,12.031860772767761,2,2.992576756584864,0,0
TXN100196,234.91941862574848,17.162917354357372,2,13.841192806050191,0,0
TXN100197,27.630284845087388,15.919538192327732,0,6.535534268274471,0,0
TXN100198,21.849704092080536,9.872604623100928,1,20.826162060835834,0,0
TXN100199,57.09307944885471,12.995986994310066,3,6.230042471892673,0,0
TXN100200,145.81248884984092,6.013577337963388,1,5.175105060101359,0,0
TXN100201,58.95460465080856,14.52079497466287,2,3.7229574611235163,0,0
TXN100202,116.40956446515119,12.477472806127052,1,5.195404352244166,0,0
TXN100203,165.6974939239381,9.15588147939571,0,7.75257273305116,0,0
TXN100204,97.37966128012197,20.017341477961633,1,6.138196611800753,0,0
TXN100205,53.10351627781542,15.039025547749834,1,15.337456353497103,0,0
TXN100206,109.10610554284965,13.7577071876926,1,5.678536876380958,0,0
TXN100207,42.95223945814594,8.727882256488957,1,11.262733465549271,0,0
TXN100208,81.38635760303234,23.0,2,19.226380407384255,0,0
TXN100209,110.73942218597482,10.823417349650121,1,13.0666506678501,0,0
TXN100210,34.35329336659101,16.043380055077964,0,11.720708394005078,0,0
TXN100211,24.45488875353394,19.585445940711974,2,11.731315150571946,0,0
TXN100212,82.05156233184319,13.31288798788051,1,8.064980657954147,0,0
TXN100213,101.09851766529054,17.1607549751449,2,7.535100849988586,1,0
TXN100214,104.08335209633707,7.133802142519979,1,4.682674384905643,0,0
TXN100215,97.86970104526594,12.565313180853591,1,3.3613256049834943,0,0
TXN100216,25.83675793243244,10.62580363885867,4,0.27035514683266026,0,0
TXN100217,66.06581813747312,10.109439963711946,1,1.4206710530111062,0,0
TXN100218,43.82984698993472,9.147890848582614,2,8.762904732024488,0,0
TXN100219,56.51856311406837,13.219647110954677,2,6.3304912401653,0,0
TXN100220,38.98845928471595,15.8524510170583,2,17.840388482397557,0,0
TXN100221,131.71201355285365,17.63754661389544,2,6.254761992917977,0,0
TXN100222,77.38808364078393,13.319535487265808,0,0.9375000219178886,0,0
TXN100223,56.15778267074806,10.742575902580349,0,6.524052050777376,0,0
TXN100224,256.74582182995186,10.252711534554468,2,13.899612004049327,0,0
TXN100225,130.91456143419026,15.032860681959946,0,14.476637793667543,0,0
TXN100226,188.2495266303495,16.656582274629844,0,5.61204807260724,0,0
TXN100227,70.11259384114555,7.963714405761213,4,5.5818107266459265,0,0
TXN100228,48.99899245230056,12.109326798865913,1,2.4617091593617517,0,0
TXN100229,106.5922722208242,18.734239692303284,0,2.040610756534244,0,0
TXN100230,158.2557387689082,9.905946991296325,1,4.341690789884357,0,0
TXN100231,9.334640423780737,9.280184287533913,3,4.252654765860483,0,0
TXN100232,173.91801801523755,17.69039343795364,1,5.971045422833506,0,0
TXN100233,62.34246825002654,9.195468133859414,2,2.8988235966117593,0,0
TXN100234,46.062057559215866,17.795589218972815,1,0.9164449675255897,0,0
TXN100235,61.67906100246741,12.705089697019902,2,3.068299883163324,0,0
TXN100236,13.795665745401827,13.650806763720972,1,4.505153655901063,0,0
TXN100237,91.90395066612518,12.283104661775537,1,6.937816403720553,0,0
TXN100238,32.648831302635244,15.596251611289336,1,5.746288931494183,0,0
TXN100239,109.20381315218268,10.978914625732555,3,2.033099074638222,0,0
TXN100240,37.52059378306497,16.9286128927644,1,0.7510548756695761,0,0
TXN100241,52.252614250391105,16.968490730414043,3,8.743194663061029,0,0
TXN100242,248.05106575473215,12.049503324174575,0,17.413058874970208,0,0
TXN100243,66.51676902779803,8.071344635295613,3,10.905211394138023,0,0
TXN100244,101.10243593916955,19.29571066632272,0,0.7257793647929095,0,0
TXN100245,49.178857401999245,11.298638254255717,0,4.4199599485888115,0,0
TXN100246,59.336850515561494,18.187660082856667,1,14.006049953306515,0,0
TXN100247,70.48498775737728,11.610661628131504,2,0.08630674271523843,1,0
TXN100248,104.16258545600151,19.054092969189067,3,11.073195522124639,0,0
TXN100249,56.04719303233975,15.14362179847172,1,34.830904577529864,0,0
TXN100250,35.535297922123014,18.570987633042733,0,3.0421438829007097,0,0
TXN100251,76.58357691614671,16.961349089179574,1,0.2205084133115108,0,0
TXN100252,69.84686023679603,9.478826605708122,0,8.853897851090535,0,0
TXN100253,76.62651478331593,21.479875259314603,1,4.590853088456635,0,0
TXN100254,22.561524790379227,23.0,0,2.4355194967193237,0,0
TXN100255,28.29915631732884,17.396536933834863,0,8.588822780651768,0,0
TXN100256,22.852219355598553,15.176011432818777,3,7.363425936852,0,0
TXN100257,35.98612966108602,15.431302747294767,1,15.669228605032671,0,0
TXN100258,117.95963375198434,10.296071896966602,3,12.320620673156562,0,0
TXN100259,42.48261646451209,16.72145968676981,0,3.4091288045629815,0,0
TXN100260,54.69239421434707,10.609735335055607,1,9.010879095704594,1,0
TXN100261,71.97983636946218,13.905601699403887,1,8.896028339091004,0,0
TXN100262,39.40835719481714,22.33859161022231,1,4.8924641393210715,0,0
TXN100263,53.643234381973414,18.4282036493551,1,9.542490083669096,0,0
TXN100264,90.75844639137642,16.43828957937255,3,9.04543496094231,0,0
TXN100265,139.30202658279563,11.29913313459572,1,3.9910911721223323,0,0
TXN100266,132.80732233053502,12.644569439604712,3,8.354532760417246,0,0
TXN100267,105.22609358351588,10.486928149039986,2,4.9420939787320615,0,0
TXN100268,107.70133102098022,7.325509991339134,1,10.572560279147131,0,0
TXN100269,29.88134509793102,9.742375874966749,1,0.14899952923521004,0,0
TXN100270,143.78157057663861,23.0,3,5.260565776275024,0,0
TXN100271,163.32331980780998,16.294411192165306,1,1.041482682882954,0,0
TXN100272,1.4394987986155638,14.20168623821528,1,2.3083803003215593,0,0
TXN100273,63.47445248878651,9.436009427938863,0,5.622469612456477,0,0
TXN100274,25.336778208446447,13.676422503921808,2,4.3556576672630705,0,0
TXN100275,23.489271265012125,12.263765136761627,2,12.794826751935153,0,0
TXN100276,151.8441060334653,14.197595926079604,0,9.83609970305868,0,0
TXN100277,26.50343769639461,13.09028539881082,1,10.096085546924947,0,0
TXN100278,96.00865012674319,7.179381330698911,2,6.437781213693198,0,0
TXN100279,91.14754016133026,14.180444841054141,1,6.702467530029027,0,0
TXN100280,59.72862538826512,17.724733659356733,1,0.9534225788151772,0,0
TXN100281,60.725960989003056,18.778860899963153,1,0.19704256616010934,0,0
TXN100282,50.27208618894803,16.722424350478498,1,21.185426454702892,0,0
TXN100283,165.0098543201334,19.78126247720968,0,12.387287831406857,0,0
TXN100284,185.02657859833815,15.002216734546371,2,14.753247507554107,0,0
TXN100285,8.746474319172554,9.194548649553521,1,10.508102548071793,0,0
TXN100286,47.8367217447109,5.330535018342495,3,3.3964472539637964,0,0
TXN100287,17.929030140733236,13.101506010620744,2,6.093942980312384,0,0
TXN100288,107.07073328447379,11.16658184838558,1,7.325066095025807,0,0
TXN100289,31.30450396468454,14.905093211827383,0,14.89015817398203,0,0
TXN100290,71.59610844273439,15.844667059094046,1,3.3800299209800806,0,0
TXN100291,64.06821050754765,10.76494229029039,2,5.073537081780804,0,0
TXN100292,52.994666908654295,12.903967929624196,3,7.514382815685165,0,0
TXN100293,29.154560870489128,17.651241519308947,0,5.425151584098895,0,0
TXN100294,123.87682260315385,22.378980061415287,1,2.9519310576833266,0,0
TXN100295,34.513165973779735,17.42683472399308,2,0.6666422568654791,0,0
TXN100296,72.7819605667526,16.21679045003918,1,0.45889272214763466,0,0
TXN100297,71.42094281281334,23.0,3,3.872370091538173,0,0
TXN100298,72.98412465667526,13.26587391726177,0,4.092780611160861,0,0
TXN100299,7.453080986124354,23.0,0,8.496002842810983,0,0
TXN100300,82.11558924206999,14.223579969806439,4,12.299986505647807,1,0
TXN100301,140.79632458837307,10.747588988535123,0,1.6929438754017132,0,0
TXN100302,71.49340631498742,15.276164865365358,1,13.73676565076188,0,0
TXN100303,55.17963881015085,19.165969165405574,0,3.9147844509307332,0,0
TXN100304,98.49455062777251,18.494867447367,0,3.4385349437188326,0,0
TXN100305,65.17751918263515,10.582025513655086,3,3.981504025082008,0,0
TXN100306,49.39044572370882,11.431439046087352,1,3.7113010801363187,0,0
TXN100307,138.48254947302348,17.401469132581695,0,1.3123644721277385,0,0
TXN100308,71.46634738653516,12.766446521781713,2,7.311538137597474,0,0
TXN100309,46.39091011133853,15.078695281752358,1,24.721002049584552,0,0
TXN100310,82.23090726978249,13.473762391948569,0,5.521424067849149,0,0
TXN100311,106.36102504082693,19.56841617462801,0,2.83624731437669,0,0
TXN100312,52.448417572485326,13.256113567478822,2,3.8121844476363096,0,0
TXN100313,56.67836026902862,23.0,4,5.046620191853584,0,0
TXN100314,70.23947063754802,16.950314131332828,1,11.811389071450886,0,0
TXN100315,162.9030274633182,14.56554814933118,0,6.718239448009086,0,0
TXN100316,89.41196807988749,16.113099945499396,1,4.308980230591215,0,0
TXN100317,72.72089944099109,10.94999566813473,1,2.6554653242089055,1,0
TXN100318,74.26184161971037,9.336899345855684,5,7.397903528716329,0,0
TXN100319,77.64897100153345,13.8621674688089,2,30.332812182435784,0,0
TXN100320,19.269669899775796,12.328712228689756,1,10.60688485267401,0,0
TXN100321,71.14139885517122,6.4240656753462515,1,8.928340922393003,0,0
TXN100322,90.40217887330336,9.491383591064716,1,14.689182091248385,0,0
TXN100323,73.9770361759727,15.798755703931677,0,6.9682014898921505,0,0
TXN100324,19.605545593991252,18.63912486670019,0,5.064837122388407,0,0
TXN100325,70.77936244181421,12.076052066394595,1,17.34683746577664,0,0
TXN100326,19.67777675855798,14.09581801280974,3,11.485592467542373,1,0
TXN100327,76.26920362123664,14.297392287525218,3,14.04145276219127,0,0
TXN100328,153.02478634002313,20.533842779809216,0,12.968182033769766,0,0
TXN100329,57.812427390357904,13.90465588003061,1,13.383503798855985,0,0
TXN100330,70.03382671548574,22.125126892174116,1,1.853295146900622,0,0
TXN100331,262.8560532232608,11.459342189147026,1,3.5005951702087,0,0
TXN100332,50.715898783374314,12.853514605011705,1,5.815730770581485,1,0
TXN100333,34.43966029483833,13.51231846497987,1,4.037953689994659,0,0
TXN100334,127.00998857939982,12.061139014497842,1,5.407560388991647,1,0
TXN100335,145.1002885435596,14.32153858814303,1,0.3926833247493009,0,0
TXN100336,77.76577285066392,17.48079597726612,1,10.261439806538643,0,0
TXN100337,269.0826313106495,15.702348029108528,2,7.664054331020593,0,0
TXN100338,29.290761943979334,16.57159091928702,5,1.213600432024344,0,0
TXN100339,34.985460755293005,12.30796535836407,1,4.513517638903439,0,0
TXN100340,117.1045294353376,14.4059093430957,0,0.2858829323738619,0,0
TXN100341,127.15962580939424,14.459421811108365,1,4.895227586003253,0,0
TXN100342,18.22463180570185,13.980570493573472,3,13.590723632827613,0,0
TXN100343,19.397630813970533,16.129100781308065,0,15.69088741418321,0,0
TXN100344,115.85454270833515,16.104322391983615,1,15.233759146321873,0,0
TXN100345,112.74037690888564,18.72555547202338,0,2.6970705286853853,0,0
TXN100346,185.04687965737747,18.239259984248346,0,11.763459605318452,0,0
TXN100347,72.49526543346397,15.832341695679387,3,7.939192308962806,0,0
TXN100348,20.618891724305893,17.70857960423555,1,16.19782536514917,0,0
TXN100349,38.12802528911798,19.212736390871424,1,16.09522380438154,0,0
TXN100350,105.67589322397231,12.304594681053482,1,19.93190759905148,0,0
TXN100351,60.915044519913465,15.185198104983815,0,4.111526249153822,0,0
TXN100352,20.010177705675368,15.962541951131913,0,7.012669314239986,0,0
TXN100353,36.611977060249785,23.0,0,0.2726845852463539,0,0
TXN100354,266.94120821977083,14.257876926387706,0,19.26636730563051,0,0
TXN100355,48.592203739684166,11.616462778110378,0,2.965002911357757,0,0
TXN100356,138.93949811511925,14.30453562711586,1,5.197357494173605,0,0
TXN100357,49.973608585803184,11.755472568300435,3,10.86089916132777,0,0
TXN100358,97.38147784623769,11.436433226691255,2,5.719234285050535,1,0
TXN100359,87.43001426138058,8.088880899007673,1,10.792537257320106,0,0
TXN100360,47.26202429271481,13.913668744406275,2,2.971949320616279,0,0
TXN100361,205.07187704783797,9.186529056138475,1,25.297496590374173,0,0
TXN100362,28.084011517187623,15.870120717175745,2,3.1658861181507088,0,0
TXN100363,118.60105894409189,18.11543013733418,0,8.882305037630736,0,0
TXN100364,123.84423028837494,19.687453163331984,2,19.3698138542171,0,0
TXN100365,28.985801263753267,11.707600673843228,0,12.710109106802587,0,0
TXN100366,198.64789581211153,19.58438904485648,2,3.2694944253093174,0,0
TXN100367,14.110242745364419,14.723330820150471,2,2.5486886717524837,0,0
TXN100368,148.2920447942722,9.739237385214516,3,17.72208779015455,0,0
TXN100369,134.9398375160398,16.156046197628072,1,4.821686951803371,0,0
TXN100370,61.77911202259702,13.129846045944213,1,14.731908369703604,0,0
TXN100371,119.22272707737277,17.596208069775138,2,2.450726570379743,0,0
TXN100372,93.401963814465,14.077842777649789,1,7.134929476470344,0,0
TXN100373,94.49689635118264,17.37171969908831,0,3.7941707683479056,0,0
TXN100374,64.89298677824208,19.3938082433779,0,11.9724174472508,0,0
TXN100375,10.226333950140788,11.441714525349937,3,3.4128387245006664,0,0
TXN100376,133.04187251572299,22.41816941622595,0,1.914991497273957,0,0
TXN100377,51.90131690470476,10.148225096726987,1,5.8525177854218144,0,0
TXN100378,143.93265030259562,19.179136437828998,1,16.375504331035454,0,0
TXN100379,76.23775751621884,22.01014791470542,1,8.163479124921247,0,0
TXN100380,75.84324408763305,14.914534223939683,0,25.931215002536288,0,0
TXN100381,76.3048518964084,18.637889269673465,1,26.396768142499177,0,0
TXN100382,109.71793410824486,14.868927140525052,1,5.720590728296596,0,0
TXN100383,90.98515306653877,17.61094392782302,0,7.449049514048048,0,0
TXN100384,80.1170539421517,16.32499206164051,3,2.676790558270594,0,0
TXN100385,65.79830360431481,7.3541631988669245,1,2.7535239663809334,0,0
TXN100386,38.92980029299849,20.215462211349355,0,22.524963711711642,0,0
TXN100387,36.631080531339705,10.022435442777068,3,2.3123681264371974,0,0
TXN100388,175.09075376877675,9.941749264828804,3,7.196817955131762,0,0
TXN100389,57.660256370055514,11.42336025855099,1,26.768510771854483,0,0
TXN100390,76.1781867703331,18.078345670360754,0,0.8115019627545496,0,0
TXN100391,7.755260709182975,10.379289916359513,0,5.03785010956319,0,0
TXN100392,48.97797832836504,17.779791085943305,1,6.583006679606578,0,0
TXN100393,340.9955833661169,13.650409230817978,0,7.002404701586223,0,0
TXN100394,22.48115083721399,14.60694964767285,0,7.987308689604589,0,0
TXN100395,143.21445487974918,14.827656793929831,1,5.00203024469292,0,0
TXN100396,38.48063394035812,12.379629238888782,1,5.987248285753141,0,0
TXN100397,113.14878133983129,13.155553140989957,0,2.3544774115137868,0,0
TXN100398,100.30084053607729,9.62929672912841,1,3.0268249690577913,0,0
TXN100399,43.55889326419427,17.489740712090168,0,3.1178441803534223,0,0
TXN100400,211.14093211192545,11.064796716543944,2,2.9577977497730057,0,0
TXN100401,40.83933026565822,13.158075567288119,0,14.756394220303136,0,0
TXN100402,275.6615800056752,13.477588141977748,1,8.141247371285331,0,0
TXN100403,118.34323915860863,15.23252238023116,0,1.3899330230893214,0,0
TXN100404,136.28008260091067,23.0,3,2.2015356562923354,0,0
TXN100405,111.63110621266912,12.291872907032149,2,4.634883645002974,0,0
TXN100406,25.801297889775363,14.597865791772417,0,11.413147437495619,0,0
TXN100407,109.09747087756952,14.018947231575773,2,1.3675358959255228,0,0
TXN100408,98.3524315445903,17.210550835321165,1,10.746824957450114,0,0
TXN100409,150.92924084023974,16.71187204948963,3,14.330657601317947,0,0
TXN100410,132.3764891760076,13.074282506617282,1,1.931727263026556,0,0
TXN100411,91.11655703114653,11.154012396449437,0,4.797358749951804,0,0
TXN100412,8.27123071519744,10.9794956967337,1,7.054460410288091,0,0
TXN100413,12.813177089980023,23.0,1,8.623894995065912,0,0
TXN100414,1390.4976020271206,7.692695377667506,6,850.6215176621831,1,1
TXN100415,32.91672065804799,20.05595819934421,0,3.327430241478485,0,0
TXN100416,162.17235214092224,19.73287034851632,1,3.8398436592165104,0,0
TXN100417,159.86270262814173,12.37641663893801,1,5.589461717196588,0,0
TXN100418,88.76931634296936,9.726450557866592,0,13.96308357433547,0,0
TXN100419,72.53435877327948,10.630531095619425,1,20.821075184913866,0,0
TXN100420,122.74619247884536,14.613522387624212,0,1.8189830415548602,0,0
TXN100421,34.54481349868024,12.902349275371671,1,4.867389537042563,0,0
TXN100422,70.85170277112306,17.863988927531267,2,11.35725615535912,1,0
TXN100423,71.77806956127914,5.497543502922955,2,0.43296646006712153,0,0
TXN100424,61.16671003470394,15.773042278415677,1,0.8899222913211247,0,0
TXN100425,176.71334492507805,10.639502136190172,1,18.370005878553243,0,0
TXN100426,218.905904531477,10.490703219463036,2,7.241495314206041,0,0
TXN100427,114.62289684042517,12.26560479305727,2,11.741438663514073,0,0
TXN100428,93.47070438443852,14.879134384518386,0,7.37843323325829,0,0
TXN100429,52.05684383079515,10.641683844722973,1,2.2437268075431143,0,0
TXN100430,132.2880275573346,10.027383214293714,2,4.4182978531764165,0,0
TXN100431,86.82541435696521,18.83618787442329,0,4.856799365942403,0,0
TXN100432,82.35003016062205,15.90633521285836,1,3.1483392528094036,0,0
TXN100433,18.166492634867314,12.62693113515941,1,14.994725380713504,0,0
TXN100434,58.34076636416752,15.361073901568213,2,5.520963627040083,0,0
TXN100435,196.2209324216356,12.133325721771616,1,7.2489625434409986,0,0
TXN100436,72.94982870065782,13.584770928896466,0,14.661493037059783,0,0
TXN100437,96.24059622900262,11.574951803408588,1,8.977433258796232,0,0
TXN100438,97.99824703608692,13.183911783590338,0,7.25648303291763,0,0
TXN100439,70.4825745930752,12.231639781653323,3,1.4064295070394264,0,0
TXN100440,63.634671746407925,12.572104696091777,1,10.593024430052004,0,0
TXN100441,227.54649817166,9.151156259939793,1,5.478941888860934,0,0
TXN100442,88.88353961949034,5.971057268188389,1,25.476007418064093,0,0
TXN100443,95.53158490965659,10.826757147403065,1,8.424270911258336,0,0
TXN100444,271.2272362667807,5.875596629582702,1,18.306184807218497,0,0
TXN100445,29.411949710714957,11.335976672342973,3,10.854066745428593,0,0
TXN100446,63.74555208506722,17.720076162132592,0,1.9617306092796145,0,0
TXN100447,12.770768927429778,15.342021409212991,0,7.256945495805316,0,0
TXN100448,10.709069028316716,12.154604690834642,1,8.262344217459356,0,0
TXN100449,62.25585146344821,16.671123250656947,3,16.589724356289903,0,0
TXN100450,157.79068832303042,9.898149699827245,0,5.903209464365901,0,0
TXN100451,5.281185490745042,10.013751380182706,4,1.0738983835547524,0,0
TXN100452,26.17493918073622,18.737019229009746,1,0.7370394357184662,0,0
TXN100453,17.833319589807026,13.230898896344662,1,2.9620449056409646,0,0
TXN100454,80.73218125935449,15.627510914073394,2,8.993829282061927,0,0
TXN100455,6.950194361882911,11.49619351089609,0,9.946081456791358,0,0
TXN100456,33.06569216106267,11.53428194508274,0,27.67867038478621,0,0
TXN100457,285.36351323294366,11.14204351034615,2,0.8258512882340773,0,0
TXN100458,96.98143717593632,9.090793375310223,0,0.16480074978094444,0,0
TXN100459,63.92773666472167,10.017047555491972,0,11.010182666845951,0,0
TXN100460,40.650659173458116,12.780983862352326,2,10.635951277946718,0,0
TXN100461,82.62537446887826,10.542587708117916,0,0.9418569242334357,0,0
TXN100462,118.55954035664142,7.046751957902277,1,10.249098596495983,0,0
TXN100463,170.83281350358547,12.803347527232535,0,3.072271120693169,0,0
TXN100464,102.26119031150438,8.541520412408303,2,10.215003022421193,0,0
TXN100465,133.81545172784138,12.981767603075763,0,4.839048869048607,0,0
TXN100466,71.68859975466914,14.759880809092229,2,3.3453053302912306,0,0
TXN100467,18.7038791130742,10.27674322101924,2,5.896369325715428,0,0
TXN100468,228.82483453834453,15.090767821424107,1,11.184329360464025,0,0
TXN100469,27.14611975639386,16.589684668917084,1,7.230035159578108,0,0
TXN100470,63.84273609339318,16.197518744625487,3,15.037760243340788,0,0
TXN100471,46.615326464240184,14.409758862916618,1,12.6140947639076,0,0
TXN100472,20.91418632113879,10.723223776028075,0,28.377067667674645,0,0
TXN100473,3.7669176373726714,13.148284178741115,2,2.204361401236486,0,0
TXN100474,135.0939102736426,13.65420537834391,3,2.6280282138944555,0,0
TXN100475,46.71814733064405,16.38278218079978,1,3.9212371845057863,0,0
TXN100476,184.61122330593088,16.042801234785486,0,3.4541501977075257,0,0
TXN100477,92.85700327120782,16.900023386558203,1,2.683116589639845,0,0
TXN100478,14.612217988197596,5.637621818181421,1,11.659405734700794,0,0
TXN100479,65.76337551875045,19.501703475753214,0,16.425482150549914,0,0
TXN100480,57.53377338175278,8.356066249704403,0,0.8054231150509716,0,0
TXN100481,65.80281690004402,17.20142588224804,2,4.17536383612061,1,0
TXN100482,292.74360512985544,13.971192463060794,0,2.043847465868734,0,0
TXN100483,117.87735774651614,19.267122654285725,4,0.6126998189302145,0,0
TXN100484,17.4041931807958,9.662540236404281,2,20.378362091462527,0,0
TXN100485,98.40878670836275,15.707432937755677,0,20.67881176154839,0,0
TXN100486,52.9685584374042,14.6493094325742,3,7.84652068681692,0,0
TXN100487,10.10910628127882,11.479613170301176,1,14.473086772647925,0,0
TXN100488,76.95852910466472,12.996729952958436,1,6.121370762757044,0,0
TXN100489,55.957683831383946,20.3995583518319,1,7.495987371090271,0,0
TXN100490,216.1718191836535,14.350202582760849,1,20.09184243477604,1,0
TXN100491,194.57239037136358,14.504681910281127,0,5.161549857290018,0,0
TXN100492,7.738507033864998,13.425224247678052,1,11.421232736672671,0,0
TXN100493,33.99436524935876,14.9064856832337,1,6.836955054523807,0,0
TXN100494,138.86657313906062,15.67208431289197,0,6.864223908838333,0,0
TXN100495,60.064959127157806,9.677778691867204,1,3.807105064875815,0,0
TXN100496,48.63884261238631,19.788231446734798,1,5.120747373975414,0,0
TXN100497,6.191145894578928,13.577313298103741,0,0.748609722086584,0,0
TXN100498,78.23101900044105,5.522730343429025,1,5.20957831429504,0,0
TXN100499,66.75675408072541,14.615286423660002,2,6.656102778601634,0,0
TXN100500,217.43504376235745,13.88573049079678,0,7.007585012006262,0,0
TXN100501,49.84413034322624,4.480370674587663,0,3.807711203461912,0,0
TXN100502,50.62272777427269,12.467417975669063,1,5.257635796582455,0,0
TXN100503,34.9676828672385,13.872995335737986,2,1.3606615778024236,0,0
TXN100504,64.66792147467007,15.076386230988922,2,0.29480246365996343,0,0
TXN100505,37.496084695611906,17.960907968246616,0,2.962164408267922,0,0
TXN100506,23.438952652620202,13.521366039953232,0,16.6190006723992,0,0
TXN100507,1511.3556639219248,9.348480294609818,5,502.7592405462318,1,1
TXN100508,69.44944257600365,19.56673509360045,2,7.660229071221877,0,0
TXN100509,167.87072750513096,19.583100659882028,1,6.035614702318295,0,0
TXN100510,166.63540931348496,12.339685182253334,3,2.2619636451691645,0,0
TXN100511,24.220306698752356,7.896333203695654,1,4.108427240534721,0,0
TXN100512,88.82711330981641,16.340464705661777,3,4.129806887466394,0,0
TXN100513,80.01715034551047,14.606900134715842,1,0.42515535207674027,0,0
TXN100514,156.36214192959176,11.86527696362801,0,7.268713138216204,0,0
TXN100515,37.881244123672474,18.162946573503184,0,9.432296459921192,0,0
TXN100516,45.26605107968117,5.9921961238068775,1,3.070372949504251,0,0
TXN100517,166.80398073289726,13.268614273929977,0,14.144014310886847,0,0
TXN100518,102.13470019996748,14.965560511991127,3,26.66547618220738,0,0
TXN100519,31.2668933892582,13.001037111594576,1,4.021736054551791,0,0
TXN100520,57.839505214455905,18.490642738248944,1,1.794578614702398,0,0
TXN100521,91.01500537533329,13.98900763727183,2,2.653666964096291,0,0
TXN100522,45.76366320307435,21.135836715486292,2,12.070763937041475,0,0
TXN100523,274.6834467254663,12.664571527620605,1,13.273699294245397,0,0
TXN100524,37.08276309052288,11.580325601032609,1,1.4699717553283764,1,0
TXN100525,20.61839515536792,13.129729680611689,1,3.256505889361949,0,0
TXN100526,85.84864213168598,20.45643349262651,1,14.485301720603243,0,0
TXN100527,57.04101596577974,18.203216660869327,0,9.698567877082414,0,0
TXN100528,195.21175236920269,13.843360205316923,2,23.480931382305172,0,0
TXN100529,116.71250164599414,17.952526100906677,0,4.169603317995663,0,0
TXN100530,210.84689500801971,13.523142082330548,1,18.559836527880925,0,0
TXN100531,21.714360481754973,13.396147411355518,2,21.623130923476886,0,0
TXN100532,71.17311684386173,20.74570270374104,0,0.7663708131529003,0,0
TXN100533,497.5426730841244,1.512703015694358,7,531.2911910684332,1,1
TXN100534,98.58320583083173,16.77588602310186,1,3.869516673685691,0,0
TXN100535,42.81330359867261,15.950543469453024,2,14.389869693561604,0,0
TXN100536,60.832389819715694,14.860765951613699,0,5.42727122995545,0,0
TXN100537,90.63209078159062,10.94425606917251,3,6.507056095832269,0,0
TXN100538,6.084865828644635,7.685267615392701,2,13.388774017659744,0,0
TXN100539,106.52584707639369,15.919319232200564,2,27.007114955312723,0,0
TXN100540,38.74442891754934,16.096372610284796,1,11.409820079304875,0,0
TXN100541,127.93502155882558,22.056967172464685,2,8.805570969634992,0,0
TXN100542,29.022781264924294,12.57701233586468,0,17.394543822372825,0,0
TXN100543,32.831735369917595,11.940490428990087,1,3.6516342625998495,0,0
TXN100544,22.238949261743564,13.370934765400635,2,1.0595865982353292,0,0
TXN100545,53.88797922629224,8.980358001168593,3,17.41243388130207,0,0
TXN100546,89.85504373221927,17.764150945299495,1,4.9166700872856755,0,0
TXN100547,38.023285046795536,15.761184218993249,0,9.507703208570051,0,0
TXN100548,96.23307613730397,13.544048164589723,0,1.8180425229979178,0,0
TXN100549,53.8728856837709,17.8074072055251,1,3.6690823487151425,0,0
TXN100550,100.65951214482712,15.15548508969029,2,3.2851049462776665,0,0
TXN100551,53.682227991454496,12.90216143365194,4,5.049003215139108,0,0
TXN100552,46.10238360142661,10.332643611764485,1,11.099266232288201,0,0
TXN100553,82.67076475960911,7.752275729289032,1,3.0911206125581243,0,0
TXN100554,24.442224198864345,16.207219045789863,1,0.3985904902264127,0,0
TXN100555,47.10272764052447,16.547040979318574,1,11.250916217967264,0,0
TXN100556,56.164726193567475,12.30246007339354,0,19.209072128478738,0,0
TXN100557,66.39618665680297,17.68932034005904,0,30.672099310562206,0,0
TXN100558,23.962714980163106,13.312775627113973,2,6.317645993596596,0,0
TXN100559,72.4126012478414,13.955003271248819,1,28.07956412020333,0,0
TXN100560,777.8910714956506,0.0,8,462.59923919964746,1,1
TXN100561,62.114151449029784,13.799232751851598,4,5.283364471606075,0,0
TXN100562,172.01264839070433,14.877241256488324,1,3.1542904133143264,0,0
TXN100563,521.5521855551426,3.391168950000271,7,232.47880630058128,1,1
TXN100564,993.1452902493311,0.0,3,318.9703071590221,1,1
TXN100565,277.32304402452496,21.220689917507528,1,8.395807918520758,0,0
TXN100566,105.16558996347592,13.79015614349478,1,9.940001254265386,0,0
TXN100567,49.452511519303,14.609887529795447,1,32.55376744901597,0,0
TXN100568,100.53781112845402,14.962656352228175,0,6.45977219114795,0,0
TXN100569,24.193770084370275,21.758245429794798,1,9.58158974793228,0,0
TXN100570,143.2483347373923,15.521132502363413,2,9.194246089248786,0,0
TXN100571,32.599815679228406,10.16255333497374,2,3.9588915549199095,0,0
TXN100572,79.23454700314136,18.469299255062207,1,4.855615895307355,0,0
TXN100573,79.19419874269997,13.083248355286901,1,4.787264932335199,0,0
TXN100574,59.563296348646716,19.7421201050315,0,41.96071660026025,0,0
TXN100575,137.49942412874302,16.474350455541874,1,3.2661839344677683,0,0
TXN100576,1425.9249577687954,4.632827168071525,4,180.45404824961363,1,1
TXN100577,94.01857904376126,11.241453489965204,2,12.55093775123094,0,0
TXN100578,117.45135260957944,18.851483028547143,1,14.964181167329745,0,0
TXN100579,148.2280985791417,12.254086191656258,0,5.961483056281578,0,0
TXN100580,40.24079026384471,10.590510247942113,1,4.546760556518085,0,0
TXN100581,36.0057548589046,18.837769439745713,1,11.289340935979359,0,0
TXN100582,78.09486627339646,15.022818032963626,1,3.5594964301278105,1,0
TXN100583,129.0064002735407,7.553160302297408,1,10.426068764620968,0,0
TXN100584,47.95517948699853,19.376541459674918,1,4.152246186877154,0,0
TXN100585,48.31250582091515,20.11160854751232,1,7.103319417345021,0,0
TXN100586,35.69578704658329,15.21762543853133,1,5.498399235591345,0,0
TXN100587,156.6623598012274,16.96199804571414,1,6.394263673265942,0,0
TXN100588,44.32837925001024,11.579926587053807,2,8.137989113418216,0,0
TXN100589,71.39653929998131,23.0,1,0.7069611190640075,0,0
TXN100590,53.83451785190688,19.62158467182862,1,3.8086319925633667,0,0
TXN100591,125.72461496918785,18.965785186932063,0,6.690673370888046,0,0
TXN100592,26.353562206651763,12.648265840325937,2,0.48154867335126367,0,0
TXN100593,434.04079209746294,7.530978467902631,3,636.9345344781564,0,1
TXN100594,122.00690163222602,23.0,0,9.703740554108533,0,0
TXN100595,33.5937449384562,18.426426150694613,1,9.445003508249494,0,0
TXN100596,154.49463544399774,16.607638530417525,1,7.43773518014698,0,0
TXN100597,83.67269081999797,18.41710191086475,2,6.365607442323733,0,0
TXN100598,59.464446230141455,11.63825345103955,0,9.62056827765993,0,0
TXN100599,72.53151757392527,21.97907803652124,1,5.735651748116739,0,0
TXN100600,84.23635820392994,15.065880354545921,0,3.2749118352227136,0,0
TXN100601,63.75404199679775,15.240823802047474,1,12.10960215146509,0,0
TXN100602,194.6831416019989,18.191432553547486,0,34.58865099885545,0,0
TXN100603,37.46185772056097,20.51318154780719,0,6.741923279480241,0,0
TXN100604,50.69836127793991,12.816940477880358,3,17.677377108830267,0,0
TXN100605,34.893788606913844,16.18385238211648,2,16.766971209045867,0,0
TXN100606,23.09208881715483,10.029746671905777,2,4.173546708316687,0,0
TXN100607,25.717164600443372,13.355471897900523,0,9.94267696781492,0,0
TXN100608,177.43284478718783,7.447798543897642,2,1.3907372295866418,0,0
TXN100609,21.433684874214883,23.0,1,6.948756260864931,0,0
TXN100610,78.69179585249162,18.07499718575182,0,11.418373743431156,0,0
TXN100611,83.66983195951553,21.7672728816058,0,2.236797515053361,0,0
TXN100612,55.1082794975091,12.90355121906151,0,9.45845685410853,0,0
TXN100613,140.20831809527067,13.870915093540226,2,7.80045427297676,0,0
TXN100614,114.85080424903558,14.604831542230038,1,5.608657582549768,1,0
TXN100615,151.00182901373526,14.767000217712361,0,7.254191766152555,0,0
TXN100616,56.34227624807414,15.49120102665067,0,3.403437927020991,0,0
TXN100617,28.41232664972096,10.76390087374779,2,8.494656083538597,0,0
TXN100618,14.709279456935544,14.258352910954583,0,3.2766304886304702,0,0
TXN100619,171.2215464071851,8.620332781745013,3,1.7200185072929806,0,0
TXN100620,27.414568995531443,12.79426605875796,4,3.223391703892661,0,0
TXN100621,50.2827709551691,12.493426587780373,2,3.362829620477272,0,0
TXN100622,86.91479769138788,7.913328288438621,3,2.456019718371992,0,0
TXN100623,28.852552322304415,17.40973550288496,0,1.5690227081927366,0,0
TXN100624,104.97829507157364,11.233964196432968,5,19.401136952086976,0,0
TXN100625,61.33803513980887,14.397307842394298,0,10.53921789992803,0,0
TXN100626,62.65966112964811,15.195069139883326,2,3.200495008345108,0,0
TXN100627,19.23816131903316,13.794528843993039,3,2.1252708458612757,0,0
TXN100628,132.44148981047854,15.406173099602832,0,9.053474103632476,0,0
TXN100629,32.32672950431556,17.546182457374897,1,24.500300599818257,0,0
TXN100630,26.8148391641217,18.31273105484135,1,12.117346882959367,0,0
TXN100631,36.11166862685219,13.636791584927177,0,10.608178473781045,0,0
TXN100632,97.18719096002884,18.944814889105274,1,0.55672322844224,0,0
TXN100633,61.64245281083932,16.221229884887812,0,4.400980018639835,0,0
TXN100634,147.04367213292022,18.93371902693086,1,1.1624523113726086,0,0
TXN100635,168.40676628924007,16.65678104084041,2,6.3585449192813375,0,0
TXN100636,80.21025945105897,14.737352264817005,2,2.0764985264083617,0,0
TXN100637,74.8401636496258,13.407371461328518,1,30.76988185200284,0,0
TXN100638,62.54269468066978,17.350525241964768,1,5.93752021655011,1,0
TXN100639,53.13819167898747,9.01153648651982,0,10.427669842244072,0,0
TXN100640,173.5687650265949,15.467414875774928,0,2.756876364529253,0,0
TXN100641,31.568436608433586,15.558141763824171,0,18.723289903322843,1,0
TXN100642,36.444515182618126,13.491133596519507,3,8.36433384841136,0,0
TXN100643,13.516550776628026,4.138634762127614,2,23.37591176145992,0,0
TXN100644,83.95387301459357,8.602382647007467,0,9.111112110299054,0,0
TXN100645,110.49443348479099,16.0772917519134,3,3.607402955156755,0,0
TXN100646,20.088291528961186,21.454779188827448,0,4.874939742586668,0,0
TXN100647,14.229203728387311,19.10302164535635,3,0.5859702509182279,0,0
TXN100648,84.50196785169432,19.12052192324,1,1.9757315723071687,0,0
TXN100649,11.345457160790591,13.343458888341619,1,2.6287553325423025,0,0
TXN100650,47.58899431310923,19.887339094002105,3,9.641342513248471,0,0
TXN100651,141.87628260157243,13.005369080180179,1,0.7554076528442735,0,0
TXN100652,109.83873452776419,16.119552066236256,2,7.565947226953788,0,0
TXN100653,14.193266534726334,17.07979659748565,4,2.7864212070627126,1,0
TXN100654,800.1442249219879,1.2935075270361196,3,902.2558924920627,1,1
TXN100655,170.72769895813502,14.402174893927915,0,10.091172820615299,0,0
TXN100656,94.71978871164177,15.10217346074581,0,10.329278665485646,0,0
TXN100657,140.38484291324227,8.945395569406005,4,13.394617758893027,0,0
TXN100658,83.1111524415596,17.044127083579827,1,3.8239169577559915,0,0
TXN100659,43.19843627746798,14.552217521044676,0,3.124223284813397,0,0
TXN100660,30.82398631213568,3.757032173985694,1,5.461242943630897,0,0
TXN100661,22.414162184292618,11.484945150121947,1,11.219943222247062,0,0
TXN100662,104.97902260475794,18.40156875981459,2,2.5281543198228453,0,0
TXN100663,115.76096525953268,13.638246444541139,2,11.488598667643746,0,0
TXN100664,31.754319845001405,11.772844782164654,0,1.801902830888479,0,0
TXN100665,3.7929416179245647,10.63756350005125,2,4.366920363465455,0,0
TXN100666,73.96640184245703,17.408751788443148,2,2.896140221473453,0,0
TXN100667,108.06645275514485,8.364499459193745,2,10.217586835547717,0,0
TXN100668,57.78240019092533,16.597923199759727,0,8.370659216175207,0,0
TXN100669,31.515804697786344,17.260662241193874,0,9.542826317804225,0,0
TXN100670,29.56264001510856,14.50639514636884,3,1.6301319869660555,0,0
TXN100671,15.411982495690832,6.8658802389374385,2,14.21461316401765,0,0
TXN100672,84.17690529441579,12.92239086351026,0,5.146010021784756,0,0
TXN100673,164.811386111414,14.239415608506308,0,13.188872584495623,0,0
TXN100674,53.529705018728144,12.970599202127675,2,3.777562387113666,0,0
TXN100675,49.82180821249224,23.0,3,1.8611535061807856,0,0
TXN100676,14.465221374718736,15.620326684419423,3,1.4243914491325913,0,0
TXN100677,189.11918559254894,9.463568353140348,2,7.607875855530573,0,0
TXN100678,107.66774285319264,11.026451923849589,1,13.490018893687626,0,0
TXN100679,45.908579069703215,21.674706791628367,2,3.855700413782474,0,0
TXN100680,33.4413090960206,10.889175492676113,1,0.3964808954558894,0,0
TXN100681,123.09654366495685,12.161570978118313,1,1.4766261778275673,0,0
TXN100682,46.76104292221508,10.672866192568721,1,2.758815678493373,0,0
TXN100683,55.959230260566486,9.220629676287874,2,18.628487074503376,0,0
TXN100684,62.97467604332346,12.871256169105964,0,6.991747441313177,0,0
TXN100685,92.17647366719063,18.41538269081085,0,10.38627381951047,0,0
TXN100686,43.04853697377155,13.780039962400481,2,6.587691250780806,0,0
TXN100687,166.49967310905055,12.919628608968393,3,2.1173751852779628,0,0
TXN100688,21.42251635848468,16.57411145486264,1,1.7608226978736454,0,0
TXN100689,19.758776793348765,20.654127947534835,1,5.85470733388833,0,0
TXN100690,182.9798330689328,9.833485679761157,0,0.5846078328920353,0,0
TXN100691,44.50981179607653,12.789152382732105,3,11.832688777171956,0,0
TXN100692,40.53146912976282,12.336556585023432,2,11.00427335030535,0,0
TXN100693,88.04325675814597,15.641438213164154,1,8.608025242398064,0,0
TXN100694,157.28446687202745,16.05296244540285,1,8.502958401527515,0,0
TXN100695,132.95351146531314,18.00440036738366,3,8.418962760527116,1,0
TXN100696,45.78631993569053,14.72729939615027,3,10.12322511079633,0,0
TXN100697,12.022244707723559,9.267880163059106,0,10.026419768985837,0,0
TXN100698,11.718194517827936,10.06810264800982,4,0.6194096200636451,0,0
TXN100699,336.0147559710984,12.137854782697618,4,9.66215531781602,0,0
TXN100700,54.09034288265047,11.495969941257906,0,12.194987394214651,0,0
TXN100701,65.15921767512955,19.397728202253052,2,13.480926069971279,0,0
TXN100702,222.94950405189843,22.252718803571927,2,10.005426181639878,0,0
TXN100703,70.29292314382329,14.276416155415447,2,4.818063601797048,0,0
TXN100704,57.8876374926866,14.181612491408632,1,9.854326846073082,0,0
TXN100705,49.79745908617666,16.125969520423162,2,9.184058125305114,1,0
TXN100706,54.30369590051808,10.380741065522528,2,12.535515989911906,0,0
TXN100707,222.24519445357743,16.828998958961115,2,7.439461824442098,0,0
TXN100708,82.83527424777019,18.575580682290536,2,8.493897744855246,0,0
TXN100709,87.39684112961999,14.029336273718078,5,1.3027937316603653,0,0
TXN100710,256.6069421169795,8.81898650726453,2,9.975601478049477,0,0
TXN100711,22.865669659893335,13.778297022424463,0,3.7037245051853116,0,0
TXN100712,129.6533768005613,8.436040989033128,1,9.720384256043197,0,0
TXN100713,74.29528333244548,17.92662253847529,1,1.5890250385736948,0,0
TXN100714,106.11494592860879,14.331937794309178,2,7.965879760810871,0,0
TXN100715,155.13632360210522,16.93085905770956,0,8.289485965456928,0,0
TXN100716,16.97683046864273,11.820766168842157,1,20.324054423819117,0,0
TXN100717,30.178339344781016,10.431201940424017,0,9.706623757617896,0,0
TXN100718,41.344198809046745,9.451279404811483,1,5.518604025024313,0,0
TXN100719,2.2645410852718757,14.322099631993728,1,5.1093735783961405,0,0
TXN100720,61.134116169992836,7.702456769497242,1,1.5728379806292763,0,0
TXN100721,61.1838197028236,14.14225975983697,3,13.441371942845633,0,0
TXN100722,88.15146052792825,12.881166711434249,2,6.1031606699298955,0,0
TXN100723,41.67218344012692,15.459021180766523,2,7.8582456662818325,0,0
TXN100724,477.43580427225396,2.3620787897893654,5,400.4235956057234,0,1
TXN100725,56.7588883920362,16.359121672055384,1,7.640444530592738,0,0
TXN100726,109.04682192955774,10.893121683362025,1,6.362198304111416,0,0
TXN100727,20.294769163628356,17.205865701658137,0,5.374948405810509,0,0
TXN100728,104.25189208248639,13.80115282305768,2,5.457324406733306,0,0
TXN100729,100.20695804459999,15.867758776312055,1,3.8948035606911597,0,0
TXN100730,714.6494616225333,0.0,4,333.13151322916553,0,1
TXN100731,39.60850256324016,15.479789464786508,3,5.167568155311218,0,0
TXN100732,33.63477030650723,7.26593230155742,1,26.28567868508201,0,0
TXN100733,7.820513355683321,11.677325926021002,0,13.985612947500293,0,0
TXN100734,50.33558038928038,20.318526979234438,3,4.018908983994361,0,0
TXN100735,122.34049449564307,13.854165068191344,2,1.1720991151517903,0,0
TXN100736,74.22554776432163,13.962573359326049,3,1.4214709006010715,0,0
TXN100737,190.69142810943072,11.23094548463552,3,33.00045773212946,0,0
TXN100738,40.88190163725889,13.181989774309832,0,5.803813459669424,0,0
TXN100739,88.72708638415246,11.728596061366325,1,7.7286158829709635,0,0
TXN100740,47.146778159280956,18.252612315952334,1,2.2638547570409475,0,0
TXN100741,87.84615665434603,11.784155719062856,0,5.965806815751396,0,0
TXN100742,19.034319508374267,19.475526123601572,0,5.568372247093545,0,0
TXN100743,88.72480105475773,13.593120491580159,2,6.199733187870468,0,0
TXN100744,55.04929350107779,10.733060302996869,1,9.45423005800376,0,0
TXN100745,92.60043149250865,18.710391320635665,0,2.7288892026968408,0,0
TXN100746,50.44854920184206,16.429565707193287,0,1.8212452576567078,0,0
TXN100747,51.24577120887655,9.453734033168693,0,4.901482927585357,0,0
TXN100748,75.02137265636935,16.378523552541093,1,2.551688757944838,0,0
TXN100749,21.352149312961892,15.31126663068462,0,7.400966457501314,0,0
TXN100750,54.5942015647377,9.025282211516553,1,16.708416165187188,0,0
TXN100751,146.30944648700324,15.227552882772235,2,9.254005522691042,0,0
TXN100752,35.61561972434855,18.59767002647888,3,5.06025471214416,0,0
TXN100753,40.78559398842802,20.035031200923267,1,8.498649710626582,0,0
TXN100754,156.202765116556,19.750475649357647,3,2.4032202223457486,0,0
TXN100755,84.5112312475529,13.02115758323929,2,5.428234364182175,0,0
TXN100756,171.27560167930386,17.628846938335965,0,3.005724418620434,0,0
TXN100757,74.2733762312231,8.724406306648591,1,3.3535972827830385,0,0
TXN100758,96.25623823711848,16.334392190124852,0,9.291065988535717,0,0
TXN100759,27.149264476355313,16.038623473800065,5,8.910746544447,0,0
TXN100760,120.48210575994582,17.439945792190144,2,8.385530003619273,0,0
TXN100761,33.36095076407393,12.701826726576034,0,4.0828254217508935,0,0
TXN100762,275.9777718661163,16.048426327620387,0,10.027714978479896,0,0
TXN100763,57.90059110713983,18.685052904610203,0,1.620185600305083,0,0
TXN100764,29.87816367631916,8.541068066410562,1,5.818791079888268,1,0
TXN100765,57.19428291188991,10.608007634467665,1,6.292133057672025,0,0
TXN100766,76.32934114051571,18.49594058455111,0,4.577770869253001,1,0
TXN100767,91.44589675618519,16.57376982236539,2,14.536403583824908,0,0
TXN100768,138.72966814600062,14.512234859057463,1,3.028610532417442,0,0
TXN100769,21.83442080372483,10.142685384119133,1,10.211971434387282,0,0
TXN100770,41.43511872951868,20.80253686542582,2,4.340883521763779,0,0
TXN100771,14.763479575246786,15.130570956520632,2,5.643340558230124,0,0
TXN100772,39.98847759614246,11.410387166733257,3,4.502306744081353,0,0
TXN100773,58.99708669021541,12.572706906120452,3,1.4873972522113315,0,0
TXN100774,3.4672404154376046,12.520711244139441,0,4.312031637886556,1,0
TXN100775,29.306571091253065,9.448403490717116,1,17.35082525616355,0,0
TXN100776,84.88989677477961,14.497085553807151,1,4.666148439773585,0,0
TXN100777,97.49875693894074,16.62668583258531,0,3.520245586035577,0,0
TXN100778,148.71367615173057,10.934088809067841,0,11.62841226021368,0,0
TXN100779,54.1489726854807,8.496053236688375,1,7.75631523064758,1,0
TXN100780,16.230307365394207,20.233911219561286,0,3.7320064824902355,0,0
TXN100781,33.43873453576704,9.969424244687914,1,5.771583065130102,0,0
TXN100782,280.6840624450361,1.9368930473993715,8,1162.3484031105181,1,1
TXN100783,48.44777082051574,7.9395292770517205,0,5.348230468580302,0,0
TXN100784,923.1648624841129,0.4760157774709004,3,610.2820086343888,0,1
TXN100785,9.636280728943742,19.117309290879284,5,8.641220839719935,0,0
TXN100786,268.7187257497236,13.365957548739345,1,11.830465559245178,0,0
TXN100787,80.592202214578,13.804517880688541,1,2.2645393513223793,0,0
TXN100788,51.65286965561528,16.57450507664353,2,5.376650542761078,0,0
TXN100789,92.1787428818884,6.565738173967704,1,6.544671149532913,0,0
TXN100790,30.844032255936607,10.439942486018158,0,11.52402018260875,0,0
TXN100791,43.90384052925144,4.757394641303824,1,0.798028010813723,0,0
TXN100792,25.69017020835322,11.216619548535073,0,7.969738014368383,0,0
TXN100793,45.54444400959377,14.335531444625262,0,1.1788061530786862,0,0
TXN100794,8.704864209754986,8.865682307067193,1,13.22919577594954,0,0
TXN100795,129.63720960531916,10.56016263850418,1,3.5955602179704726,0,0
TXN100796,16.899222572192816,13.030766811835894,1,8.862306834639266,0,0
TXN100797,22.419569561352247,13.437593161330506,5,14.92737700464787,0,0
TXN100798,58.55349685637244,16.238544985217857,0,15.001986386269706,0,0
TXN100799,30.08063146824214,21.187280270042585,1,1.9992019055267805,0,0
TXN100800,44.46180312000113,13.738677187610154,1,4.731372590072933,0,0
TXN100801,8.248045553938246,16.77463853833933,1,2.780477240440172,0,0
TXN100802,29.938283647045523,16.377458528004006,0,8.574024983746892,0,0
TXN100803,31.002406189974895,17.127510374149164,2,1.1011065925498138,0,0
TXN100804,92.10606362696933,19.50200055404057,0,14.736729654059513,0,0
TXN100805,47.10881341520644,18.70130050530653,4,8.685146165762777,0,0
TXN100806,176.97147563843407,17.08093269529494,1,1.1462091735883901,0,0
TXN100807,56.88934066073611,16.447356990694846,0,5.89417410070355,0,0
TXN100808,70.41119094958253,8.790718480782399,1,4.872031946429353,0,0
TXN100809,108.23036057784643,15.416335528113612,0,1.0661281120031147,0,0
TXN100810,122.41582953417566,21.14551074002256,2,9.370387163765454,0,0
TXN100811,101.58567879188689,7.013157250635215,1,6.807004088508544,0,0
TXN100812,39.73755478681611,16.748203321728962,1,12.85318783361795,0,0
TXN100813,11.653021870384135,10.605515534341984,1,4.02266200779599,0,0
TXN100814,56.023350561355144,19.19869630773248,2,22.26377921703547,0,0
TXN100815,207.87182299877105,9.594279801912968,0,1.5743795335928157,0,0
TXN100816,215.90409954734037,16.592784332424742,2,4.069074145473598,0,0
TXN100817,69.48689441545115,9.589469525951445,1,3.9858135605857283,0,0
TXN100818,135.7804567007865,13.256565800672155,1,0.3561956374140674,0,0
TXN100819,24.676388220684423,16.581328195426728,2,4.0735299916536585,0,0
TXN100820,45.80157972026172,19.43193111380731,1,3.62453675066529,0,0
TXN100821,153.92035958850627,10.484144629691723,0,8.378638427190968,0,0
TXN100822,67.91374924811254,20.199807831315074,1,2.68937251663631,0,0
TXN100823,94.90998944460232,16.871448619782196,1,21.522378255264208,0,0
TXN100824,27.822011184359017,21.636560911784244,1,3.549808465773829,0,0
TXN100825,41.199824359133245,15.154559788466921,2,3.535935224450909,0,0
TXN100826,62.72030614930783,14.546412303091515,0,4.787100157770491,0,0
TXN100827,125.28096588109712,10.72735571809935,0,4.065080451100862,0,0
TXN100828,87.25821871343847,13.868437787670693,2,7.6332262194488765,0,0
TXN100829,268.2812472814198,0.5987693430150967,7,251.62036959652713,1,1
TXN100830,42.1485095867005,11.308595608702436,4,11.787558543842252,0,0
TXN100831,12.438622767520355,13.05889225422627,3,1.2373846573336735,0,0
TXN100832,93.06668819582723,7.536154332302313,1,4.236483862546285,0,0
TXN100833,49.87698370086227,15.050037594521873,3,0.4841885182688056,0,0
TXN100834,68.28971088846066,18.796825069633655,1,4.637549867812975,0,0
TXN100835,103.15320506033217,13.356064107688418,0,16.709799922961885,0,0
TXN100836,80.03556917127571,14.726432307202161,2,2.0990647123090724,0,0
TXN100837,109.89572577108271,11.178447285392853,0,11.310553623193513,0,0
TXN100838,62.26702228126796,11.472181405894434,1,14.5766769813014,0,0
TXN100839,345.48125642366676,15.952697587295491,0,6.894178937114567,1,0
TXN100840,39.400781135186875,14.532232320878647,2,1.751685122578398,0,0
TXN100841,65.3002360394393,16.794617754155517,1,9.489710711122319,0,0
TXN100842,39.07372269404241,14.169723978332556,1,1.782745183443887,0,0
TXN100843,13.319955278882269,12.464415104496545,2,8.373966204845555,0,0
TXN100844,72.2159764148806,13.601974955806485,1,3.782758862767191,0,0
TXN100845,112.16858920778643,17.873194493600113,3,6.232056458346062,0,0
TXN100846,42.17721714150603,22.94193692611576,2,2.98711907827127,0,0
TXN100847,1457.7698361874393,2.741075359495986,3,198.90674014759088,1,1
TXN100848,147.17726657553618,12.439336356397318,0,16.9196835609132,0,0
TXN100849,87.63051551962049,17.717403219507972,0,9.547583574055643,0,0
TXN100850,67.04875272434587,15.94914986756584,1,2.7274216741546327,0,0
TXN100851,161.16568625029558,14.324256618378488,1,3.412663957078894,0,0
TXN100852,52.176620798130095,13.863052731027535,2,5.437859026526547,0,0
TXN100853,26.984625040615132,6.077775715574345,2,6.1311402500008025,0,0
TXN100854,34.21205026951079,19.294071736720063,1,5.814012480223349,0,0
TXN100855,20.41690380407744,14.578044365662006,2,1.2072203801265928,0,0
TXN100856,210.5000125580435,12.596512082538693,0,7.459460332709256,0,0
TXN100857,57.93139265997919,13.117246490679097,0,1.0094543190403191,0,0
TXN100858,64.46012274191405,13.176757769674845,1,4.159432451885737,0,0
TXN100859,17.077466670523837,20.326634815520613,1,0.2202753094561572,0,0
TXN100860,122.82502488695013,21.13359892368473,2,28.974456010790924,0,0
TXN100861,136.8750370908365,18.270137000431383,0,19.953729961845358,0,0
TXN100862,65.06335210554526,12.060626233353052,0,0.5471299373131032,0,0
TXN100863,64.14231322632597,21.77172168468559,2,10.708302460659754,0,0
TXN100864,120.50579481947503,14.835896405868029,1,3.514457273462335,0,0
TXN100865,28.206095556178326,5.811584933807156,0,12.002463781643556,0,0
TXN100866,25.05386954269184,8.771286098564277,1,1.7438523586003805,0,0
TXN100867,50.56685495519751,15.96165614072053,2,14.278883893709583,0,0
TXN100868,12.58014919555168,12.549202497846077,0,5.948939420692686,1,0
TXN100869,67.06707149391752,10.796318656412915,0,4.183731619125331,1,0
TXN100870,21.680629013771238,20.44216877791694,0,22.67178322143654,1,0
TXN100871,58.7576285088004,7.367197405603687,3,4.7651039530924235,0,0
TXN100872,31.61679813948599,22.276792518227964,2,12.456104384716113,0,0
TXN100873,201.6300536227202,10.931172546286676,3,2.6857158518001767,1,0
TXN100874,189.2806891195195,9.869359562196909,1,2.8948311185542797,0,0
TXN100875,121.9496636809245,17.124195421821888,2,7.028999433652746,0,0
TXN100876,82.79947811807061,17.739758968518018,3,1.9971207935540813,0,0
TXN100877,86.79844985452323,15.156405539718593,2,6.086244172444473,0,0
TXN100878,171.378284908793,12.04502318813634,0,1.095333125610001,0,0
TXN100879,54.7756574710563,16.739230081787902,1,10.9099674992786,0,0
TXN100880,97.80170371130814,7.236214034952864,0,17.908064247164425,0,0
TXN100881,37.70039985871697,23.0,2,1.4207571664495515,0,0
TXN100882,53.666406833941465,11.604484637430765,2,0.7648666059164687,0,0
TXN100883,162.20988116462178,18.147083148164015,2,8.887734653303811,0,0
TXN100884,109.26425666031088,11.924816702382952,2,3.3906948187122596,0,0
TXN100885,149.1253552266127,13.265506787591113,1,13.100460992650731,0,0
TXN100886,146.5647881442445,16.669867862136154,1,1.097513876966052,0,0
TXN100887,26.824740123092432,17.147400984472505,2,8.384823030997309,0,0
TXN100888,49.67562397795987,8.70857754443043,2,1.6204412646120259,0,0
TXN100889,75.51229045393741,13.78101162072809,2,15.995309538282719,0,0
TXN100890,49.766657132490266,18.317553376425362,2,6.703776849958118,0,0
TXN100891,18.027302789387512,11.717582631033839,2,5.225228435715384,0,0
TXN100892,29.02191424744236,5.378581283886302,2,2.651133572074709,0,0
TXN100893,94.07564070396452,13.13086042354629,0,4.532960583415399,0,0
TXN100894,43.357973068027135,10.6630410243842,2,12.839576104181077,0,0
TXN100895,6.87859327763896,12.148216531903842,1,8.406665533831282,0,0
TXN100896,204.89777211874528,15.024842425618724,1,6.204043780576568,0,0
TXN100897,33.97211717165647,22.414719554923145,1,2.345645551797458,0,0
TXN100898,7.651548374748376,15.352979097747777,1,5.355857628161107,0,0
TXN100899,95.4571022241729,13.803802330690655,1,0.7545240412228976,0,0
TXN100900,128.9984882514686,15.054053963245074,1,12.138368289115808,0,0
TXN100901,174.22962797843456,11.113586716553469,2,1.1743769526489087,0,0
TXN100902,49.90970407198708,14.946152312828067,1,9.11277049037936,0,0
TXN100903,21.264101755703955,13.827205006406288,1,10.33600576255978,0,0
TXN100904,92.13381505274994,12.917471980502702,0,15.73209965765572,0,0
TXN100905,50.24159140124748,17.7685063673248,0,0.5669023839598004,0,0
TXN100906,42.09876918277432,19.13913521643108,3,8.508908373443875,0,0
TXN100907,18.358019797747442,9.459423952146356,1,1.3811992319949007,0,0
TXN100908,41.515492449415746,12.320607220416193,0,3.1228168219059196,0,0
TXN100909,58.03339350265584,13.197305239498508,2,8.904535257005728,0,0
TXN100910,130.09462295065478,12.785853456764723,0,1.7154488006693582,0,0
TXN100911,137.3443939347174,19.875007595788112,1,2.0331590412908436,0,0
TXN100912,53.814539549584346,15.914406946993028,2,11.760197919085996,0,0
TXN100913,46.86227724360166,23.0,0,5.313234249628234,0,0
TXN100914,37.765640916894135,7.842856006858972,0,6.088160127478005,0,0
TXN100915,159.305734891013,13.512034304906656,1,3.5321518756806434,0,0
TXN100916,139.8822024156884,10.522619761277472,0,1.3909710736382697,0,0
TXN100917,36.901202614318855,11.325106366944793,1,19.120711504681182,0,0
TXN100918,148.59298287617813,13.438876837156373,1,5.0258562185236455,0,0
TXN100919,89.66764341399974,15.799146277726972,0,6.914237155940096,0,0
TXN100920,53.77570924497293,12.100467019643629,2,7.7156274787615295,0,0
TXN100921,85.83754368870055,17.13064350872084,0,1.2082847674828314,0,0
TXN100922,44.078293401598636,15.126683480118233,0,8.22398641035031,0,0
TXN100923,88.8787841451399,14.640668847652329,1,18.577343569245667,0,0
TXN100924,96.69102000787237,10.77086090014867,1,7.568406414583354,0,0
TXN100925,117.2665192069633,12.291520705750017,2,6.04164085720944,0,0
TXN100926,13.54802308267341,11.862707675525467,0,15.492742047383325,0,0
TXN100927,74.48674030201043,17.86590065554117,1,1.803125276412859,0,0
TXN100928,21.191223171638672,23.0,1,11.604859577026986,0,0
TXN100929,24.110523046521102,14.279163284402422,1,6.326329243319617,0,0
TXN100930,42.89058079502361,14.04198143038412,1,24.013638249316944,0,0
TXN100931,27.835941215433678,13.789513966108169,0,7.380390731101798,0,0
TXN100932,1338.3898260588824,1.1394349825456334,7,465.3322085412583,1,1
TXN100933,32.238121433642625,13.477555675074937,1,0.4926553110322413,0,0
TXN100934,25.84127619805787,17.721782529681636,3,5.346915562517209,0,0
TXN100935,76.21881631127599,14.04646512747368,1,5.787078081742418,0,0
TXN100936,15.913918484733466,9.86088748916521,1,1.8665612387087052,0,0
TXN100937,166.45893679495282,10.042362991917102,1,6.414685293649446,0,0
TXN100938,65.43182459726057,11.159462315189504,1,6.309374762269602,0,0
TXN100939,26.138986787524473,13.656282902249188,2,7.37847514375598,0,0
TXN100940,55.25586386361803,12.244038520541936,2,5.2007136005079815,0,0
TXN100941,95.17492842150473,9.430738432506898,4,6.808970659580218,0,0
TXN100942,111.30837035924199,7.454518622546648,2,8.114036174816448,0,0
TXN100943,88.08815829920461,13.966552576646572,4,1.0459311416169121,0,0
TXN100944,35.27179773362715,13.124486203694056,1,4.753115281816333,0,0
TXN100945,183.5076639408174,12.240165346244194,1,13.063678212685023,0,0
TXN100946,164.76816125447883,9.59746853682433,1,26.124336155191692,0,0
TXN100947,24.43690760031309,8.626114093057277,0,11.517842343880034,0,0
TXN100948,183.28645217634235,15.797327417518327,0,3.456195077398374,0,0
TXN100949,124.15694651481596,3.0482880365041414,1,7.978925921657822,0,0
TXN100950,14.13467844338343,17.16986342673809,1,14.226868849153234,0,0
TXN100951,189.25408626941373,8.742417442937416,1,5.943559958718911,0,0
TXN100952,52.86028889285244,15.944573873109894,1,24.350820802439106,0,0
TXN100953,34.96782467445704,11.851696282268433,1,3.8136971537854287,0,0
TXN100954,49.56289802796902,10.260695145342218,0,6.825589985895862,0,0
TXN100955,19.624116699780416,10.253278371321883,1,3.9595099440133916,0,0
TXN100956,81.77877635234204,13.467030732028164,0,3.596931666899046,1,0
TXN100957,72.7719609571539,17.85601524577799,1,1.143114140146671,0,0
TXN100958,71.91268941891002,14.768647335714897,0,12.84420112809081,0,0
TXN100959,80.59681713565652,21.72253351067522,0,5.238836128820974,0,0
TXN100960,76.26437464474489,21.339024956502016,0,6.6557712649161065,0,0
TXN100961,60.582428747833134,14.326164617644908,1,6.66596688762763,0,0
TXN100962,51.19880068682424,20.850421571176092,2,2.0813674851968016,0,0
TXN100963,12.961836281858325,15.140203279230285,0,4.97725015385257,0,0
TXN100964,40.592095333654925,11.539910765013852,0,38.95925306452713,0,0
TXN100965,51.97115620435858,10.285298142144724,2,3.8886056837248133,0,0
TXN100966,42.506096814815336,9.480875923675491,2,2.7333800528698444,0,0
TXN100967,155.85146118851858,3.099815834978461,1,7.294116548827532,0,0
TXN100968,207.0948197871688,16.054516314929334,3,9.964432411312304,0,0
TXN100969,53.646542283905845,13.6548633631917,2,2.725342776792312,0,0
TXN100970,72.92472666787658,17.040434681541043,0,4.563933405568545,0,0
TXN100971,20.437372714931747,14.040178802562288,2,2.620998084027155,0,0
TXN100972,54.33909733462322,16.43249159664831,1,21.12240592084026,0,0
TXN100973,33.91745415172429,13.855102379623268,2,1.8747438021100262,0,0
TXN100974,66.54364816953242,14.205375296940785,2,2.2748068159178825,0,0
TXN100975,54.41964075655377,17.25338973978719,0,3.9395056760885243,0,0
TXN100976,50.92561345773159,18.382448148506818,0,8.391976739408339,0,0
TXN100977,143.19505333125983,16.12242403914321,1,21.179257199452785,0,0
TXN100978,58.28208539244017,8.530042406510892,2,10.604979134335004,0,0
TXN100979,78.8080073134764,10.327586135829643,4,10.271106793708203,0,0
TXN100980,126.28840516465314,16.862450441040274,4,10.029237241802418,0,0
TXN100981,63.04323637883037,14.643204583416397,2,6.945568746340431,0,0
TXN100982,163.09205004811557,6.555836091773187,1,9.620498256782904,0,0
TXN100983,211.14972417769275,16.338946133299146,0,5.968868985471162,0,0
TXN100984,133.47383017605299,11.964893921866352,1,22.261798521472183,0,0
TXN100985,55.26748603256997,13.356152387219975,2,4.706035493561217,0,0
TXN100986,55.87008019246031,7.865203162954311,0,1.7003093220754428,0,0
TXN100987,139.90949061020842,13.773967231415998,0,2.4116733729529094,0,0
TXN100988,92.9074410194703,13.170992438341624,2,7.664236559034718,0,0
TXN100989,38.820222355636666,5.497055793915184,1,5.52730264785197,0,0
TXN100990,304.5601352481249,1.8473963352030478,6,500.5856196740255,1,1
TXN100991,439.46603622261324,5.411569783483575,7,53.852122093496156,1,1
TXN100992,62.510499936663905,12.695240423517198,0,6.936979462103943,0,0
TXN100993,61.21746115815054,11.107713973369364,1,8.14071468187718,0,0
TXN100994,67.90662914884523,15.849968471599926,1,15.607247600171528,0,0
TXN100995,44.83730836061234,14.587221034312016,2,7.770690846158043,0,0
TXN100996,80.7820842162418,15.75084944149641,1,6.600869959816916,0,0
TXN100997,27.14714714048728,11.590937106033966,1,3.045229320961565,0,0
TXN100998,38.372666151611476,12.326773345189578,2,6.968610856611285,0,0
TXN100999,42.52160256645922,15.70038611572401,2,0.8554336847550792,0,0
TXN101000,72.9129261417074,16.06895096207866,1,17.63475859112934,0,0
TXN101001,197.0135760265353,16.40462097998025,1,4.270409308942002,0,0
TXN101002,137.517582132556,16.2438593064481,2,3.415465730571312,0,0
TXN101003,63.843872044523984,15.768147753472956,1,2.773127406234195,0,0
TXN101004,21.311072261939078,8.947223901483124,2,6.985409413239752,0,0
TXN101005,48.711797003224035,17.794133739399967,0,5.0276254577976855,0,0
TXN101006,72.8396410477301,12.369925430115954,2,8.724391909840694,0,0
TXN101007,19.039046383551252,15.883413963588849,3,1.4725281223126976,0,0
TXN101008,55.30378265160853,21.051783282142488,1,18.703156148059843,0,0
TXN101009,75.98697135727244,12.031516741006563,2,32.75822917465467,0,0
TXN101010,90.1485664974296,10.588082848031386,0,1.5615179882242924,0,0
TXN101011,265.96696179083074,9.25822756762709,4,4.382674895079421,0,0
TXN101012,116.75838947534628,12.855821324977265,1,4.92277592318623,0,0
TXN101013,72.01604342863773,18.95178680665297,0,4.731590356602396,0,0
TXN101014,108.51830965455622,12.658734567874287,2,4.311571201989043,0,0
TXN101015,72.13722321911544,14.386863871894986,0,4.680244777960675,0,0
TXN101016,36.93883509034477,16.017547805850757,0,8.345252681327622,0,0
TXN101017,37.96963177318751,12.229611839316146,0,17.297744984676488,0,0
TXN101018,16.030969329706895,17.21943454442269,3,12.833403542031526,0,0
TXN101019,52.35899859742135,12.377020385805096,3,9.377604878958119,0,0
TXN101020,24.440832997848506,11.412694285673346,1,3.893252120626773,0,0
TXN101021,95.19867893590559,19.084035674189458,2,2.8262254294953855,0,0
TXN101022,83.57567899252003,13.534180085137601,0,14.61464707020242,0,0
TXN101023,82.75329471619422,12.371565570446565,1,5.644505219864645,0,0
TXN101024,124.8410985124817,13.95228092023062,0,3.593784859890949,0,0
TXN101025,18.691552871401196,14.024594993235914,1,14.005852871790603,1,0
TXN101026,204.31472032922056,12.596345579668405,0,1.1228772830046831,1,0
TXN101027,43.59621654418408,11.494258479891819,3,4.530577072999336,0,0
TXN101028,143.42215331685344,20.32479518143365,0,2.386124026604662,0,0
TXN101029,63.48902447367521,15.446329761518458,0,5.75725275913044,0,0
TXN101030,110.62438441530874,14.413532823202562,0,3.3690920299917035,0,0
TXN101031,80.99165875481054,15.2262038717553,2,6.489686995133843,0,0
TXN101032,59.92248377566889,15.968793762425689,4,11.450061132545589,0,0
TXN101033,46.96782820751772,8.113408209477411,0,7.287874432883426,0,0
TXN101034,87.16131981341945,12.814159767327807,1,3.764618960639114,0,0
TXN101035,207.08452264062825,10.5189938075305,0,10.689271492734056,0,0
TXN101036,35.997540783258955,12.125840420391228,0,2.974673034342341,0,0
TXN101037,202.00496217871464,13.782537244426146,1,5.88813392799456,0,0
TXN101038,143.69819533534994,20.11031670342025,2,1.9959824402484307,0,0
TXN101039,64.15566432257535,11.577329309167087,0,8.622510820744084,0,0
TXN101040,123.92824594339763,16.845064736418692,1,2.365163243931451,0,0
TXN101041,15.716746182677308,16.235881693147366,0,0.5242900493684057,0,0
TXN101042,215.36984630115728,12.95013073277174,0,1.8231886323713336,0,0
TXN101043,698.8988020931135,5.5374840849082165,10,372.0008607082965,1,1
TXN101044,57.89895930323158,19.388435883389143,2,2.012584803911369,0,0
TXN101045,72.92923129124274,12.439383355553037,2,2.8911317156451095,0,0
TXN101046,73.61049206338949,14.488234257822345,0,1.928085528476688,0,0
TXN101047,44.97517125517747,11.229599661664023,5,1.8909486322085602,0,0
TXN101048,121.80377972265529,15.845473263668087,1,21.11812042146671,0,0
TXN101049,44.543233712716976,7.736731961501789,0,10.478573501569002,0,0
TXN101050,63.63899349497309,8.952928060801916,1,17.85578313133765,0,0
TXN101051,107.40947690718833,17.328913280201636,0,4.543377307555624,0,0
TXN101052,11.154692242009636,18.63115639532257,3,7.519535697950755,0,0
TXN101053,96.67000509236198,11.319750001256825,1,14.94631435019844,0,0
TXN101054,44.31692182903126,17.092479892368992,2,27.602919797852902,0,0
TXN101055,260.8201608237701,9.245894690814097,0,8.190864206685058,0,0
TXN101056,40.835205434231966,9.08151394848213,1,8.808557180134065,0,0
TXN101057,92.9933657514171,13.349727961228764,0,4.310047527036145,0,0
TXN101058,82.75338225367348,23.0,0,0.3373370749078919,0,0
TXN101059,73.88891565068565,7.825861023928695,3,1.5298073685184674,0,0
TXN101060,55.643031450917334,11.43531516655453,2,13.786632248823361,0,0
TXN101061,136.11131806490928,14.60335001475403,0,11.94911878240466,0,0
TXN101062,34.35860006431085,16.102889124395343,2,23.689771256092445,0,0
TXN101063,110.90133057558164,15.350559147266795,1,8.381015422598399,1,0
TXN101064,87.36981378093009,20.716898370852142,1,2.412845666475119,0,0
TXN101065,48.8769326250179,9.505735670919622,0,10.059156528303665,0,0
TXN101066,8.921742292916424,14.668642601947385,0,7.7934803045340715,0,0
TXN101067,28.327696093759688,6.058138136337919,2,8.339729405993877,0,0
TXN101068,46.98825186466186,12.566660861889636,1,1.4802528993956168,0,0
TXN101069,17.465797511993706,15.61179833309182,0,13.38058785072537,0,0
TXN101070,151.8233541666542,9.072210577961929,2,3.1906631981312956,0,0
TXN101071,145.0931129394938,8.788348505408699,1,9.98245428933953,0,0
TXN101072,177.94763618252065,18.339706143975533,0,14.176658466463072,0,0
TXN101073,14.380338875580762,9.227708013051782,0,9.317964371723642,0,0
TXN101074,126.77376967347642,18.638812073626305,4,16.6199817541245,0,0
TXN101075,18.034477996166263,15.866355268008636,1,21.120275480808473,1,0
TXN101076,44.12540843964553,16.504440870230148,1,6.054716680008145,0,0
TXN101077,156.81340771128066,20.795972806402844,0,12.479767581847355,0,0
TXN101078,120.29413005310018,18.917069924066077,1,9.608222586288607,0,0
TXN101079,15.30730817492091,9.02906689506426,0,7.384173441910711,0,0
TXN101080,141.0814679820851,15.350829159551868,0,20.805986252714433,0,0
TXN101081,15.942871734958658,12.805028429625704,1,5.647919519526234,0,0
TXN101082,54.45845005499908,16.924962069300292,3,9.589696968863928,0,0
TXN101083,44.17311686216239,15.10752429104897,1,15.346348877039874,0,0
TXN101084,127.30523518570097,9.744069191492425,0,8.29801694135885,0,0
TXN101085,146.0987043189415,9.215894384485237,1,2.2217051380717754,0,0
TXN101086,143.40886129817113,13.708866976697294,1,4.9865290933722415,1,0
TXN101087,69.74518681243904,14.746586379386821,2,4.899856352377786,0,0
TXN101088,123.99851102160915,17.720461895110866,0,12.633358616416213,0,0
TXN101089,101.40883050560923,23.0,1,13.27442480000194,0,0
TXN101090,149.7941019878362,18.045847963539106,1,6.4853470836113605,0,0
TXN101091,28.79807739010068,20.11195356064757,3,7.9468253649184035,0,0
TXN101092,133.74283962594896,13.484562434237686,0,5.785580622483061,0,0
TXN101093,41.35105966486336,6.924283663738664,1,17.56523359056468,0,0
TXN101094,25.34140019911257,11.096256586788334,1,5.451565603209161,0,0
TXN101095,16.883932370802363,18.41437510895232,1,7.314671998903899,0,0
TXN101096,113.54128387522448,7.8060586597560055,1,13.121462661104879,0,0
TXN101097,73.95346945108328,11.411073598431503,1,12.884986532559497,0,0
TXN101098,61.470268684836775,13.797113787493602,3,8.35247641754609,0,0
TXN101099,53.07922863052021,12.401232212871836,0,8.62073054093534,0,0
TXN101100,12.248284134736451,16.776924920229106,0,4.009863242305165,0,0
TXN101101,94.5955516350299,8.533187449845535,1,0.7965587039948218,0,0
TXN101102,16.776948730309204,21.20130604824675,0,3.412222902347021,0,0
TXN101103,33.77766268717369,17.168217928590188,1,7.871371980335175,1,0
TXN101104,42.14230309184881,18.395970870594926,0,4.576002890884112,0,0
TXN101105,53.54999601042243,10.59723124918068,1,13.954561931645946,0,0
TXN101106,143.39393340774367,16.030908385355,0,8.227497112296843,0,0
TXN101107,35.69726858473088,2.2103477360493002,0,15.174802812119205,0,0
TXN101108,60.71994905660466,14.783484950302128,1,1.4927288952174371,0,0
TXN101109,166.3739567527548,19.43813423420307,2,2.2944630574895606,0,0
TXN101110,105.26494593592221,13.504390503830642,1,3.5852945721591363,0,0
TXN101111,56.333307064728004,14.82590412767108,2,0.6818365352660837,0,0
TXN101112,86.40387067203356,19.945425013088926,2,7.746292164208828,0,0
TXN101113,109.46864330000216,15.739622118328079,0,11.623548036127204,0,0
TXN101114,165.61101930676733,8.099892194244083,1,26.227959324468877,0,0
TXN101115,63.51761962551851,23.0,0,8.348710249539467,0,0
TXN101116,64.50017005843519,9.70435821501646,0,3.344310417797321,0,0
TXN101117,124.82978772958384,13.77705082444582,1,5.625438504525246,0,0
TXN101118,1096.3274051886162,0.9946313160233387,3,241.87268877562303,1,1
TXN101119,24.716937762854915,13.776368422896724,1,2.109276836355937,0,0
TXN101120,6.94492623727607,17.741245929346558,1,2.984994307178803,0,0
TXN101121,54.855041665622196,12.121450542738682,1,22.86908108149442,0,0
TXN101122,88.28237420040472,3.4193144199648735,2,1.8880857263171484,0,0
TXN101123,110.94314024274034,11.411880847932178,4,7.8459268515363645,0,0
TXN101124,21.53360613342723,19.12900904805901,0,4.112960565242043,1,0
TXN101125,190.86913629217992,13.598181059468162,1,1.4671308690901064,0,0
TXN101126,71.14275166084586,18.35191668265984,1,1.5518474359367818,0,0
TXN101127,51.2966880174513,11.14522611259728,2,2.821366536796096,0,0
TXN101128,85.69494329896784,14.910299363282293,1,4.898556104856231,0,0
TXN101129,97.63706422350155,12.385458753562895,2,6.57759482488542,0,0
TXN101130,140.71897220962572,11.763043950323093,2,3.9832310464421283,0,0
TXN101131,18.728978074176716,15.425385064606145,1,10.643339701203283,0,0
TXN101132,13.852720826646124,10.074936379941553,0,19.717282866996143,0,0
TXN101133,56.67894841901116,16.5044899920027,4,6.36081727352679,0,0
TXN101134,29.817730304622444,10.284665302939931,0,6.647385310471998,1,0
TXN101135,31.150228358790592,22.407091526057453,2,9.496742682436702,0,0
TXN101136,164.23528091288114,12.898778636355292,3,4.487327627020765,1,0
TXN101137,65.76560216405235,14.107311416758312,1,9.405333861005987,0,0
TXN101138,70.45772690977405,8.760493529840403,1,12.363733803460404,0,0
TXN101139,126.74084947904164,11.652311122995568,1,9.582115257363672,0,0
TXN101140,22.087614273968654,12.007351721728526,1,2.312768416572808,0,0
TXN101141,70.81935565681904,13.734780284839877,2,5.9927903159149025,0,0
TXN101142,96.56501538294789,17.778553265479154,1,19.80962806821276,0,0
TXN101143,42.95847481615921,14.0953799891101,0,25.229316288950507,0,0
TXN101144,105.08469270576002,11.566543297068398,0,11.576422818612158,0,0
TXN101145,79.33408167632278,16.41600720879267,0,18.456400317100826,0,0
TXN101146,36.65563318106517,11.051470218094043,4,8.384223838246674,0,0
TXN101147,236.74383669602645,17.83559891766904,1,4.585941766841379,0,0
TXN101148,90.5919017706072,11.19195205651997,0,9.49702400679229,1,0
TXN101149,23.59518353420914,4.916880821983609,1,1.030946532355053,0,0
TXN101150,51.077206602949026,12.383975927758355,1,9.149731037796588,0,0
TXN101151,61.357180667603316,18.471374920624964,1,1.7653650144260862,0,0
TXN101152,37.55962568461562,12.581118994036997,2,6.225121958447152,0,0
TXN101153,122.22281279213252,15.050118068592392,1,2.4673680756347736,0,0
TXN101154,42.89087343786967,9.993411428030473,3,4.89474586726584,0,0
TXN101155,69.83385475791673,11.735388575336646,2,16.41582375886649,1,0
TXN101156,44.71625780593422,10.777783845925637,4,3.9011819688646683,0,0
TXN101157,31.312555196891484,15.526080453931518,1,1.9906378441786736,0,0
TXN101158,63.106069637600626,20.325234549829908,3,4.977616148351683,0,0
TXN101159,9.219413414793554,17.404217150900713,0,3.714848677809343,0,0
TXN101160,48.772159261946726,13.882696774610405,0,4.34711353267415,0,0
TXN101161,90.812877276899,9.477363344787038,0,5.329737980161933,0,0
TXN101162,43.16275850253007,8.36959977740277,2,14.806382591576018,0,0
TXN101163,119.45511526798663,16.25751468376508,2,16.80102896169742,0,0
TXN101164,108.8577563517538,14.214261129027593,0,7.681054718076722,0,0
TXN101165,128.76332420589878,12.906043505029686,0,7.8768823841428395,0,0
TXN101166,24.827033502542974,12.780703394185704,2,12.44026698877569,0,0
TXN101167,150.55062387776957,15.589018720134979,3,4.648882007157215,0,0
TXN101168,49.5538728139912,13.775936643337278,0,5.348422219566917,0,0
TXN101169,106.45928018445547,13.453070334150004,1,2.788660366711021,0,0
TXN101170,33.57092928533899,17.6611055089822,0,6.866492810684287,0,0
TXN101171,51.653580198929816,8.914625145607658,0,9.684137930238172,0,0
TXN101172,41.96280988576363,12.671635298920403,4,4.188427492881034,0,0
TXN101173,68.86830814989085,11.986492323201292,3,8.05652275294668,0,0
TXN101174,72.93871093224514,11.487214701772027,1,6.5291504975466905,0,0
TXN101175,153.36932088209528,13.562966667870498,1,3.4364003005329913,0,0
TXN101176,146.13090254001992,10.981980965780604,1,6.304651322766347,0,0
TXN101177,1071.4715443231692,0.0,9,869.4344502821441,1,1
TXN101178,70.31419713216354,11.687154896080068,3,1.9880465731380568,0,0
TXN101179,65.1200441274028,16.911400683202377,3,6.209888810789917,0,0
TXN101180,200.56712557957604,10.464882846322702,3,1.834648802999622,0,0
TXN101181,62.74716487659934,14.47201348909398,2,0.47445280797531286,0,0
TXN101182,201.25704572178387,15.062343364584436,2,1.7918638357719774,0,0
TXN101183,45.73256496388275,14.278344481066851,2,2.1563986819585392,1,0
TXN101184,164.52972198508542,5.402368236850162,0,7.019108982283687,0,0
TXN101185,11.308183284707882,12.635686977951272,1,1.7469707550406033,0,0
TXN101186,22.63214633132669,10.05430062415657,2,3.2098969188623045,0,0
TXN101187,47.767881657200405,14.51134506615142,3,10.481491443256148,0,0
TXN101188,19.251772504561142,12.206944595127057,0,10.812190856068703,0,0
TXN101189,33.3404323869628,15.828337427873038,1,3.9672155585431628,0,0
TXN101190,39.216407112495354,10.958310413948816,0,7.063792412790898,0,0
TXN101191,115.44828418778499,8.883821046626554,3,14.25307839510831,0,0
TXN101192,38.024215016883865,18.233141607069673,2,3.407748363076149,0,0
TXN101193,139.25314942687223,15.240778176203793,3,8.464898519591147,0,0
TXN101194,140.65526941315412,11.9778526725726,0,1.231191687159439,0,0
TXN101195,61.50823063745101,13.72936130552301,1,6.413634090278917,0,0
TXN101196,84.56734072574696,13.90083249172703,0,2.6138096135221045,0,0
TXN101197,169.19458070490535,13.851509804377063,3,5.356902222267576,0,0
TXN101198,25.51239647221855,16.077657593031404,1,12.105095712699416,0,0
TXN101199,29.243376308428935,8.198392478737885,0,7.048828144740171,0,0
TXN101200,24.801192293491646,16.047168777743238,2,13.76267319720162,0,0
TXN101201,119.0958146475246,4.240928332857122,1,7.133523840439095,0,0
TXN101202,51.806416183310446,6.986052163663927,1,2.2483221325775578,0,0
TXN101203,24.26349362111319,17.232072938179787,0,8.75943670526185,0,0
TXN101204,54.832976234388994,17.745722403563228,0,5.07997609894367,0,0
TXN101205,218.73693209448595,10.67992219753692,1,11.450342263975312,0,0
TXN101206,35.79403216748279,18.70839124969934,4,2.155905601529512,0,0
TXN101207,27.39251398320058,12.21449794663116,2,1.6756991704636415,0,0
TXN101208,82.30501314174379,13.486873847434723,2,4.578747125468935,0,0
TXN101209,58.91093995230631,13.930454454773164,1,13.847658430778369,0,0
TXN101210,33.6972176173741,6.725475335831136,0,15.291779891757653,0,0
TXN101211,11.834799382299552,7.494376290057465,1,3.3905528489156285,0,0
TXN101212,68.54762371317864,17.44186681257903,5,17.27904359499589,0,0
TXN101213,183.20540792867774,14.896348048915446,1,13.513451357601289,0,0
TXN101214,128.1783899830594,8.292059700779049,1,23.196258518257594,0,0
TXN101215,57.38723311337373,10.714582739124578,0,5.653860533233411,0,0
TXN101216,323.56305292268524,16.975243360999684,2,7.3163128232071015,0,0
TXN101217,21.80049348897883,11.935394993411613,0,4.840258375759532,0,0
TXN101218,88.93071675820107,16.59978764409494,1,2.7953338542538733,0,0
TXN101219,37.682399379616754,7.460422330928323,0,5.917038263566844,0,0
TXN101220,847.5424004277047,0.0,4,145.19849769038228,0,1
TXN101221,25.1585595420337,12.115083654435193,2,17.16346619974885,0,0
TXN101222,65.50205231212578,19.416171549197156,2,19.044281110319503,0,0
TXN101223,57.36386568726114,15.281112762796084,2,5.259704289575252,0,0
TXN101224,72.11138882033134,13.21136530942846,3,0.5393903995543394,0,0
TXN101225,14.211396014473669,11.984564818062747,1,5.549219681069495,0,0
TXN101226,87.99767027135022,13.787888765774092,0,4.826046898116272,0,0
TXN101227,31.25078493633019,9.714094628137524,2,8.89465746941325,0,0
TXN101228,64.95100516830843,13.844738824505443,1,2.7034560504149834,0,0
TXN101229,121.21501210459263,15.510014345405562,0,1.391692849199212,1,0
TXN101230,55.23544752115093,17.60550974163775,3,13.048362048878804,0,0
TXN101231,13.192854743212642,11.960414371065344,1,1.3683104199039162,0,0
TXN101232,50.108163945650304,7.972290724387294,3,5.916793416364502,0,0
TXN101233,29.991342109978042,11.146515531439691,1,16.70506283854049,0,0
TXN101234,105.43641546197433,11.961821860843843,2,0.4534832388949838,0,0
TXN101235,29.69547392856215,18.51395614608714,1,0.8134128240137213,0,0
TXN101236,57.8859045933321,16.19021551597682,0,1.058676575544844,0,0
TXN101237,46.1013057716955,8.748215319661837,0,3.374589592948002,0,0
TXN101238,253.29317588040243,14.332725777878554,3,6.988568829759307,0,0
TXN101239,64.78108471267218,16.51646844125588,0,7.939250594838861,0,0
TXN101240,104.02456195802701,16.132537614833627,0,4.858498706701965,0,0
TXN101241,122.6345387582674,7.6046685073306435,0,4.491165080189798,0,0
TXN101242,142.721967896544,18.60454565433124,0,0.7500622437631589,0,0
TXN101243,6.6871290764892946,13.520522614791728,1,15.833587557210745,0,0
TXN101244,174.93549307607523,19.050611942391,0,20.751172322103407,0,0
TXN101245,138.12776637977007,22.538888279479544,0,1.3256374406350515,0,0
TXN101246,33.306367696213385,15.268586174713041,1,11.792136966433294,0,0
TXN101247,45.876960372922674,14.260270103449617,2,1.6260493412468295,0,0
TXN101248,118.91331828124908,16.401808988081473,4,1.0253385318104145,1,0
TXN101249,19.06423903046598,12.489727298408104,0,2.72804911326117,0,0
TXN101250,349.863546532554,16.18895038535376,2,3.7385481025959804,0,0
TXN101251,39.30165000762491,13.53482118720482,2,11.147355284457511,0,0
TXN101252,37.42585688616041,13.397478459272014,0,10.968167493133393,0,0
TXN101253,42.928531229402836,7.264360555544068,0,10.491563930930575,0,0
TXN101254,69.02326891532398,14.982798525182705,1,13.063602726480255,0,0
TXN101255,255.23594346437946,16.880292692837706,4,18.453989794117184,0,0
TXN101256,44.327535205236195,20.79300727263929,3,4.835244683268428,0,0
TXN101257,16.984015047152432,12.972774337569657,0,8.342536593948008,0,0
TXN101258,126.74869944872911,4.855597141699592,2,0.27366281199596876,1,0
TXN101259,34.17632188390096,14.629635056963847,0,13.959312574869847,0,0
TXN101260,27.304536160417918,13.885278119595057,2,17.28276865084365,0,0
TXN101261,6.288585273249866,14.860276690230084,0,8.147064447437806,0,0
TXN101262,43.37663362738592,18.547513851740852,0,7.272377679627605,0,0
TXN101263,64.44312078169818,13.553604047998656,1,22.000738488465032,1,0
TXN101264,157.56638258792623,5.398676697564284,0,4.327082536842848,0,0
TXN101265,142.5925277931449,9.686322161421819,0,1.8788537027259737,0,0
TXN101266,50.930819821918575,6.531547220115771,1,5.313724128851193,0,0
TXN101267,53.90176182184966,16.37040465752174,1,11.834504527927816,0,0
TXN101268,85.54559553338187,13.327886470217184,1,4.543095174256276,0,0
TXN101269,162.61843859164986,19.044406850605725,1,9.356077930660426,1,0
TXN101270,156.98898598638155,18.801986750573576,1,6.152451940732436,0,0
TXN101271,26.076766388065717,20.751119147321297,1,3.0659186513633667,0,0
TXN101272,125.49106018929365,14.37629887016738,0,3.4377250669511183,0,0
TXN101273,82.00759458083081,18.0822066762964,1,12.756958140969683,0,0
TXN101274,53.60221020435306,10.439950672008473,1,22.81905906938821,0,0
TXN101275,134.6275348581824,16.859951065315492,3,20.3912643898021,1,0
TXN101276,45.70621733260445,17.601101572951098,2,15.58609174095652,0,0
TXN101277,39.97119141148006,14.350994833598369,0,11.160411809425504,0,0
TXN101278,141.74155594591215,11.267053322828026,2,10.997288923747927,0,0
TXN101279,55.947272220075995,13.948273421586181,1,10.3664367040517,0,0
TXN101280,166.6910755553057,8.47468217647325,2,0.23705341954189527,0,0
TXN101281,105.79822448762059,11.421389110591655,2,1.3280378942848388,0,0
TXN101282,34.429415227247034,14.119181208981187,0,9.452108639096412,0,0
TXN101283,110.70344298735793,14.413780418619904,1,1.994184702073794,0,0
TXN101284,180.93259860537717,12.611024066651646,2,3.493481513620833,0,0
TXN101285,41.00708744912069,6.182708401482552,1,1.3917283001012675,0,0
TXN101286,18.51600849377079,14.598586393783812,1,23.429392916506217,0,0
TXN101287,29.856438760648167,18.786119471917218,0,4.356740770012008,0,0
TXN101288,179.10842855642346,15.48714922235233,1,12.667519426168994,0,0
TXN101289,94.0193648311599,21.469380671724437,2,5.403238442700703,0,0
TXN101290,110.4828404462128,12.100040653117489,0,7.541159299238136,1,0
TXN101291,147.14013324621692,14.154145761007069,0,1.0952008330642142,0,0
TXN101292,78.06388621050053,21.348605945288178,0,9.532764580907266,0,0
TXN101293,296.1815878526485,14.13492879899334,3,8.733289443396814,0,0
TXN101294,60.99177309196902,13.812729652558858,1,11.3805262661226,0,0
TXN101295,200.16708764572329,14.510396931069023,1,2.6012029901161906,0,0
TXN101296,124.17896315654448,15.923839069734012,0,0.3730466432313624,0,0
TXN101297,32.68430710435134,10.052652061775685,1,10.809850145235234,0,0
TXN101298,194.9006751235133,14.521954798936225,0,4.080879548128157,0,0
TXN101299,26.388860316913892,16.4320670915442,2,11.534342284519116,0,0
TXN101300,64.33378138688634,16.095502966365352,2,9.447997477371908,0,0
TXN101301,99.69931951363746,13.360326096461538,2,1.69558511323502,1,0
TXN101302,133.21087515438907,8.822673726731946,0,14.995661443661959,0,0
TXN101303,27.86106939891168,18.819292821354054,1,18.94250024162381,0,0
TXN101304,209.28954584878238,10.90352222264265,1,1.4678536819502623,0,0
TXN101305,22.374692519802558,16.507550885806104,0,10.593090945013808,0,0
TXN101306,78.61689941179345,12.84238031263452,0,11.357031613277172,0,0
TXN101307,116.40923495128717,9.760191334891203,2,21.267994631572872,0,0
TXN101308,50.9909154921755,19.175311374097525,2,1.8815890259598218,0,0
TXN101309,9.947552714660823,5.504024072018128,2,6.926112972997397,0,0
TXN101310,5.505418025252977,9.589003232358479,3,1.0318614652167863,0,0
TXN101311,157.98218957116586,15.845452127215657,0,9.366295351019051,0,0
TXN101312,63.14187185815902,5.968640707922585,2,12.038040606716422,0,0
TXN101313,14.12989105563206,17.218392248244605,1,1.7680190491356664,0,0
TXN101314,67.70675038990058,5.589444024750456,1,2.1021637958704193,0,0
TXN101315,28.880426055992004,16.897786439159496,2,2.5413265973384465,0,0
TXN101316,105.68479663783727,13.366243799068899,1,6.481100755184507,0,0
TXN101317,239.1099118289,9.859981246203857,2,6.096943990947082,0,0
TXN101318,76.6639097956747,12.470033074131909,3,10.476704363778763,0,0
TXN101319,44.24941673202335,7.756478573145992,1,2.711400687092409,0,0
TXN101320,22.315170648312588,16.87932257583917,1,3.8266153037533046,0,0
TXN101321,47.96076745684067,12.103444210776335,1,0.8377398324573665,0,0
TXN101322,28.381920549247393,18.394715819482066,1,4.512346891274598,0,0
TXN101323,11.376816843212298,9.217427653195461,2,9.925793676928212,0,0
TXN101324,192.72946721860995,6.447116005310334,1,4.941598418747869,0,0
TXN101325,85.06405867001577,8.712473869680984,2,16.86524225079213,0,0
TXN101326,38.405940627919264,12.012353833975965,1,20.670397103097926,0,0
TXN101327,31.236429120783566,11.825376416261047,0,7.181301471179218,0,0
TXN101328,88.27953486353415,21.182604793340612,0,6.134662391920744,0,0
TXN101329,8.81289779638028,20.761074855497483,0,3.1595730859340048,0,0
TXN101330,43.830681024422105,12.57402455906752,3,3.20753354005282,0,0
TXN101331,66.30070821576061,11.331016935076027,0,8.684637626700903,0,0
TXN101332,118.30948582657449,14.537514094091039,0,9.568811572353642,0,0
TXN101333,132.41900435308605,14.161070364976844,1,1.9364797951817871,0,0
TXN101334,25.952682728539674,23.0,0,7.0831571991420486,0,0
TXN101335,61.47385794886185,16.133287811663717,2,4.12777847891263,0,0
TXN101336,27.173824032548985,13.305558442433728,1,1.7351693258131147,0,0
TXN101337,50.1178040973634,20.221970284208584,0,21.0883567496899,0,0
TXN101338,58.9129895654621,15.106556767294142,2,4.686503249919985,0,0
TXN101339,97.2677367292963,13.524369519670028,1,8.58233376407596,0,0
TXN101340,108.5247616700168,14.341353288060535,3,4.98038274236395,0,0
TXN101341,22.572493813864583,15.65739199791733,0,0.8216611858104617,0,0
TXN101342,137.94585502826425,20.073468072434256,2,34.177748398487324,0,0
TXN101343,90.86722307843898,17.757471075194985,0,10.691499601468912,1,0
TXN101344,58.0692277804257,5.427263892840493,0,7.9222168102021016,0,0
TXN101345,26.117664406704556,12.354633008079404,2,1.1668855933042772,0,0
TXN101346,66.54583098051762,10.845115128826277,1,4.906588092970652,0,0
TXN101347,168.35814466849718,10.441344757741582,1,6.553703783839882,0,0
TXN101348,121.1838907851205,23.0,1,1.416159287870313,0,0
TXN101349,34.320717385676566,19.961876680809524,1,11.398414570274888,0,0
TXN101350,33.085520797699374,11.736698999892326,1,3.3413542385775887,0,0
TXN101351,125.38190677534746,20.078021955431442,2,3.7742741099005404,0,0
TXN101352,29.807430427587395,10.308410334585137,3,4.613150261702089,1,0
TXN101353,99.47988661625418,17.949858536359017,1,15.264214798844113,0,0
TXN101354,67.2354306401987,14.143843681319023,2,0.39083743224405604,0,0
TXN101355,79.35993421246738,15.607484270219711,5,15.208426755925764,0,0
TXN101356,6.373617213125037,13.472835681637891,1,5.8927804281397425,0,0
TXN101357,36.38074726645128,19.68316610965429,0,5.901303222159909,0,0
TXN101358,29.28078348707292,15.849816704191397,0,11.769353245516815,0,0
TXN101359,56.62020621823923,15.182719378749319,1,11.973524070838424,0,0
TXN101360,26.195792414983686,14.687280781702322,2,2.478867367227731,0,0
TXN101361,67.1820935507738,18.637617927792164,0,0.8345337922170887,0,0
TXN101362,189.0334934158775,15.732755612470452,3,2.5752650516888647,0,0
TXN101363,34.53136717470338,17.69399521965949,1,1.7773352622773197,0,0
TXN101364,109.28923546028408,12.538075271121897,1,2.414263573626287,0,0
TXN101365,71.53812841364856,17.099351019169692,2,2.226702298005889,0,0
TXN101366,14.435289214427376,14.717183530813454,2,14.805531122388597,0,0
TXN101367,98.63478755596489,5.2163814148040295,0,1.9109697492295064,0,0
TXN101368,132.50589255524775,9.359667689425589,1,16.882602126835565,0,0
TXN101369,15.4427234998977,18.507727666640307,2,15.323328800704202,0,0
TXN101370,24.196046948466865,13.306517805195785,2,12.123891639265,1,0
TXN101371,72.37775057788376,7.427547617366392,1,2.748761005432213,1,0
TXN101372,189.2503530685487,14.208952732068298,1,5.818360466425348,0,0
TXN101373,11.905597966426484,18.048155901578422,2,4.713556451358209,0,0
TXN101374,12.102696710829994,15.832447633035372,0,8.22608483980119,0,0
TXN101375,67.01504158210011,13.88563420840291,2,10.319697409842155,0,0
TXN101376,70.79346952398546,15.19259925743921,3,5.987709927977463,0,0
TXN101377,68.1993328777418,20.70928968415059,1,16.772318533958213,0,0
TXN101378,13.662396595070163,15.05209328626236,1,6.304689147005961,0,0
TXN101379,91.10269730438317,14.28617898463466,0,29.306590612742504,0,0
TXN101380,160.6383279529045,20.705098011564285,1,7.591526590969069,0,0
TXN101381,149.38828575456728,13.615576677460883,0,2.2671160595327216,0,0
TXN101382,122.33114926970329,13.323735934749003,1,3.779376506350482,0,0
TXN101383,3.530170944521501,19.678951080927853,0,10.02582792851202,0,0
TXN101384,71.94587772448948,16.561543602346795,1,13.832344990950446,0,0
TXN101385,55.33899483787358,15.964920296116295,2,6.344104068055967,0,0
TXN101386,52.64974068752943,14.787826993285188,2,4.826978504638939,0,0
TXN101387,22.35794401324209,15.151765306125913,1,3.3241616908917986,0,0
TXN101388,52.63421667277258,18.313665179457143,0,4.89278133960678,0,0
TXN101389,111.17513544234245,8.65207779834212,1,28.083858990820953,0,0
TXN101390,38.719007838249155,8.538519344582973,0,18.14427131629869,0,0
TXN101391,74.67762338527123,16.75317965652946,0,8.167603289252124,0,0
TXN101392,59.41696540837499,18.7350276853089,4,5.774105703340888,0,0
TXN101393,153.45341838859423,22.552946047099603,0,4.252928359043756,0,0
TXN101394,39.540233534650945,14.9248744345293,1,5.965258740478399,0,0
TXN101395,90.8271076193439,13.493629777851282,0,9.154513375867506,0,0
TXN101396,61.23225887600178,16.544850206279136,1,8.040130022170601,0,0
TXN101397,15.538587971498172,6.174615675290903,1,10.81273852477532,0,0
TXN101398,22.232384450389894,15.287256853870376,0,2.535554234526385,0,0
TXN101399,30.20122074588629,7.526446534101504,0,7.285750931060377,0,0
TXN101400,26.859019805857713,14.666814730969183,0,4.073100535899413,0,0
TXN101401,89.47023116327651,13.350200781093566,2,16.040410466762257,0,0
TXN101402,107.02466683047918,22.586179169294297,2,0.866575727763018,0,0
TXN101403,212.959077896129,18.252002080982166,0,1.1089068197609935,0,0
TXN101404,66.15073311624498,16.29614539805055,3,1.5641915909784665,0,0
TXN101405,51.50850425683542,8.588610998080167,1,6.705170502565448,0,0
TXN101406,99.53143791461449,14.200977592832988,5,33.81943421117065,0,0
TXN101407,192.57718228723348,13.758496615557695,5,2.4752783879996536,0,0
TXN101408,116.13110412333556,19.531248013542868,0,3.0686801135502115,0,0
TXN101409,62.79444594561958,19.971933572936305,2,13.94745678413303,0,0
TXN101410,192.88443389632909,15.521766396358931,1,35.646868904715774,0,0
TXN101411,16.545149483738545,14.794146520450731,1,2.1373847263416943,0,0
TXN101412,26.925451067553627,7.4303357826811185,1,0.621824298392882,0,0
TXN101413,39.235744124924175,15.987486309569697,4,0.8466600723694827,0,0
TXN101414,127.31091162268264,11.665058611655667,2,20.672641586562193,0,0
TXN101415,47.797057117672665,15.853514936502735,0,2.795807643107779,0,0
TXN101416,18.353153079776455,10.549170859583,0,7.759040677831226,0,0
TXN101417,90.9630641510727,13.344579111860336,0,30.514531405879303,0,0
TXN101418,44.94827218636445,9.816495437242287,0,9.12572868518682,0,0
TXN101419,159.35144404529356,6.568644496392691,1,11.793805699809504,0,0
TXN101420,105.18709895426309,12.292599974110624,2,11.449986824782648,0,0
TXN101421,21.161580718461583,15.10499584637552,0,8.248367955142108,0,0
TXN101422,38.754157658057466,6.367754450332087,1,6.617411501374101,0,0
TXN101423,153.31476997680375,12.18503167089678,1,1.4418338643280293,0,0
TXN101424,23.879966298582463,18.11967153685451,0,3.3943217464538353,0,0
TXN101425,48.879674872813005,9.886522103628007,2,4.6264726568264445,0,0
TXN101426,15.03182397156895,13.82251056179273,3,4.971938449929227,0,0
TXN101427,127.54580753178266,14.973094822722762,1,7.553103902850824,0,0
TXN101428,18.00158864777307,10.37372778474161,0,2.3675351393156006,0,0
TXN101429,126.22469024826165,12.681014322091823,2,11.26487869371902,0,0
TXN101430,41.89386264657972,17.81364337057192,1,12.83306937230569,0,0
TXN101431,51.768693561856196,9.665459675868352,2,0.6886983121936986,0,0
TXN101432,80.96348438694612,8.06692141723406,0,1.7591379191381185,0,0
TXN101433,30.213436239348642,16.079326571294647,3,28.049831216559518,0,0
TXN101434,44.27638055034328,4.6442512774046705,0,0.625278983829043,0,0
TXN101435,88.04520541679594,16.089728566422178,0,13.396843383624555,0,0
TXN101436,80.2849904733068,17.496051012062143,0,3.029070220456003,0,0
TXN101437,9.141890651602978,16.492010180281863,4,5.156380271914723,0,0
TXN101438,64.51381336958919,15.763528555794654,1,5.7520687766905905,0,0
TXN101439,64.68529266756958,11.946957910146077,1,6.99966187171134,0,0
TXN101440,98.87087070101225,11.303905708115995,2,5.4156445477621755,0,0
TXN101441,55.96245008756647,9.647760312077502,2,2.198083076052458,0,0
TXN101442,24.36341881365032,15.001731425576843,1,22.058925344961587,0,0
TXN101443,56.426997462629274,12.697324172887303,0,11.79860513322977,0,0
TXN101444,67.25975897671754,12.975158305483689,3,8.249790186816288,0,0
TXN101445,34.26165484920654,8.961735434188576,2,3.2345672994474226,0,0
TXN101446,122.97072358431444,14.834237127418884,1,16.548976285452103,0,0
TXN101447,46.49097240489114,16.838276892485553,2,4.617574657089011,0,0
TXN101448,63.624907721074216,13.020924747670724,0,26.795285012813927,0,0
TXN101449,55.518439061387326,15.149130216156932,2,7.127907323318606,0,0
TXN101450,177.16246380222094,12.667808829198993,1,9.571896412145422,0,0
TXN101451,66.2433460779467,12.554186832087895,4,18.86066488180459,0,0
TXN101452,145.5305499516683,13.867694539963619,2,4.206796435007315,0,0
TXN101453,110.35627419069291,12.614107407651117,0,14.54686976789413,0,0
TXN101454,15.578181250809493,11.876600122235992,2,3.1642627368381255,0,0
TXN101455,61.74818667770174,15.91914286058884,2,3.3086568584704152,0,0
TXN101456,164.36298300116957,10.316784857991536,1,9.269687569279697,0,0
TXN101457,173.83679136211512,11.772449596147975,1,7.279562479886009,0,0
TXN101458,8.842692712270852,7.5818225754163295,6,1.9794636930225076,0,0
TXN101459,68.04768236264589,21.99846849421947,1,11.415115319403144,0,0
TXN101460,103.18500535316315,17.41125652661945,0,8.026042316562913,0,0
TXN101461,3.1100842823889345,14.478700832304392,0,2.0839695960774653,0,0
TXN101462,140.2530484151908,15.230859792888246,0,8.496736726386212,0,0
TXN101463,162.380237123603,9.600837152972407,0,1.7470144011365356,1,0
TXN101464,32.56803372082407,14.364754775873402,0,2.547757361164607,0,0
TXN101465,177.50446224790664,12.599027308493376,1,0.3025580169556873,0,0
TXN101466,84.88112538809217,11.635986306952123,1,26.00330453606422,0,0
TXN101467,76.38054028632949,20.14298188489065,2,3.200960934621269,0,0
TXN101468,118.77845048411778,11.139692841659407,0,0.8836901560921266,0,0
TXN101469,61.56909418680485,10.146357435823045,1,5.597589602988069,0,0
TXN101470,103.12813354177129,9.561098376813604,1,10.563136414367104,0,0
TXN101471,34.945355240764464,16.520581283175378,3,0.83146748636439,0,0
TXN101472,402.41916238049396,10.89737163213859,0,4.992212384721604,0,0
TXN101473,3.097039709840097,17.74312025427252,0,21.367472761820125,0,0
TXN101474,1154.2669052573483,0.0,6,836.406185760288,1,1
TXN101475,135.38107575113773,17.310691370226824,2,7.992353996771982,0,0
TXN101476,23.930792257674334,9.988282180853929,0,11.622967022340873,0,0
TXN101477,23.238819965197003,13.763331945065218,0,11.577620670375453,0,0
TXN101478,12.65903248389245,16.872471178623375,4,8.513813132952215,0,0
TXN101479,94.60231711289752,10.544780199925675,0,3.3313920748774954,0,0
TXN101480,159.6781892760191,14.110127564512968,2,23.66974359031247,0,0
TXN101481,37.72738168011878,15.606209103341401,0,14.71293800574465,0,0
TXN101482,138.61286327535396,11.375324752624552,1,0.7759338439102894,0,0
TXN101483,157.98515589853827,11.257920439347526,2,23.132290407290824,0,0
TXN101484,76.45739775120694,12.269399341587755,2,3.00448574373362,0,0
TXN101485,54.0683923711629,12.114986325045805,0,1.5876737926441473,0,0
TXN101486,20.851616901750187,16.260375858593505,1,2.6790022146475145,0,0
TXN101487,115.56719516924558,11.696209242635225,3,11.934078908913923,0,0
TXN101488,165.55433440196305,3.5323737064193548,2,5.645233584303055,0,0
TXN101489,22.67063677281589,21.731812149691002,1,18.299447520924367,0,0
TXN101490,33.4765107747901,22.685532240540923,1,6.922803481178079,0,0
TXN101491,32.803684004569924,8.269643689998919,3,5.737084461563324,0,0
TXN101492,50.74162805324779,14.746921638802512,2,7.066679348757127,0,0
TXN101493,115.87117728662905,10.589419330581329,3,12.024892779262315,0,0
TXN101494,134.54738848067618,5.7258137352972,3,5.097780300047,0,0
TXN101495,80.15728298674071,13.632110307863247,0,7.6557389035245045,0,0
TXN101496,114.91286215947395,11.047181044502306,2,10.201085058106958,0,0
TXN101497,181.7730755209373,17.181724736687308,2,0.7931778728666704,0,0
TXN101498,65.64146219804425,17.53990574861609,2,7.288723283800965,0,0
TXN101499,59.68166883260697,15.930403611728375,0,4.343496593665152,0,0
TXN101500,67.70953662913047,15.908930170404386,2,11.142041892063382,0,0
TXN101501,26.35472769453888,11.501168403435447,0,7.316451130436404,0,0
TXN101502,164.07201044620112,9.498097576862065,0,4.696866161446229,0,0
TXN101503,114.4862502022074,16.864326107842807,0,4.453298824905955,1,0
TXN101504,50.453590505143104,11.102469676936312,1,0.7043792784342182,0,0
TXN101505,29.35586611297332,15.72013029131713,2,5.806577011610511,1,0
TXN101506,46.66026187089476,16.009578470202634,2,15.954723935075585,0,0
TXN101507,190.39388872454484,19.48187858962531,2,0.9688637792579037,1,0
TXN101508,34.29542479488858,9.441802161123901,2,1.0541445385991128,0,0
TXN101509,23.034777386419965,16.367447695382843,0,5.052171554606181,0,0
TXN101510,152.43507370478514,16.52066282894612,1,16.042354709988402,0,0
TXN101511,139.85660427569297,17.20442557949917,0,10.111712856525086,0,0
TXN101512,20.728358217670223,22.27862752087357,1,1.2440915263175119,0,0
TXN101513,73.71110889573282,14.179473567312476,0,2.318812827931171,0,0
TXN101514,141.98165105790022,17.2569536015196,1,7.465832330212766,0,0
TXN101515,72.00761353664188,13.68526161154926,2,3.435892707742878,0,0
TXN101516,155.89196913336778,4.388490124795444,3,221.4422881512882,0,1
TXN101517,89.13550396153951,10.788580581625235,0,7.001242370436504,0,0
TXN101518,35.02465217536005,22.440947404556496,1,1.1502168552335141,0,0
TXN101519,79.27154071885222,17.063460505988733,1,3.621670026159332,0,0
TXN101520,24.481907775206054,17.984001040786247,1,9.922733162967338,0,0
TXN101521,170.36948714217988,13.354261365992071,2,6.126129594033345,0,0
TXN101522,78.19763540759511,13.969876200755204,0,1.5411787681853486,0,0
TXN101523,16.66896108147194,10.83171737296103,1,2.824497660320018,0,0
TXN101524,64.05765377534323,13.186157555828384,1,5.30849405593116,0,0
TXN101525,27.814783200528993,15.612439759405328,0,5.504432187672713,1,0
TXN101526,70.19862645994068,17.58159354594906,1,42.81803123474744,0,0
TXN101527,110.26092597129605,17.155786157806993,4,4.24201846120558,0,0
TXN101528,113.58096439124152,19.47607898037809,0,10.500816328049815,0,0
TXN101529,721.0972936658491,0.2943946780427096,11,301.56664416306234,0,1
TXN101530,113.11729313633712,15.831486589738216,0,2.175680888936589,0,0
TXN101531,194.1028601302152,16.22215480822992,0,8.977004046941195,0,0
TXN101532,124.35372719435108,9.304970012230019,1,0.47457460329363976,0,0
TXN101533,106.28954098203108,18.516232678097204,0,4.656390514500396,0,0
TXN101534,60.198080106025444,16.054280731267283,0,1.2850063561894096,0,0
TXN101535,42.07016078763307,16.27611868412564,1,4.222793082911222,0,0
TXN101536,24.236560548146315,16.177032930386247,1,4.0089016974418765,0,0
TXN101537,31.13134080057115,7.945596754426885,0,1.6280219912293754,0,0
TXN101538,99.42451786326053,12.870163203546396,0,5.992076867485783,0,0
TXN101539,227.97749617054149,16.487594195457305,1,5.405359024312072,0,0
TXN101540,188.30751031372515,20.942494542589657,1,2.1346738393133675,0,0
TXN101541,19.192297686298893,9.74581646017392,0,18.35651706691789,0,0
TXN101542,73.68583294684048,14.531273572485649,1,4.218820106584877,0,0
TXN101543,89.42004327246693,13.019051991683932,1,17.916493863736576,0,0
TXN101544,67.74112385366915,20.172888489940323,2,1.1461331656176568,0,0
TXN101545,12.295045726526512,12.350636161127351,0,4.875881360957502,0,0
TXN101546,76.74130085767823,12.432805903727251,0,1.0037996591088185,0,0
TXN101547,46.617421971645086,9.89111413115184,0,3.549891809449221,0,0
TXN101548,42.2211651389464,13.43417687839555,0,0.9134367411616904,0,0
TXN101549,26.98555566801659,17.859667551416994,2,9.910943710585808,0,0
TXN101550,91.59775846946764,20.316462488485545,4,17.6031949081339,0,0
TXN101551,69.54517171142491,14.53463650720381,0,11.402174898410946,0,0
TXN101552,100.12164873659822,21.82790925299382,1,19.063106178230463,0,0
TXN101553,57.41534664409901,13.655048701198828,0,1.8299632606103686,0,0
TXN101554,107.38752082091075,14.618511376434645,0,3.091415895620405,0,0
TXN101555,91.20135348054868,17.840385178433316,1,5.131445365867576,0,0
TXN101556,38.58682495521506,14.049607779275382,1,6.295873665556877,0,0
TXN101557,67.5226277383461,14.292875812279089,2,2.2889412466030827,0,0
TXN101558,49.73865153208454,17.829531269916814,2,6.054770503163292,0,0
TXN101559,93.04426755371081,10.577050291835668,1,3.856826145476488,0,0
TXN101560,60.61005679403924,14.87114633434674,2,3.385793035379287,0,0
TXN101561,23.735012856479454,15.02609568263039,1,7.645175785766592,0,0
TXN101562,58.36185392517649,8.55693990044998,2,2.802500856467431,0,0
TXN101563,155.2754739206291,23.0,2,14.517333215845486,1,0
TXN101564,22.685773485133215,15.005810582213998,2,5.250606036701116,0,0
TXN101565,175.7620092233381,12.719869245816662,3,11.911239701573415,1,0
TXN101566,145.6341126227591,10.769964610283083,3,18.160260700077792,0,0
TXN101567,87.21196549541469,18.935956156384073,1,9.067831825192954,0,0
TXN101568,17.333297918803847,11.270153107055236,3,2.371074656719005,0,0
TXN101569,154.3641678438309,21.306484005613495,3,2.5122056807603474,0,0
TXN101570,121.25776985712322,11.396896376838724,0,8.96605115670719,0,0
TXN101571,88.85880160487844,13.675250597842387,3,3.9322474545177437,0,0
TXN101572,51.11691539778921,9.595948747616607,0,8.402899988729972,0,0
TXN101573,32.59671398414931,15.12495881522607,0,4.248388141912497,0,0
TXN101574,7.607567583134531,16.74304608039198,1,2.244828473450099,0,0
TXN101575,92.11475542478603,12.361884554156367,1,12.127432623894245,0,0
TXN101576,76.57383042619408,12.07731355893388,0,12.55500303722189,0,0
TXN101577,99.36456799932239,17.698570114778377,1,15.507412159160175,0,0
TXN101578,66.12983156672543,17.798096109283915,0,4.426514629318347,0,0
TXN101579,113.15332273381549,18.815779678919316,0,12.573720454651639,0,0
TXN101580,114.78179376586061,9.661829418456126,1,0.9320598281724335,0,0
TXN101581,21.09800674155691,11.59996709383797,1,8.782067588568177,0,0
TXN101582,85.21972337576399,14.727791025374147,1,5.924152538717683,0,0
TXN101583,70.13241000705813,13.539971385189073,2,4.2195401191332635,0,0
TXN101584,101.56780147060505,19.30585300050165,2,8.220234717166651,0,0
TXN101585,96.24223940369896,14.839778514429428,1,6.513117334260193,0,0
TXN101586,57.42205865043839,14.516882202736237,3,1.6450100090320783,0,0
TXN101587,32.482816401608325,12.72055413272945,1,5.279413097710153,0,0
TXN101588,226.56877721873525,9.04743447880005,1,3.434620146748619,0,0
TXN101589,79.39338427447295,15.109686452775552,5,1.961809802175937,0,0
TXN101590,15.03354345341875,18.043918509457622,1,3.950889234163521,0,0
TXN101591,71.23431261430179,17.212989092189535,1,3.491626339294692,0,0
TXN101592,88.4755668660057,16.48425833829158,1,14.6008650459909,1,0
TXN101593,142.91697444701532,20.159247009648304,4,3.4901050056923273,0,0
TXN101594,81.78696354502264,11.787070062503592,1,1.9232240028962386,0,0
TXN101595,22.412306650560645,8.483670315061458,3,8.546347823421364,0,0
TXN101596,61.39220681126031,9.24381294153125,0,10.694769523831042,1,0
TXN101597,92.99605298425203,18.535801571458588,0,2.082655390196555,1,0
TXN101598,55.38599869963981,11.472188548272921,2,9.44385715454694,0,0
TXN101599,16.799265497025175,11.73806592185938,2,15.62867318177435,0,0
TXN101600,95.70817086358134,15.04354606926677,3,8.482002891953158,0,0
TXN101601,44.68259834041767,14.81631000013121,2,4.792493722297129,1,0
TXN101602,94.71307994492456,17.53351476800305,1,1.4785813552075278,0,0
TXN101603,51.56070097867734,14.204243062017818,1,20.595251598676313,0,0
TXN101604,143.87758324954908,18.967695669396544,0,3.1348648577350064,0,0
TXN101605,19.434553619708986,18.506019404971727,1,15.515636796575954,0,0
TXN101606,138.9998895128492,9.868680537952919,0,2.107103176511889,0,0
TXN101607,112.35098058790939,12.193694018824052,2,10.307913489320734,0,0
TXN101608,59.39117892105336,4.651753478879522,1,7.726342517013846,0,0
TXN101609,54.583764083740355,15.523847428715355,1,3.1746388195608284,0,0
TXN101610,130.98018395608815,21.131465329699164,0,7.623586118527982,0,0
TXN101611,116.07423687361525,8.591399465195401,1,2.5680828855813997,0,0
TXN101612,111.6528182650849,12.546959102424596,1,12.02155759445619,0,0
TXN101613,141.55396375789047,14.743949825951448,1,5.442380119108163,0,0
TXN101614,115.80554057753483,22.479519147500245,1,7.9164581963546565,0,0
TXN101615,78.91400590450925,9.309160980544501,2,1.8675263267418356,1,0
TXN101616,177.27524293097673,16.866962805352564,1,1.960815534982353,0,0
TXN101617,61.08678375420666,16.77332519696647,2,7.304653332652257,0,0
TXN101618,136.28002032711453,20.497822089250334,2,0.8899482775430144,0,0
TXN101619,39.862680170582514,15.91019997798495,2,1.271291186962483,0,0
TXN101620,149.84011890934295,8.701340264255368,1,6.462294322158549,0,0
TXN101621,183.50357011377824,13.463128379134652,2,4.263176718535961,0,0
TXN101622,94.35957690044555,21.25935008116168,2,11.139095090097562,0,0
TXN101623,103.19115726820776,15.194964941163107,2,3.3999482662898965,0,0
TXN101624,136.0130750824769,12.850455348210325,0,2.4243951618356925,0,0
TXN101625,37.86702092244427,9.186965645075585,2,12.434608317770458,0,0
TXN101626,21.557142234529692,15.31780363642899,3,4.366893323306616,0,0
TXN101627,185.98769582573638,13.406175236276379,0,2.6751127926549967,0,0
TXN101628,115.78229670093296,10.363376552119506,1,3.545399682605882,0,0
TXN101629,101.92447611572504,14.341871306121966,1,7.201012469216735,0,0
TXN101630,29.60288411733203,17.33584211112228,1,4.658830422811199,0,0
TXN101631,37.391960168986344,10.223939164363522,1,5.687048325249,0,0
TXN101632,200.63602660391,10.600247436721766,1,8.43003347661046,0,0
TXN101633,121.25874273505607,6.753265854354371,1,5.9093657078219675,0,0
TXN101634,79.302080999018,12.538428655667056,0,16.014268422554466,0,0
TXN101635,38.26602761069061,11.47773253249212,0,10.170404022015187,0,0
TXN101636,93.66920636405327,15.087805988537633,0,1.6255471644054431,0,0
TXN101637,53.64159639416112,14.143568797015423,2,0.5305727566599203,0,0
TXN101638,41.0495028551785,23.0,2,7.778788359745944,0,0
TXN101639,71.8350027158048,6.805140357160949,2,6.977058136606046,0,0
TXN101640,296.01580606656137,14.727049385243177,2,3.8833411109548477,0,0
TXN101641,102.8078756421738,13.767389498999526,0,11.95634087530214,1,0
TXN101642,98.08015999946315,14.47940127294063,1,5.698630411506907,0,0
TXN101643,77.40767944513641,6.069918761222667,0,14.039465426748167,0,0
TXN101644,35.718137475943024,13.078716155098038,1,11.03084755920949,0,0
TXN101645,152.74251634694917,15.291341741730363,1,19.081835332729206,0,0
TXN101646,84.715636202396,23.0,1,4.336162058961931,0,0
TXN101647,24.61316537595176,16.555753896538604,3,4.519133712838453,0,0
TXN101648,143.07076157182303,6.012214959313328,1,12.036986475732142,0,0
TXN101649,214.87951468313986,10.614896061970244,3,0.9254705735356181,0,0
TXN101650,93.3349915626524,16.446111795928267,1,4.3264077285062745,0,0
TXN101651,50.20383827882139,16.34581560169959,3,9.19499127729506,0,0
TXN101652,49.99356434887307,16.08309908754044,2,6.494540055604631,0,0
TXN101653,103.57176487574228,18.472699789203894,1,11.318475011154083,0,0
TXN101654,132.5736353855677,17.561317981995302,1,7.409474536673493,0,0
TXN101655,88.26207379260109,17.909712249443295,1,8.061246473926282,0,0
TXN101656,66.51188568442706,15.266495171705188,3,3.460412738021625,0,0
TXN101657,132.53174641578656,12.835606752370625,4,6.798041407006102,0,0
TXN101658,98.88856488761084,10.86384292115233,1,1.8311172427087696,0,0
TXN101659,58.280828105922076,20.022822379251835,0,18.14504585028335,0,0
TXN101660,33.99770124443012,15.849970618287962,0,13.11650092260755,0,0
TXN101661,47.99679002733738,17.01210402333532,0,1.5941508098116877,0,0
TXN101662,44.940933305875916,12.748685370288378,2,17.363920185725167,0,0
TXN101663,147.82502193328529,16.098552480659944,5,2.624602108643379,0,0
TXN101664,93.40900101746202,7.815856805116194,2,3.7262948868696184,0,0
TXN101665,97.44922493102679,12.403443378087706,2,11.291592814160074,0,0
TXN101666,41.071223695429275,13.683700738948657,0,7.262528333405723,0,0
TXN101667,32.5825141438482,23.0,2,15.485843344854588,0,0
TXN101668,33.62723473549452,16.89207992746322,0,6.650368668384075,0,0
TXN101669,52.05534615596868,11.330684218827855,2,14.517641468572187,0,0
TXN101670,14.051075883001554,19.55104835311421,2,4.032385665889783,0,0
TXN101671,96.70400464961959,16.578521311055642,1,4.151176121394828,0,0
TXN101672,236.08410123054983,15.406357446739223,0,9.269438489400022,0,0
TXN101673,42.61027607025068,12.743940316184332,1,5.175155698005213,0,0
TXN101674,615.0195553092877,5.051547638049403,4,322.31620074608816,0,1
TXN101675,141.13194894790493,11.21700344421259,1,11.226404296568852,0,0
TXN101676,297.2704462530928,0.0,8,180.3538297446522,0,1
TXN101677,8.336861598369337,11.497381360176167,2,4.412182691290127,0,0
TXN101678,61.26478168339502,14.031762408218786,3,7.9490677124371425,0,0
TXN101679,69.61519453260287,7.3630974212130385,1,2.752756063703786,1,0
TXN101680,63.1161816958058,12.867410521369715,2,6.410352411819228,0,0
TXN101681,100.42067056621961,10.755261633015461,1,9.65224451698269,0,0
TXN101682,42.29669234428379,9.049688141928051,0,13.48374169045787,0,0
TXN101683,26.5504183199172,14.061615977965804,2,3.3036779449111577,0,0
TXN101684,63.6461391944658,8.56662046140374,1,2.354848834280035,0,0
TXN101685,63.88145483815687,10.878677423200944,2,14.019949840055808,0,0
TXN101686,25.58022476806765,11.860008112975226,0,2.60570827571153,0,0
TXN101687,148.49092535516237,12.90319280712408,0,15.345930089163,0,0
TXN101688,55.865734140192046,13.846767471476,1,8.030894389885294,0,0
TXN101689,86.03093022687236,17.11593447970045,0,14.064909859174463,0,0
TXN101690,177.59869179028144,12.917533060028296,1,12.432155591209266,0,0
TXN101691,85.60448669066032,16.44240885406915,2,4.722093927421261,0,0
TXN101692,190.11447706609445,4.013600819747797,1,2.714673128569217,1,0
TXN101693,39.45545033467357,14.310188575180185,0,23.487444659496855,0,0
TXN101694,19.403586580922415,16.164141529071728,1,2.5721335969570753,0,0
TXN101695,152.8044372807724,20.643029245465804,1,6.518284984243995,0,0
TXN101696,201.75900585684394,16.139189875382858,1,4.863708829432225,0,0
TXN101697,47.61246098559628,11.270043067289029,2,1.214639105820716,0,0
TXN101698,90.3421194662175,15.930218665379584,0,7.0978158040704855,0,0
TXN101699,112.41485923733384,18.674979216826074,0,2.4724566362932063,0,0
TXN101700,94.07115680728865,14.21730028931222,1,1.5690416448858235,0,0
TXN101701,116.57556175168719,16.421248115597518,1,5.669222850730421,0,0
TXN101702,128.54472864552451,22.144041271493887,0,0.11698385368463514,0,0
TXN101703,3.571122398626247,12.846363789104203,1,10.642454933648297,0,0
TXN101704,64.72050138225646,15.234941560436713,3,5.0546586139739444,0,0
TXN101705,17.956478480646126,9.084283482596529,0,2.886559977005299,0,0
TXN101706,25.859628665054196,20.979103768628597,2,6.96152908598656,0,0
TXN101707,112.910900129162,8.931318930370578,0,3.5427686627973354,0,0
TXN101708,18.721072035701546,16.856117394619336,2,1.1980879454860067,0,0
TXN101709,143.64626201499365,15.9149234531347,4,26.791745937617257,1,0
TXN101710,35.12143525435131,18.14922240001443,1,19.584221403180795,0,0
TXN101711,50.600329278439816,12.072795067493503,3,4.2100236069848185,0,0
TXN101712,120.2949576539317,14.871003691027958,0,26.450094098605295,0,0
TXN101713,69.02774819603523,17.44160820273887,1,0.7854975291860606,0,0
TXN101714,50.46559744547595,9.207500933207257,4,1.8268586508557616,0,0
TXN101715,39.8011434316639,14.963915598167027,0,1.0296673330708555,0,0
TXN101716,18.530654106121304,13.185817642104375,2,0.5757028219017352,0,0
TXN101717,43.95348447463029,11.321039471443962,0,6.818419629108905,0,0
TXN101718,26.87868518564025,17.273229003426522,3,0.4725084232917074,0,0
TXN101719,41.58195850141104,14.518272163340137,1,10.597807254293269,0,0
TXN101720,121.14262398423443,8.088949853231238,3,1.9563917403562334,0,0
TXN101721,199.27759620017673,19.575372010691858,4,2.621582021432323,0,0
TXN101722,80.44244630220264,6.673284241099658,0,18.92946557828305,0,0
TXN101723,37.61722716950001,12.662871306153077,2,8.56700579391432,0,0
TXN101724,117.79067017629366,17.45614982462687,0,13.193801309013146,0,0
TXN101725,61.72879768890557,15.164988501462732,1,1.4008818524934217,0,0
TXN101726,136.45781032111998,16.072776969593978,2,1.6124582088232244,0,0
TXN101727,88.4062716505329,11.042435779593404,1,1.9265177851166737,0,0
TXN101728,58.35120786019662,11.510644824666636,1,7.351331673553332,0,0
TXN101729,61.02090449045198,10.403983694346815,0,3.5582035419012126,0,0
TXN101730,1351.46593064343,1.7677925073050047,5,404.1744583562231,1,1
TXN101731,141.4433980295437,15.311283515378014,0,2.534935828413049,0,0
TXN101732,17.218926945253088,10.500073173326632,0,2.639647265489871,0,0
TXN101733,66.97784963090169,15.33738968378734,0,26.500554139969825,0,0
TXN101734,30.730558723674424,15.936551908377112,3,1.0212149364698129,0,0
TXN101735,177.33441731320102,18.38011874564886,0,2.712704559677252,0,0
TXN101736,47.863276868775756,15.850500645321178,1,1.9179648959050226,0,0
TXN101737,59.26594284411248,14.799003761155396,4,0.9923600549394163,0,0
TXN101738,93.49707290403913,10.696890280092902,2,1.7565933854305171,0,0
TXN101739,13.742115812063346,12.37991059303954,2,11.085814381713181,0,0
TXN101740,86.60067118954466,12.829116806574469,2,5.807370060842651,0,0
TXN101741,22.755149675286486,18.686213389815144,0,1.780570293680981,0,0
TXN101742,518.3451929964617,2.3850928127578817,2,309.2819236604494,0,1
TXN101743,32.43665609363748,14.950064212107463,0,7.359591079721701,0,0
TXN101744,120.60123789406298,11.843080166282336,3,2.878255640720948,0,0
TXN101745,38.677643013105374,12.22441583877562,2,4.7869281483490145,0,0
TXN101746,67.1952629060035,9.292976953130117,2,9.283445094233857,0,0
TXN101747,93.53941526626151,19.867873991908535,0,0.3675512519615316,0,0
TXN101748,67.23556675401808,11.656847132770793,1,3.8669576409901296,0,0
TXN101749,98.10612244366666,13.13261005973291,2,23.2701090662713,0,0
TXN101750,34.42081067434198,14.346091602641218,2,2.9251161100266616,0,0
TXN101751,148.93748098447392,5.5243332706724555,2,1.2681303528694652,0,0
TXN101752,102.10174294888276,11.955580402429678,3,12.500992116782522,0,0
TXN101753,16.180028635548723,12.290580913730645,2,12.71645738224463,0,0
TXN101754,20.494210938367914,23.0,1,6.105501253424432,0,0
TXN101755,91.90357885748685,15.941649675010574,2,20.269736362394415,0,0
TXN101756,59.33894816013637,11.304735714874646,1,9.025436630232807,0,0
TXN101757,67.08571078327458,10.006159906123925,1,2.9330056516864,0,0
TXN101758,108.20257159004998,14.6274121131774,1,3.958891504220526,0,0
TXN101759,55.48251844033847,9.45832935839464,0,6.330976886706507,0,0
TXN101760,92.58575185566109,10.106696510026914,2,6.9788680423321185,0,0
TXN101761,100.94173880634327,10.742793719007526,0,5.85667767543443,0,0
TXN101762,34.47953909896007,17.903072456197897,1,8.897905018724916,0,0
TXN101763,46.94786522647928,7.651224794450519,1,17.030991101494767,0,0
TXN101764,24.967054340747534,11.539715231182313,2,5.87059246260016,0,0
TXN101765,29.054344223995887,9.212827052894552,3,5.911580004614759,0,0
TXN101766,59.9796614416947,9.033966360411025,0,5.171587221404065,0,0
TXN101767,1072.2882506745814,6.210988171238265,9,47.8006066757106,0,1
TXN101768,22.538166207544677,18.463290786297506,1,8.156944138845201,0,0
TXN101769,5.808347821721656,17.328502453361494,2,7.925249558458434,0,0
TXN101770,39.83956259388585,21.580414592983605,1,17.517244696663024,0,0
TXN101771,124.87919055742891,13.2828213214208,0,7.220395288713581,1,0
TXN101772,646.6878912805544,1.592953442956024,10,260.40547106289614,1,1
TXN101773,37.808937195438716,15.06222912203909,2,7.5644859444427714,0,0
TXN101774,37.0025802256309,16.554096143768373,0,4.097881554415576,0,0
TXN101775,59.864611927761686,14.221913293964032,1,12.175328539704823,0,0
TXN101776,107.15596320236347,15.076188418074516,0,10.313716733095324,0,0
TXN101777,100.1921099152122,9.88144222740698,1,6.706908170524678,0,0
TXN101778,29.764141470549994,14.449350944906033,1,4.411288793136146,0,0
TXN101779,101.3224559097946,12.379659328824495,1,1.1286887603735023,0,0
TXN101780,57.10656815543177,13.352411322974337,2,6.466119468223027,1,0
TXN101781,60.8411184363172,8.498543411731008,0,9.86980300460457,0,0
TXN101782,60.57536206193406,12.436113596786024,0,2.310513534153133,1,0
TXN101783,57.763550968011444,13.494774764125955,3,5.51071461925003,0,0
TXN101784,64.75780979087513,11.006583918240807,0,14.858896156762055,0,0
TXN101785,36.59375211064902,15.007390387979553,1,3.6992148677042014,0,0
TXN101786,19.457424027325917,12.62563042650001,0,5.338645048384437,0,0
TXN101787,89.33654180266927,12.284157249315177,3,2.4136621575365953,0,0
TXN101788,19.01807254925438,16.37784057035614,0,5.7136600701356475,0,0
TXN101789,20.736897753171377,9.42077926094666,3,23.71993858986928,0,0
TXN101790,755.0006640096234,3.9595519303539755,4,450.1396829097549,1,1
TXN101791,97.37582707788235,14.691020586246673,2,8.900263496041017,0,0
TXN101792,55.90633767140106,10.868161770431133,2,2.8703138424433328,0,0
TXN101793,38.511686225454326,11.646171128235594,1,2.890016721088589,0,0
TXN101794,132.52530605888512,15.422755092581308,1,4.68599770578701,1,0
TXN101795,125.98033993556069,23.0,2,6.78204399548973,0,0
TXN101796,57.210667854975696,23.0,1,0.6326306626121998,0,0
TXN101797,77.66960454857076,13.261587245398328,2,6.630556550539896,0,0
TXN101798,152.7794695921197,16.315348610009547,0,5.192930174951806,0,0
TXN101799,83.67220517627828,11.752186878489624,0,2.9817119882274934,0,0
TXN101800,121.24844979279821,18.416905322981773,3,5.372452714970368,0,0
TXN101801,42.67886412745726,17.424396546674757,2,3.1105388401190295,0,0
TXN101802,22.017496230247584,22.93643550712599,2,8.697771795811633,0,0
TXN101803,107.33555411736529,12.737008149595136,2,13.418455994494503,0,0
TXN101804,46.55985337901388,20.17162006431436,1,0.16276251384767254,0,0
TXN101805,217.746759633495,14.332402244621942,4,4.238660479954826,0,0
TXN101806,53.4927807150516,18.480553918225148,1,16.752478145900554,0,0
TXN101807,41.56322677822079,15.430955036983459,0,28.182155645820327,0,0
TXN101808,57.739034688492666,13.322364243774615,1,3.6283763878578137,0,0
TXN101809,55.24778640835834,6.852594929288565,2,4.524236280778044,0,0
TXN101810,66.99875625496912,21.307860630634,2,3.41258132859757,0,0
TXN101811,98.40762916787973,8.308262971943432,1,4.689000207912203,0,0
TXN101812,41.71583248029518,14.90677995665272,0,5.183071555261618,0,0
TXN101813,21.97819146682946,6.58099957553235,1,4.766622652204527,0,0
TXN101814,340.5251778176569,10.388468475539796,0,16.847797827373615,0,0
TXN101815,70.86616620101313,10.886279291312299,0,7.447537085664415,0,0
TXN101816,22.590614352782335,10.089431491858312,0,7.046037841295913,0,0
TXN101817,13.384893309532956,12.67049343267135,1,0.8587595819606275,0,0
TXN101818,67.14920207613874,9.962587900697535,3,15.437035065573,0,0
TXN101819,78.92926284087855,17.957153934198487,0,0.2256756645350646,0,0
TXN101820,145.14844745058463,18.783456842876685,0,17.321855061781957,0,0
TXN101821,193.07024366470142,10.481502850483718,1,3.31927215366857,0,0
TXN101822,132.20911324743892,18.059733590156796,2,5.408213497617975,0,0
TXN101823,50.51729031543617,15.943806746621712,2,8.307048588218361,0,0
TXN101824,38.17479725220556,16.12924225415404,2,1.987109142546801,0,0
TXN101825,98.82917665390706,10.45621845023682,0,0.9185202561102614,0,0
TXN101826,36.45838252907861,21.090970500234974,3,10.890200696057326,0,0
TXN101827,119.41665639455948,15.537184946453007,1,13.4954236197537,0,0
TXN101828,121.75704775850996,19.615036000837843,0,3.2661388071267146,0,0
TXN101829,128.48175336686964,16.06457771281808,1,13.17491412526593,0,0
TXN101830,291.6699223236403,1.1583377511153894,7,526.8378906348356,1,1
TXN101831,133.58070380030728,17.777218711588986,2,4.9861292094957275,0,0
TXN101832,69.2178909484217,13.634155377538711,2,11.289010042320518,0,0
TXN101833,52.69188018029094,6.242137184332135,2,18.318180572179184,0,0
TXN101834,99.58672135844029,17.63009133575088,2,2.3912198302671963,0,0
TXN101835,5.982780497365737,9.78776418618994,1,0.2600251949205308,0,0
TXN101836,12.65060107187595,16.34559695270305,1,27.931474054010316,0,0
TXN101837,75.38259015448098,13.313881411045216,1,13.912827414112868,0,0
TXN101838,81.72765903526448,17.29684942253423,0,5.513803419095259,0,0
TXN101839,85.86074248195474,14.621064351581301,2,4.585619634340867,0,0
TXN101840,139.66723818688658,15.628469551438554,2,1.311719246903211,0,0
TXN101841,11.7052039809208,18.55910443585428,1,0.5084288891322581,0,0
TXN101842,45.48400908719359,17.611393745677685,2,1.6767230313133055,0,0
TXN101843,40.33505038282486,15.579291432593271,0,7.292256878979567,0,0
TXN101844,65.56754604558652,10.865160071463913,1,5.5588527574331215,0,0
TXN101845,783.8713605555673,0.950833711746621,7,334.4130551948998,1,1
TXN101846,0.587442535196637,19.289620310857345,1,21.743425560347124,0,0
TXN101847,31.631419577070496,14.940890602151276,0,3.1400453371360584,0,0
TXN101848,102.09709202525538,13.259346311020245,0,10.979193623514561,0,0
TXN101849,12.955714429291165,15.39588343815227,3,2.7341571847806017,0,0
TXN101850,25.293301030480137,9.79655959065839,2,7.485467943278939,0,0
TXN101851,131.8520233363889,19.07169402536008,1,0.459639343487453,0,0
TXN101852,45.145324967167284,16.74178464627282,1,5.136779906335015,0,0
TXN101853,27.113921044238193,9.791090362503343,1,7.319805341552144,1,0
TXN101854,88.17673681058676,14.521950775858045,2,8.095295905400327,0,0
TXN101855,213.62518759798132,9.321518127300553,1,3.9997037786409257,0,0
TXN101856,42.69532995406284,15.315933064290729,0,7.8068718172582985,1,0
TXN101857,49.65022366950546,9.674614589967888,1,4.402595623795339,0,0
TXN101858,149.69793407155203,13.028415886933702,2,5.264999131043484,0,0
TXN101859,44.4217742590455,13.335156599280177,1,1.903839494365539,0,0
TXN101860,176.9780045511398,22.369172716409842,0,6.5499851449050315,0,0
TXN101861,93.43236294556122,17.711154773151307,2,11.065253479515267,0,0
TXN101862,77.53743915193357,14.165339807209213,3,1.481766396282087,0,0
TXN101863,80.67643404464583,10.849276792747933,1,3.0188133070153738,0,0
TXN101864,25.93485200347847,12.306778996024246,1,2.084825595712844,0,0
TXN101865,56.962140189635235,8.939563547936686,1,4.882091525720796,0,0
TXN101866,19.17191536493217,9.560073611551868,2,3.021767521761926,0,0
TXN101867,96.35918550650295,10.690927818299045,2,13.062000907896943,0,0
TXN101868,83.45633566242549,17.015116322114856,3,2.186646971133625,0,0
TXN101869,9.34371468312509,19.88406756455479,1,18.273372534402974,0,0
TXN101870,4.200727133477561,14.31862326953972,0,10.100926907061805,0,0
TXN101871,123.9885304205812,8.499906240000954,1,2.0615875904134127,0,0
TXN101872,87.54202256800156,17.63872953477989,3,7.224865343563792,0,0
TXN101873,29.22748441030592,12.491207646211494,1,17.966153868812416,0,0
TXN101874,144.63448920360375,3.19534434605794,3,9.366600328743942,0,0
TXN101875,90.54843957542518,15.060333802486676,0,2.725655148186976,0,0
TXN101876,229.25634433363643,14.054868867539753,1,1.3890514033632777,1,0
TXN101877,15.398846692574867,11.902660525601434,0,3.3555850499256716,0,0
TXN101878,11.487437328708472,6.518981163058995,2,2.4160606850659154,0,0
TXN101879,19.193969536314235,17.33237503044963,0,35.509729477774556,0,0
TXN101880,38.732144143298456,12.506975336352557,3,3.9201945590808696,0,0
TXN101881,81.05888190338355,15.525494257350196,1,2.7720238419810457,0,0
TXN101882,90.59592774158767,20.85020369390287,1,5.177736173439751,0,0
TXN101883,61.26790938315238,14.105568896203902,2,15.601236155719727,0,0
TXN101884,52.69647580275968,12.478265329402173,2,19.403893107175126,0,0
TXN101885,22.764039762319754,16.698534817325733,1,12.916150173821155,0,0
TXN101886,23.202982249315397,20.476069402462198,1,2.0737603835632825,0,0
TXN101887,76.21798581354538,22.852136653187685,1,5.078458940184381,0,0
TXN101888,84.38760418716002,16.588952376118034,1,4.6794169620786885,0,0
TXN101889,96.96765506189278,23.0,1,4.496327159824532,0,0
TXN101890,145.8557734535431,18.230893117930243,0,5.787001177249296,0,0
TXN101891,91.34854627860108,19.928883863173056,1,17.214869944347004,0,0
TXN101892,45.93748118392974,7.1116812454559595,1,0.5418434330870657,0,0
TXN101893,83.24046256717543,11.191945353360959,2,5.1710693712190094,0,0
TXN101894,14.928103062735406,13.114472203080368,2,6.862743487291555,0,0
TXN101895,59.66159230494084,18.950907926135006,2,8.984456303343842,0,0
TXN101896,177.5729670806674,12.809012303562001,3,6.170297909461344,0,0
TXN101897,45.055459967872,6.095585265960771,0,2.963099497310435,0,0
TXN101898,190.96379863741205,15.803100422886635,4,6.564760009715226,0,0
TXN101899,139.1123046823936,12.937877156880264,0,12.002190004419617,1,0
TXN101900,132.0583765902656,8.51464523223077,0,3.218079945827976,0,0
TXN101901,239.19780090618622,15.262111508236249,1,8.738643863609877,0,0
TXN101902,28.210948065643336,14.090580479302183,2,6.381361106834927,0,0
TXN101903,89.7338822446583,20.53852258140454,0,5.840879048675225,0,0
TXN101904,42.59589862033123,15.424493842924836,3,9.165011985282096,0,0
TXN101905,52.22869639038835,8.821911272837937,2,7.945925238062608,0,0
TXN101906,102.40580220187604,19.580074158553504,1,16.594999209595326,0,0
TXN101907,113.39422528380753,15.758887445870192,1,13.417346480716272,0,0
TXN101908,139.34056048388322,14.033227970805214,0,11.425903838060433,0,0
TXN101909,38.79559094307091,7.285353791250962,1,2.0477211889915283,0,0
TXN101910,40.15598257772054,14.253654729320303,1,9.349826746061261,0,0
TXN101911,47.6425349378454,14.289030206105918,0,17.758774982858814,0,0
TXN101912,16.3844867016819,16.36415047566606,0,6.923448633667604,0,0
TXN101913,90.15128385182712,15.135070365063255,2,2.8734538605996605,1,0
TXN101914,33.54088740856354,12.520174733193254,3,10.857102880998003,0,0
TXN101915,49.574088922143666,10.772141254242257,3,6.0656707435708785,0,0
TXN101916,48.98831895365052,18.150439245686663,1,4.592058778741351,0,0
TXN101917,36.720058506969934,12.94674949592908,3,0.5626677559066489,0,0
TXN101918,12.465943333984558,16.330577187436035,0,9.355314064997733,0,0
TXN101919,34.49402573977612,15.882922150985813,1,18.345258358771062,0,0
TXN101920,50.548598009816544,17.193732569846972,2,5.446012977355919,0,0
TXN101921,36.17093981213157,10.068279269624455,1,4.6641837144919425,0,0
TXN101922,111.08755410699531,13.067427372893466,0,1.615374418508722,0,0
TXN101923,78.41673791168242,15.104363857798822,1,1.6247034216355616,0,0
TXN101924,103.80094435697686,12.70215148359669,1,9.107725898160972,0,0
TXN101925,113.29337559107857,19.910058167773045,0,6.112570114441881,0,0
TXN101926,98.78269211466262,20.11765515321769,3,3.1707602480771895,1,0
TXN101927,95.40172368801812,10.991688521177517,1,0.8570086980324163,0,0
TXN101928,63.240828277641725,17.362403913900366,0,1.9426360007816847,0,0
TXN101929,41.556172560984706,7.890797838292636,0,4.4222404620880456,0,0
TXN101930,65.0177469337869,11.648020480480476,3,3.443028957282191,0,0
TXN101931,96.61644795599314,14.671529139301569,0,9.343206792485589,1,0
TXN101932,287.3908810606814,12.602407524467008,2,2.937880084601386,0,0
TXN101933,157.82854664724704,19.928923850631545,3,28.65945460253309,0,0
TXN101934,114.36268438471943,14.083010959442058,0,7.554503348434293,0,0
TXN101935,42.238949682788636,23.0,2,5.147109628425758,0,0
TXN101936,97.8809016224605,19.444339892313632,2,1.2967291729662576,0,0
TXN101937,45.97432019689323,2.4467545201298257,2,2.0717361846924485,0,0
TXN101938,168.927646488152,14.435731481750853,2,7.656461287645747,0,0
TXN101939,115.21220059991907,12.964739267346882,4,8.206112800909972,0,0
TXN101940,55.9107201642794,9.013782795103182,1,32.91595746466568,0,0
TXN101941,54.140755388571165,12.73171245292899,0,1.8115531761059636,0,0
TXN101942,324.1163545399855,15.386383620141167,1,4.27405889680471,0,0
TXN101943,16.000989880324767,16.031915856129274,1,12.858065451648281,0,0
TXN101944,44.08405690771164,7.38149325922956,0,5.544422438747323,0,0
TXN101945,159.31491619391082,15.1427135013079,1,9.79994043359826,0,0
TXN101946,64.91435787565763,12.43783752478857,0,5.387840636676273,0,0
TXN101947,55.16849825218729,23.0,0,11.33540974212514,0,0
TXN101948,155.4708265332942,17.685884699790122,2,35.57139695421529,0,0
TXN101949,42.741863239557425,11.705303499213969,4,6.602597185709288,0,0
TXN101950,91.42079415235082,15.442436000229636,0,9.783748713681113,0,0
TXN101951,101.6630680810257,17.005247956079963,3,16.91176613881626,0,0
TXN101952,81.94609885641916,23.0,3,10.745872644475797,0,0
TXN101953,74.54473730846411,14.83889290693762,2,18.06192149569197,0,0
TXN101954,58.966666411585216,9.49289981204263,1,13.17522254315115,0,0
TXN101955,50.15913116903757,14.26923414600394,1,3.4937394931329218,0,0
TXN101956,15.640591297944162,16.169615110825358,3,8.040115313802117,0,0
TXN101957,25.042472467603503,10.711962711330155,0,4.071196521726085,0,0
TXN101958,108.26179312304532,16.78841948829334,2,6.99492118262312,0,0
TXN101959,56.115061106359114,9.635078498549145,0,4.7209111460379765,0,0
TXN101960,30.473557080502847,5.684627605532381,1,29.304886521152774,1,0
TXN101961,87.12724923964636,12.595935381752522,2,3.634322868656383,0,0
TXN101962,56.39008400538083,11.993789758828086,0,4.268135641012567,1,0
TXN101963,71.23094460068539,16.331860871629313,2,5.422512764107335,0,0
TXN101964,59.72721525565032,15.68855190943077,2,23.58064094441978,0,0
TXN101965,28.827555163686192,16.960308451371645,1,4.8705169315817995,0,0
TXN101966,17.86471860804456,12.983818322384346,2,8.213923546863697,0,0
TXN101967,20.03637123084922,16.08008012282132,0,23.56106573632772,0,0
TXN101968,61.85409438210761,10.416378396285747,1,7.536516108832964,0,0
TXN101969,54.42487115904744,18.37363854050013,1,7.544590638697214,0,0
TXN101970,21.434397753329648,22.16970257315375,1,6.263641513069924,0,0
TXN101971,99.79177731534172,12.579101876408751,4,35.973824676155395,0,0
TXN101972,54.05764563552867,13.605873531062187,0,9.986409904711286,0,0
TXN101973,153.5657392926534,4.206286734841326,2,3.7515610760535156,0,0
TXN101974,99.01550873335383,10.47358879962787,1,9.313156625970239,0,0
TXN101975,49.12702386861468,13.035872474074072,1,6.622943221242443,0,0
TXN101976,84.2767469300773,12.98802894233961,4,8.932608113774345,0,0
TXN101977,191.2633700900116,9.986492959280259,2,1.6614916525126733,0,0
TXN101978,33.097518380202125,12.578937966626885,1,2.345917740711476,0,0
TXN101979,43.2296435922286,11.19736213251874,0,3.8312049142001046,0,0
TXN101980,32.51107732213855,13.828141752183216,1,6.697640518174382,0,0
TXN101981,95.34627706492478,18.99258020579858,0,9.557331235950002,0,0
TXN101982,75.22447064279446,14.694226182712148,0,0.9290262321970251,0,0
TXN101983,101.14500195887882,10.031148324970083,0,1.6860374821166604,0,0
TXN101984,106.01304845492349,16.784596774974585,2,17.098482484950342,0,0
TXN101985,33.606287341171445,11.595021249833632,1,7.187983143211875,0,0
TXN101986,113.32330920815451,19.54444173895905,0,10.28114374854873,0,0
TXN101987,181.48132897408814,17.548921357634935,0,0.865666698738156,0,0
TXN101988,97.04242738134334,14.787177773710942,1,3.097906326429632,0,0
TXN101989,38.62078772203105,16.007693198886482,2,4.445232650939974,0,0
TXN101990,79.38893414270507,7.262500828761769,2,21.080240962702756,0,0
TXN101991,10.904372694285287,10.140916984949225,1,8.775427430675313,0,0
TXN101992,129.72277676737536,19.99909907480974,1,4.930742838700784,0,0
TXN101993,10.180354843664837,14.43856077662933,1,5.6029466725643875,0,0
TXN101994,94.86900507041415,9.953047530592755,2,5.945393821050039,0,0
TXN101995,57.34780969273019,13.875518473937408,0,6.2148858003742475,0,0
TXN101996,30.188808068849156,11.754035049205243,1,1.9661272913291965,0,0
TXN101997,82.84200815193509,12.342910441695297,0,15.871388091295437,0,0
TXN101998,158.08822982793086,13.395590888652237,0,2.244125087585022,0,0
TXN101999,115.19765869562775,19.25983437026373,1,10.952456364638792,0,0
TXN102000,37.14409634260159,14.099765867386074,1,12.324630259913064,1,0
TXN102001,79.79454333606392,13.053925392662698,3,13.952890393533748,0,0
TXN102002,68.22823388896037,14.043328241916987,2,2.326705703037791,0,0
TXN102003,128.70626201363163,11.5281720915221,1,1.2751113146381399,0,0
TXN102004,129.95402596000733,19.38954700886509,2,12.80762685944828,0,0
TXN102005,77.3647780862653,12.506985044905619,3,18.51350649610194,0,0
TXN102006,79.9612753076351,19.130248471690024,3,19.952425405140627,0,0
TXN102007,32.62678253567152,1.8181474908768571,0,13.821125263969492,0,0
TXN102008,111.63334133456928,14.101144850576949,2,6.837681901143418,0,0
TXN102009,36.89519349755408,12.725381110385722,1,12.640318304083744,0,0
TXN102010,24.94364536664882,12.300631486282311,0,13.57232871217958,0,0
TXN102011,105.30545519221937,12.27891975797194,0,1.8575680847242662,0,0
TXN102012,22.6179964249669,13.876992864547105,0,11.33607382834133,0,0
TXN102013,56.94615958783524,16.188639977512256,1,0.08090269508680645,0,0
TXN102014,79.67035073958785,9.738245071073404,2,5.559633114229711,0,0
TXN102015,76.13420158348687,17.027611891907807,2,22.37638511662181,0,0
TXN102016,182.68487137196306,7.268118984758677,0,9.857526121547993,0,0
TXN102017,236.1679958362534,10.132484294421344,0,10.930459364900662,1,0
TXN102018,43.480275723532216,17.3425418275652,0,10.119446235894609,0,0
TXN102019,133.02170078961606,6.9243398928305435,0,14.775983384747187,0,0
TXN102020,68.68891931900933,8.783010021377194,1,10.956320136645735,0,0
TXN102021,32.97285762378398,17.793187831494002,2,1.176570115701535,0,0
TXN102022,99.55518784199144,12.30527115439092,3,2.3246291226715696,0,0
TXN102023,11.52964380735878,11.746365468251046,0,5.766443782709593,0,0
TXN102024,114.82842258191887,20.594010834155604,2,3.116316671508428,0,0
TXN102025,547.7642856954483,1.362063336317953,5,247.94683678303358,1,1
TXN102026,34.303539331324885,10.567208727676405,1,2.9367165675697295,0,0
TXN102027,94.41981646049601,14.303455556373667,1,1.495218240990148,0,0
TXN102028,67.57637513639706,10.559320548636476,0,26.65825649752536,0,0
TXN102029,142.91293827908578,15.358117584899563,1,4.441531956190432,0,0
TXN102030,124.38164116625,14.868450861447435,2,6.210818774307373,0,0
TXN102031,30.137522186844098,14.217733014047964,0,9.826372003212871,0,0
TXN102032,37.247712339311704,11.482599620502922,1,14.38821010678012,0,0
TXN102033,40.03440705467601,15.15768629140426,0,2.2098650386054897,0,0
TXN102034,136.83171917208432,7.776487667435121,1,9.094446058541543,0,0
TXN102035,130.75146645049313,16.036859187271407,0,2.425652049381517,0,0
TXN102036,166.77906415966444,9.442758174976046,1,5.4020994197004315,0,0
TXN102037,33.49641631589289,18.122260311657094,1,3.3298617816790483,0,0
TXN102038,1015.2134136070003,7.457017337712894,9,536.7026043015292,1,1
TXN102039,203.44780502588742,14.27559317453495,0,3.0394695590762746,0,0
TXN102040,97.67289733190573,14.64947944126404,1,2.9339230001519057,0,0
TXN102041,135.9421556748955,10.991189089222082,3,6.801109562317093,0,0
TXN102042,69.04704447475989,13.896901394544079,1,3.629496184917804,1,0
TXN102043,89.41562537729622,12.680702715058965,2,4.152226124171505,0,0
TXN102044,26.195229611214362,12.703380756049414,2,4.057881293262283,1,0
TXN102045,100.65623602498451,11.298938638963097,1,6.937321867043692,1,0
TXN102046,65.35089338438019,6.632153151424577,1,6.81515570966316,0,0
TXN102047,13.220057495627733,15.730716839654312,1,5.777759577853152,0,0
TXN102048,80.13207376250485,11.896947561547984,1,20.2524107788415,0,0
TXN102049,14.070465230452157,17.291391667588833,2,4.670200186068679,0,0
TXN102050,61.48196418608313,14.107028238555422,0,21.01386020778544,0,0
TXN102051,194.8133995299618,17.15648726975571,1,24.811913215277357,0,0
TXN102052,51.2780621551953,17.272931055249376,2,2.568290601891346,0,0
TXN102053,67.83047898543911,10.221269200715932,0,3.1045421699695686,0,0
TXN102054,42.464572182810514,16.709889601855604,1,10.626312760087341,0,0
TXN102055,50.753413513196335,18.531931411730056,1,16.929835366869423,0,0
TXN102056,82.16451387050688,13.474501471783206,2,4.141627111630847,0,0
TXN102057,51.829198001450116,12.649626118207472,2,2.2949265243709704,0,0
TXN102058,79.22762825530252,15.77684411654632,0,4.086871512668529,0,0
TXN102059,66.44358809408627,17.465715938774593,0,4.918620504731166,0,0
TXN102060,32.31029363056414,15.213820336758145,2,3.115032138268439,0,0
TXN102061,116.31299151854452,19.137082383855628,0,6.271819931747917,0,0
TXN102062,65.1415121916298,13.351831249034575,2,0.26607033043920836,0,0
TXN102063,70.55059187201373,21.325016799114916,1,6.234597751259621,0,0
TXN102064,79.50849669681554,17.574790932833636,1,5.191894204919626,0,0
TXN102065,41.31500167452743,11.396931848327927,0,14.40595842324437,0,0
TXN102066,69.27426001004115,9.200901152064493,0,23.78443659923656,0,0
TXN102067,62.13951536822279,12.337302932216343,2,9.850618506092294,0,0
TXN102068,34.43501305580449,12.428013579831491,1,2.7779265845381196,0,0
TXN102069,123.95058656333572,21.237153774206362,0,6.787800508698119,0,0
TXN102070,121.8224231638377,8.871161748225912,1,1.5748578125013193,0,0
TXN102071,89.116127307055,12.898685783790697,0,3.2844338343919817,0,0
TXN102072,50.9034015159655,18.516746112982496,0,6.053902245869968,0,0
TXN102073,28.000657692142727,14.026401760897961,2,1.1493826640256153,0,0
TXN102074,33.47131217750629,15.734873540097375,2,10.921502425822148,0,0
TXN102075,9.91069291717339,19.889377168695948,1,10.765614190191773,0,0
TXN102076,129.3286162232377,16.22008488323758,0,6.893229435772955,0,0
TXN102077,13.3534824086629,6.472804864689484,1,1.5946294606090254,0,0
TXN102078,73.8016767741703,7.760939289173156,1,10.376203578852243,0,0
TXN102079,11.981551413904752,13.743020726186243,0,9.498828745641429,0,0
TXN102080,75.42932681097344,11.986166323689977,2,8.061685738413425,0,0
TXN102081,54.568166833639005,8.751949699925301,1,9.611818576335601,0,0
TXN102082,234.00455345936035,8.294329073482917,1,5.131176706815093,0,0
TXN102083,83.65577454783687,16.822037925134154,1,4.708270066111564,0,0
TXN102084,155.18270344076916,12.387139374641425,2,4.0970912087469955,0,0
TXN102085,73.39634939264592,20.019059607990435,2,4.573187731550287,0,0
TXN102086,81.86803205890045,11.355597039390995,1,17.3692967908533,0,0
TXN102087,97.37083337730999,11.121831993796427,1,17.61977803654568,0,0
TXN102088,80.6946842173005,15.028385602820116,1,3.524819802261119,0,0
TXN102089,50.209857057212695,8.08395565097958,0,7.472563733167551,0,0
TXN102090,138.9621300878482,11.093084750092265,0,2.3792511086377175,0,0
TXN102091,49.67299001900347,9.828254642808265,1,20.270429840629692,0,0
TXN102092,36.09735717972261,11.715646556302808,0,12.778092501255562,0,0
TXN102093,146.12431117960693,13.699077948098726,0,2.5560718456757976,0,0
TXN102094,112.64749366624235,23.0,0,6.8431383548708125,0,0
TXN102095,123.86815684984496,12.932486208631907,3,0.9281000747682586,0,0
TXN102096,176.8041983289171,5.520058803605062,1,5.000944159782398,0,0
TXN102097,95.356752968206,9.067167652586239,0,15.962898163979126,0,0
TXN102098,60.15729504806919,13.800268414602971,1,12.292609211218066,0,0
TXN102099,66.19651196807123,13.724801842112921,2,0.8822212775843119,0,0
TXN102100,13.517697218983905,14.648127395495937,2,3.7602779466797784,0,0
TXN102101,90.93770212484341,13.118175126875602,0,5.154003309655568,0,0
TXN102102,101.71012066055806,22.054729878789512,3,0.5514745994166395,0,0
TXN102103,39.24390426066851,16.082633569607175,0,15.455038971417153,0,0
TXN102104,143.47705809978837,11.660350889728322,5,17.56855763008269,1,0
TXN102105,66.47689247223497,7.2073673025411304,1,1.3901815241811832,0,0
TXN102106,65.79069869783004,5.759351383874058,3,8.066435108773058,0,0
TXN102107,209.89539793220126,18.291545881250006,3,25.78343389926655,0,0
TXN102108,94.17854357032408,17.839521598328243,2,8.40069552854419,0,0
TXN102109,120.6049346329279,13.364623004818549,2,10.901881980980532,0,0
TXN102110,31.99616573396729,14.374262083632866,1,8.528715218275106,0,0
TXN102111,24.139877318802046,11.805420650393325,1,14.46594771018788,0,0
TXN102112,76.20690189892075,12.690848354477776,0,6.168132917718601,0,0
TXN102113,138.45302814356594,23.0,1,3.143835267438723,0,0
TXN102114,67.31832960180705,16.57454400241496,0,1.422055537211263,0,0
TXN102115,97.54617163161407,17.12193700501104,2,6.1596498057283995,0,0
TXN102116,51.83386537865449,6.984692621645401,1,14.530985500348972,0,0
TXN102117,47.85217674131318,12.536121425071176,1,12.289460103415632,1,0
TXN102118,215.71042966308792,13.072222653053444,1,0.321751069443647,0,0
TXN102119,52.8138730782364,17.702753729840992,0,12.879745820990625,0,0
TXN102120,47.913042094354445,20.00208443544485,1,15.380017821547865,0,0
TXN102121,91.74644448052786,11.144361675214636,1,6.055925612777841,0,0
TXN102122,121.8697563970852,13.845879424797198,3,4.87176755337442,1,0
TXN102123,53.535038404749564,10.166226520352968,1,4.864315922517681,0,0
TXN102124,89.63929148154051,3.4946996150109495,0,9.657854704156453,1,0
TXN102125,51.664609856407125,11.241148900674075,2,1.4490326217960487,0,0
TXN102126,71.98121493682423,16.272421148359825,3,45.921589383053025,0,0
TXN102127,22.25924057298991,14.072488936348144,2,4.07345146259699,0,0
TXN102128,93.7862154192262,15.659203494583979,1,4.272537159978963,1,0
TXN102129,33.004828510938886,10.720145600395592,2,9.80971399253679,0,0
TXN102130,43.47549168674257,14.961578598144959,1,12.551819855234774,0,0
TXN102131,27.42170055774739,15.191192671771738,0,8.222066208426428,0,0
TXN102132,85.66250736223323,19.79807589716257,2,2.7347698236008338,1,0
TXN102133,65.92426444771435,11.71769767899703,0,13.566288764784533,0,0
TXN102134,34.92838595286308,16.109818561849956,1,1.282021544292244,0,0
TXN102135,26.716862828133998,13.264354214943912,1,4.064707716894787,0,0
TXN102136,155.51249195866043,18.809629479864803,1,3.1577241889222925,0,0
TXN102137,100.66059551090179,11.978035447376437,2,10.884280754469387,0,0
TXN102138,41.11249332565403,17.078353018493264,2,3.688933127597001,0,0
TXN102139,42.700303309414,13.209859443398175,1,9.817182781204954,0,0
TXN102140,107.0434860929029,10.669672680016932,1,6.267800257231287,0,0
TXN102141,60.03718073881073,12.416193380503097,2,13.300020504768623,0,0
TXN102142,233.0860499400416,13.689713956639638,3,4.682694355854135,0,0
TXN102143,116.52991707839986,12.988809676170995,1,3.9603361984542884,0,0
TXN102144,188.0753515206477,13.055169275700829,0,8.331200392210972,0,0
TXN102145,80.04218708690817,11.3768512057522,1,3.04219421054482,0,0
TXN102146,40.73168990220733,16.390871971259312,0,10.172374241805516,0,0
TXN102147,33.394854548389695,13.91547688795494,0,10.05879335469404,0,0
TXN102148,169.04321593899124,9.160674419009954,0,4.8516611113617225,0,0
TXN102149,67.42875122168113,18.58717664843958,1,16.37344130457994,0,0
TXN102150,7.5706754140453825,12.646995585265515,2,3.3727193169238507,0,0
TXN102151,174.37465822969514,11.770104804205875,4,8.606550168934133,0,0
TXN102152,109.35950736495037,15.684969154564996,0,1.015742729508585,0,0
TXN102153,173.58663258250442,13.852777922734905,0,2.6453826768131345,0,0
TXN102154,172.38367790839442,7.601495150649802,2,11.2328729809127,0,0
TXN102155,24.08990399735714,12.624972724984342,0,19.20004515019536,0,0
TXN102156,53.6482627727913,15.60002694692434,1,1.8459728852359891,0,0
TXN102157,167.55840528791714,17.301401439605172,1,3.7749172798584203,0,0
TXN102158,124.0683895471833,13.510103355566555,3,2.8900540092086113,0,0
TXN102159,78.02657999270869,12.597237809599608,2,6.288997767510915,0,0
TXN102160,24.912159804769637,9.122652810827557,0,3.7706223363633167,0,0
TXN102161,142.19359575093227,17.2688618056367,0,4.933429134862301,0,0
TXN102162,52.95803227281936,14.907166148539769,2,6.3719362820023235,0,0
TXN102163,40.576664091769786,16.598700131968258,1,7.906693760592104,0,0
TXN102164,32.378173842676475,15.199632494579923,2,3.2317904421174126,0,0
TXN102165,117.21288686619391,18.720928570360254,1,3.197113925438221,0,0
TXN102166,44.57961945766439,11.484601755266842,1,8.462951350304824,0,0
TXN102167,114.17647351455881,15.277625020516439,1,7.550742622093306,0,0
TXN102168,82.72450337654584,18.35359226681191,2,9.294205707267896,0,0
TXN102169,138.07248429388966,14.353430949097397,1,4.124039443790009,0,0
TXN102170,140.61628812703634,12.070441061533389,1,5.431513719358689,0,0
TXN102171,76.60480402949798,16.487180419803266,2,8.84492893145767,0,0
TXN102172,91.67743108300913,6.352200846340535,2,8.076194050289047,0,0
TXN102173,168.3289944458424,17.380818849247152,3,3.565364770184913,0,0
TXN102174,15.760976557339646,17.08810983131228,2,11.781880008026897,0,0
TXN102175,377.7590944818991,12.119511369516525,1,1.8745424846818406,0,0
TXN102176,58.16285895573645,15.548967706712158,2,1.1652868163995094,0,0
TXN102177,50.868602906074315,14.059382841985869,2,9.253904852669718,0,0
TXN102178,81.62427789793652,18.210708643548198,0,11.26971764453022,0,0
TXN102179,82.89972480733141,20.030170617388777,1,4.645306373346344,0,0
TXN102180,138.11448337207625,13.051511912101454,2,1.3033909969935253,0,0
TXN102181,138.2542964332851,17.55634972750528,1,9.51629612801703,0,0
TXN102182,259.80499922349406,14.989671715575192,0,2.3539697247289015,0,0
TXN102183,106.57904870153325,14.129013664933728,4,4.5380289460750145,0,0
TXN102184,33.54420651237327,17.452297598756015,2,18.05615470469635,0,0
TXN102185,15.234822074127015,14.40481025968763,0,1.0920639360649256,0,0
TXN102186,296.4690925170874,0.0,5,589.9171940823247,1,1
TXN102187,63.478653629907534,12.51498693619148,2,6.9171611132165225,0,0
TXN102188,29.14870050207997,8.747236061897956,2,5.0426517317393635,0,0
TXN102189,85.93310615177592,14.174211621709418,1,2.7494785408205313,0,0
TXN102190,6.758239129641007,11.404908661308337,1,13.375358846606865,1,0
TXN102191,92.54555407496727,14.272392270815315,0,4.419797060412723,0,0
TXN102192,46.75247356080401,15.651163940212728,1,12.154452632222448,0,0
TXN102193,84.49094797576666,13.593008322653999,0,7.037448241553545,0,0
TXN102194,52.95979874052489,22.790736579984582,4,2.823157341702254,0,0
TXN102195,81.30061523556138,12.18508086694078,3,0.8431287376542856,0,0
TXN102196,54.14336661753042,9.117214714413088,2,3.8877987444907425,0,0
TXN102197,73.09642080560026,15.051469092811354,1,6.014409092149661,0,0
TXN102198,6.789118066769521,15.242907722021794,0,1.4840114378722344,1,0
TXN102199,85.58803931986338,14.433960444379393,3,12.537242726022686,0,0
TXN102200,61.78601133735826,9.500920582114617,1,0.9052370274096472,0,0
TXN102201,34.78410900030776,16.054939242901703,2,0.37990242832929183,0,0
TXN102202,86.63813982637095,17.259230315590653,2,10.461204753523251,0,0
TXN102203,84.29466302608293,16.75590865578305,1,19.27675289190544,0,0
TXN102204,86.65866506513318,11.426708572616542,1,17.656074266232288,0,0
TXN102205,87.67061604269404,14.405916916681564,0,13.17676311095897,0,0
TXN102206,176.60724347738784,17.14721704152104,0,9.458892778602797,0,0
TXN102207,50.96493153303194,12.241421335712353,1,5.251752158334803,0,0
TXN102208,56.34840630017969,17.436480671283327,1,6.474464132973566,0,0
TXN102209,17.552889323119633,10.995595299919678,1,2.6777237720184366,0,0
TXN102210,19.4193681118553,5.860725729624802,0,2.053961162333006,0,0
TXN102211,39.808798910383864,13.838209602673814,1,1.8078490266482152,0,0
TXN102212,20.050777223388963,20.806773790195443,2,4.338663265406724,0,0
TXN102213,75.40987102973067,23.0,1,5.1308564121714575,0,0
TXN102214,68.84455960889845,10.645920854103771,2,5.4999580473793905,0,0
TXN102215,129.62678849050374,21.40434665763547,0,14.846697862089922,0,0
TXN102216,46.99558540253243,7.077631506486964,0,6.136830466708667,0,0
TXN102217,38.21397228182637,15.883478919488955,1,8.003686944899268,0,0
TXN102218,178.98212543281278,9.51536115866409,3,0.7217691754719198,0,0
TXN102219,94.61802275144903,9.613996117418916,1,8.655819671064954,0,0
TXN102220,95.03125845453441,11.825156625139869,1,8.844265619386208,1,0
TXN102221,129.23301808279672,13.427578088290979,4,5.407378308854723,0,0
TXN102222,151.92380017258785,16.191332978566837,2,4.921148736779834,0,0
TXN102223,26.27670880210635,3.46114438713812,1,4.008138091902639,0,0
TXN102224,85.06024469667302,16.458909417541474,1,8.798573923569364,0,0
TXN102225,36.48738607414905,14.902954462480803,2,0.47248224086895807,1,0
TXN102226,83.61544240675283,17.592001467685932,0,7.461869522344671,0,0
TXN102227,132.17175313370555,10.725126535846165,0,18.54284440098605,0,0
TXN102228,87.80105670123706,11.980842257670945,2,2.0192333297191074,0,0
TXN102229,66.21586968493584,17.653661663916225,0,3.1702206998438753,0,0
TXN102230,19.17399358822742,12.37361929790335,0,0.3495849544426965,0,0
TXN102231,10.421792502039729,10.901442265000718,1,13.85828001840556,0,0
TXN102232,165.25941585741867,11.287007260632294,1,3.6673481427687,0,0
TXN102233,41.693102657732446,13.434926052146029,4,2.1510002256115026,0,0
TXN102234,68.95648611318387,10.405475524403574,1,4.532650473611139,0,0
TXN102235,45.52824258209191,21.162315372460533,0,11.695845338840353,0,0
TXN102236,47.10968345980584,12.4183340331914,1,2.797824962288431,0,0
TXN102237,1784.7853542141004,5.8166071809182345,5,519.8240381155695,1,1
TXN102238,39.33438019419106,9.223758079901412,0,11.882795468812228,0,0
TXN102239,58.11935892772385,7.0906779147053856,1,4.078929941693687,1,0
TXN102240,82.7609358867221,10.123089147605326,0,13.779532247238302,0,0
TXN102241,43.621958951059305,16.159963325975248,2,2.469205183772733,1,0
TXN102242,80.49892925235542,19.768813010054746,2,6.1696869109720645,0,0
TXN102243,63.957740072649905,11.681334553786886,1,13.795522226028591,0,0
TXN102244,166.57697166743765,12.174158025630321,1,3.72816174289966,0,0
TXN102245,110.05009227612909,19.38897851232441,4,4.854959972602003,0,0
TXN102246,15.661591077674071,17.40323754949342,5,9.60268069054901,0,0
TXN102247,38.69036342983085,12.744044003577171,2,10.572519344668592,0,0
TXN102248,82.91802826529846,17.718284506457827,1,1.6819459802613654,0,0
TXN102249,121.61044817127902,8.906572496983346,1,2.205486217653769,0,0
TXN102250,68.04804491015537,17.15816891103549,0,10.803508673735688,0,0
TXN102251,47.234355045292666,19.401272254350168,1,4.354159490392814,0,0
TXN102252,36.591473556771426,9.18839723657688,2,43.875222936137554,0,0
TXN102253,154.84804464296755,12.37683735610713,0,9.641400211043242,0,0
TXN102254,40.37050655725541,14.565355299656012,1,1.4875577376792084,0,0
TXN102255,46.36903144775488,14.007943284244627,1,1.4461276317184655,0,0
TXN102256,27.585685808386565,7.216202850365395,1,8.51590326853698,0,0
TXN102257,81.66685807796178,14.065774512820939,1,3.187401552402159,0,0
TXN102258,13.674425314754696,15.429996927791809,1,17.54756853516634,0,0
TXN102259,28.807601467385968,9.00796398568454,0,8.199535414522312,0,0
TXN102260,23.30708224746067,18.382494624016147,2,5.59113612883003,0,0
TXN102261,62.093828947507845,11.911047933658757,3,0.7560303200111025,0,0
TXN102262,123.62500892467438,11.846493024071098,1,8.650957822242816,0,0
TXN102263,63.46574305596485,12.813037087338198,1,3.5226696339672396,0,0
TXN102264,61.1877787409868,18.281491536942834,0,1.2420581490750324,0,0
TXN102265,47.0638694952363,14.109030531307754,0,20.194839323580247,0,0
TXN102266,54.47384247481739,14.844182082668928,2,8.691831674416191,0,0
TXN102267,154.4092427917211,9.254673929756748,0,10.728307456763577,0,0
TXN102268,39.176862042557914,15.480103937792855,3,1.5180915505016654,0,0
TXN102269,53.30531666230395,18.40106563718441,1,11.919509097845655,0,0
TXN102270,33.85972247578414,12.202146843954937,0,3.239655032263153,0,0
TXN102271,338.67091339815005,0.0,9,434.14325309700433,1,1
TXN102272,100.05446003143554,8.141273546317443,1,2.3802412548021836,0,0
TXN102273,83.95399215911809,15.203933833123592,1,6.62338869165197,0,0
TXN102274,18.626239842259118,16.618862695742003,1,2.507829525564176,0,0
TXN102275,114.89579920987376,16.71075498937021,0,31.9083643785222,0,0
TXN102276,50.251233697596945,11.60288883689616,1,0.11878254708466718,0,0
TXN102277,53.96988517448377,15.98852517823773,0,4.322122159628791,0,0
TXN102278,81.0224746344546,13.486676334779947,1,15.405747567831053,0,0
TXN102279,11.65386422598084,15.971366034256306,2,0.7861385298116605,0,0
TXN102280,39.208726426705894,15.852059391838718,0,11.702236274982436,0,0
TXN102281,97.54876635868462,14.617099216790786,2,11.034259017958906,0,0
TXN102282,32.51768370468334,14.405213745120863,2,5.654104077367061,0,0
TXN102283,245.95645581689777,9.966815159807364,0,6.834726074252,0,0
TXN102284,83.59759601316135,19.127369928142905,1,14.025792487422652,0,0
TXN102285,22.224210872961443,16.513859528776987,1,3.0999789506927407,0,0
TXN102286,5.774303918833947,16.480769627983953,2,7.0433992023719325,1,0
TXN102287,47.65455227319939,11.72823085925075,0,17.727918870614797,0,0
TXN102288,34.78170874084948,9.915686194721484,4,19.328257351135868,0,0
TXN102289,200.59822514280626,16.105565301777947,4,7.404660624225361,0,0
TXN102290,30.46603347462427,17.37168298110761,2,5.6223194207977345,0,0
TXN102291,130.52865476705026,10.056755079515415,1,12.941953307448248,0,0
TXN102292,30.78209687672549,8.74599220268294,2,9.47149255001262,0,0
TXN102293,93.96032922751166,14.796474000664132,2,1.3544747156929322,0,0
TXN102294,95.24847093390441,15.765803935538413,0,3.7051845728585295,0,0
TXN102295,120.18924440077495,14.934499443677216,1,2.779834383603352,0,0
TXN102296,34.44461072399986,17.201078736625437,1,1.8610969694741089,0,0
TXN102297,103.56082595382786,22.737823576503015,1,18.26315658062211,0,0
TXN102298,15.928094809290048,18.672388006413403,3,1.6137337516535664,0,0
TXN102299,38.43317171346368,16.084281658324958,2,12.184480312501618,0,0
TXN102300,102.74973909464674,9.681857920277853,1,9.706146585133862,0,0
TXN102301,110.19193579967391,16.09222271535703,3,5.815803047509462,0,0
TXN102302,79.21741496844903,10.118293741038912,1,4.803085705188836,0,0
TXN102303,54.30900778481469,15.891379119436174,1,20.882168649955453,0,0
TXN102304,98.37048876103951,17.549486441932576,2,16.54135107303765,0,0
TXN102305,53.25134195916937,16.099996679605823,2,2.8989708662290434,0,0
TXN102306,55.68988120517571,16.98168113085682,3,0.7235632388275415,0,0
TXN102307,7.843103378411769,11.701411186480783,0,2.8397814405046544,0,0
TXN102308,98.12603978715157,11.336738721096618,2,7.674517750634077,0,0
TXN102309,76.11914958027792,15.54267490564241,1,2.460810545549363,0,0
TXN102310,14.47250075694084,10.30010362704748,0,5.548661911428709,0,0
TXN102311,187.22988814787894,15.157108604810496,2,10.027490385613389,0,0
TXN102312,41.45371106508278,9.393380706752065,1,6.677736639950433,0,0
TXN102313,90.27560268002685,9.338452683344213,1,2.5484653200126512,0,0
TXN102314,65.87437033380469,19.8632225194806,1,20.579094240530882,0,0
TXN102315,69.93511756452024,15.666102819002948,1,5.2672461951760265,0,0
TXN102316,76.71841036465858,13.20553517212432,0,8.195310139379133,0,0
TXN102317,16.486527825036767,15.595857050838163,1,1.0149118482863537,0,0
TXN102318,190.5029837720859,12.389176418372815,1,17.791087439075927,0,0
TXN102319,74.56741327323421,12.401872246237986,3,4.882490591377645,0,0
TXN102320,139.47055496869746,18.434592479776196,0,4.602403805108633,0,0
TXN102321,5.042803689846595,17.563425788072557,5,1.0951438816118377,0,0
TXN102322,132.32601967988842,14.252300873633152,1,4.42261525828777,0,0
TXN102323,44.64085215209999,9.660487067564922,2,4.700875909425761,0,0
TXN102324,71.80318985442153,11.338811039993349,1,0.9572647025905561,0,0
TXN102325,36.090262488996046,16.69343602503641,0,0.7875200574540796,0,0
TXN102326,120.68070213978162,15.238655626447109,0,10.985378230664447,1,0
TXN102327,42.6083369761359,6.518587710323518,0,18.412223096187383,0,0
TXN102328,88.81167065233049,16.671160719493983,3,4.32982494966746,0,0
TXN102329,65.060589742475,14.621001300163895,2,7.778905676936734,0,0
TXN102330,157.8077872857067,17.609861269700247,3,8.477391472627273,0,0
TXN102331,25.55874837715093,12.996957996570064,1,5.036216745933269,1,0
TXN102332,2.356708756281621,15.104797144769636,2,26.467407380663538,0,0
TXN102333,27.91705079670582,14.67825729183331,2,13.240872249458587,1,0
TXN102334,19.315199466440923,19.574197957856146,2,6.488646366857531,0,0
TXN102335,50.4071178626846,17.493732266191955,1,8.872372694277818,0,0
TXN102336,109.70616753817417,13.926341116638755,0,2.833418959391702,1,0
TXN102337,70.60315750928484,12.563650387610428,0,3.582714983536333,0,0
TXN102338,10.135403559199453,18.389254471912707,1,10.15107171483492,0,0
TXN102339,231.7990070289485,14.880852216581713,0,1.2552093674171927,0,0
TXN102340,15.684836383322882,4.416238615599742,1,6.810307119563641,0,0
TXN102341,70.31405956655965,12.605602046366405,0,6.297071077950971,0,0
TXN102342,266.36287717551534,10.492292205966216,2,9.184308643370105,1,0
TXN102343,171.83468006482582,17.15340894813497,2,12.741584946706954,0,0
TXN102344,68.94240504792522,17.151169286078144,1,23.12561318164096,0,0
TXN102345,140.38784627441584,10.539768530770028,0,2.064042288256772,0,0
TXN102346,42.50012400833584,12.065739342765324,0,7.139959268114525,0,0
TXN102347,24.849776713511375,19.925786001313547,1,7.885427398155654,0,0
TXN102348,161.41712704225563,20.37678545103926,2,1.5222291253473632,0,0
TXN102349,86.86234276755988,10.063979545105138,0,11.032958055793827,0,0
TXN102350,98.14340874223574,11.506515388921233,1,3.033374779904041,0,0
TXN102351,97.81975208382549,12.00931259259838,4,6.992917248105482,0,0
TXN102352,122.51864697595312,15.615363779142427,1,1.8491945627129223,0,0
TXN102353,53.023349165920294,14.826584369840768,2,1.936998789672726,0,0
TXN102354,122.7775486376032,11.805935560404954,2,2.7150026656510717,0,0
TXN102355,74.54202846920195,11.710186894783893,1,8.395177470598522,0,0
TXN102356,13.199398193510188,12.949559116214331,3,6.7994666656567615,0,0
TXN102357,27.948729545132043,15.16493217839386,0,10.499519956349541,0,0
TXN102358,52.93891284332132,7.227719742595244,0,7.866070506245934,0,0
TXN102359,72.98958960229585,18.342339516894896,0,15.42280775871223,0,0
TXN102360,97.81728639422596,7.791332541935601,3,6.29471076367622,0,0
TXN102361,211.34721337710616,16.442764472897576,4,10.075752904485482,0,0
TXN102362,170.6938065700794,17.765785772187645,1,2.9876841493994344,0,0
TXN102363,20.731388278362473,17.163154084736128,2,1.593691231599216,1,0
TXN102364,76.74503142154657,16.852059444310083,3,5.039938702642406,0,0
TXN102365,67.14997596260991,13.020326102300682,1,4.337733710158856,0,0
TXN102366,94.80841668362635,14.65900841561886,0,0.7562390448302675,0,0
TXN102367,51.81396223448242,17.033932467844174,1,7.986516085574138,0,0
TXN102368,89.0339185251704,15.839776779206876,1,8.56693140640926,0,0
TXN102369,24.316367732010683,14.551487685980769,4,21.595715066358046,0,0
TXN102370,21.313896390149925,16.41684138892738,1,4.833882905962471,1,0
TXN102371,67.74123899265166,8.909022233028915,0,12.726087733123197,0,0
TXN102372,7.589571497161501,18.524876690120966,1,10.642586671887864,0,0
TXN102373,26.47214192207712,15.21095190408792,1,4.357995952742325,0,0
TXN102374,47.50791260474511,9.328115395974493,4,7.085243163842906,0,0
TXN102375,128.90619706049944,12.078448423782882,3,1.469252571922116,0,0
TXN102376,102.48731280420797,17.885139434839054,1,7.694999989622432,0,0
TXN102377,83.95424742499227,18.500937484654035,1,6.781991500589461,0,0
TXN102378,55.4324876553823,11.535973191852937,1,3.9871650979717757,0,0
TXN102379,86.68830190547533,17.32600287610493,2,4.073188285798016,0,0
TXN102380,120.08611150475272,16.689900715876366,0,8.409815309574224,0,0
TXN102381,61.71106362679736,14.562130218691166,0,4.401879427221133,0,0
TXN102382,32.59580388560805,15.211006813187781,0,10.48754707091977,0,0
TXN102383,52.89344079186658,22.03483481819768,0,5.001336118484543,1,0
TXN102384,225.96232145655918,12.866458293935796,0,19.832614157073017,0,0
TXN102385,112.57243555244757,11.221977928900113,1,0.7901857797226386,0,0
TXN102386,57.266971336359006,20.838228832350918,1,12.559780461880418,0,0
TXN102387,38.741174158297895,13.318717116080485,4,0.402946125059011,0,0
TXN102388,107.96174370803982,16.175825099212442,1,6.262265764117441,0,0
TXN102389,60.53023463188047,10.992454813608045,0,31.481376673355534,0,0
TXN102390,75.60902282993302,11.810178907979768,2,3.1668217111224646,0,0
TXN102391,56.24833165635057,18.597261092224773,1,14.909099645782105,0,0
TXN102392,68.15963885591528,18.485150178166723,0,3.9845801977624653,0,0
TXN102393,98.37278821489475,10.303667320112721,1,11.669720651879413,0,0
TXN102394,73.40815235626897,19.618106151049055,0,6.556369107313245,0,0
TXN102395,30.206464590355196,7.080402788823685,0,2.219891493288462,0,0
TXN102396,18.47803945840808,18.26803757981081,0,7.846479734375244,1,0
TXN102397,120.01674606937306,11.023520663546725,1,3.1335094988731167,0,0
TXN102398,171.711970853173,5.8421604805598175,0,4.464837164671554,0,0
TXN102399,61.26785305811522,16.45067666760585,2,6.0714802132582015,0,0
TXN102400,130.0376613911468,16.076544235647805,2,8.793396857765126,0,0
TXN102401,73.89068750442766,10.0286718887776,0,12.06521352034841,0,0
TXN102402,29.14131628141127,6.496922946368336,0,0.6594275058122512,0,0
TXN102403,28.64846613327222,15.71177121695358,0,2.207302945538774,0,0
TXN102404,5.828600067442614,11.827260531827811,0,7.514061716779851,0,0
TXN102405,9.206084665567035,14.71924479076317,2,14.325383604244543,0,0
TXN102406,126.41718108065056,12.773208881469372,1,1.050769328392295,0,0
TXN102407,82.42847114390885,8.419232624235551,0,16.97669567821079,0,0
TXN102408,90.67705474681473,15.877883883991185,1,19.957265067332322,0,0
TXN102409,56.40333528326024,19.78376015311893,0,2.2466576571435635,0,0
TXN102410,132.66212053215628,20.625467885676578,1,11.975958736338734,0,0
TXN102411,58.164508104632155,17.695556421328156,0,5.977258061537306,0,0
TXN102412,82.45843796300503,17.95090252856542,0,6.058470096821388,0,0
TXN102413,61.15003024305089,14.586125225906903,4,10.432910442268513,0,0
TXN102414,88.3264727562059,18.35351529836186,1,3.805663186664154,0,0
TXN102415,26.56530114070534,13.348856314179768,1,0.4041605757178946,0,0
TXN102416,30.171337889382368,11.910486461451509,1,9.678028292239492,0,0
TXN102417,85.2186670837827,21.183339237517096,4,11.685758538683091,0,0
TXN102418,182.71343988727548,7.666166741555468,3,16.56199990822367,0,0
TXN102419,27.520837823676647,20.425608047646122,1,1.9338145858417723,0,0
TXN102420,30.58657088856129,10.772192499359889,2,3.025486087051834,0,0
TXN102421,66.24411608410733,0.0,9,136.19953195365758,1,1
TXN102422,12.447836103789777,21.647336162034037,1,6.622765366746096,0,0
TXN102423,175.67172626459552,10.61338985380687,1,3.256092062271936,0,0
TXN102424,50.18861485757522,10.412159413728169,1,9.154630585421154,0,0
TXN102425,15.08070805773789,11.578351897223595,1,3.3941685708349203,0,0
TXN102426,45.62811119092644,8.96945450259765,0,16.120894770966174,0,0
TXN102427,87.61706473064203,13.098335732330568,0,6.255924099995067,0,0
TXN102428,126.96608152978337,9.034065998036187,0,2.6758939101459323,0,0
TXN102429,30.04845841322167,14.587393833634575,1,11.075130741048477,0,0
TXN102430,46.110312060682006,14.426153440120844,1,39.90925596311393,0,0
TXN102431,95.91071879505974,19.723530494086496,2,3.8186021950221036,0,0
TXN102432,14.319333789489557,19.841771213698987,2,6.753362221155921,0,0
TXN102433,143.32288448345943,16.280155702889815,0,2.7058403616289963,0,0
TXN102434,133.39545501876626,19.458302620893303,1,3.822997267034487,1,0
TXN102435,39.514851711795565,18.19726613944889,1,7.879594168549399,0,0
TXN102436,103.3030698233044,13.890469804358267,2,1.7191217623052908,0,0
TXN102437,64.48154733584545,12.262745288386318,1,8.197069050571669,0,0
TXN102438,123.81733481799515,9.672885798990794,0,6.644898997170845,0,0
TXN102439,65.76634475096478,10.478876119967982,2,16.998254808598173,0,0
TXN102440,39.391423090211994,11.849685382882248,2,36.965479457569636,0,0
TXN102441,16.14845024839604,16.26987845598593,0,19.542833308990897,0,0
TXN102442,109.6324319413738,18.119602859715044,0,12.171551052197007,0,0
TXN102443,66.81459873670076,16.022867926257035,0,7.297993669353884,0,0
TXN102444,53.78458340273827,12.261800273953327,1,0.8201260800367098,0,0
TXN102445,19.043573265172157,21.621386417869147,3,16.087843688424563,0,0
TXN102446,47.72901400400808,15.593469633299229,3,19.321586044200455,0,0
TXN102447,135.8180921710623,20.124634088272746,1,5.661063016918924,0,0
TXN102448,35.615889149462305,13.29037651832845,0,6.310410295589768,0,0
TXN102449,41.2409091233624,18.329214756114865,1,0.5419514576027755,0,0
TXN102450,18.438398914478785,14.782740614507407,3,8.138739295553622,0,0
TXN102451,34.55762613666359,20.792465697233002,3,2.7616457826676255,0,0
TXN102452,623.3655913512656,6.55919194286392,4,162.03378868681793,1,1
TXN102453,35.764234652056835,11.359627728143959,4,1.9052044816180898,0,0
TXN102454,155.40606239958066,12.610836382698757,1,7.10986779102001,0,0
TXN102455,15.682258021739322,21.158422383172315,0,8.093000410033715,0,0
TXN102456,206.0233946323058,14.015009067962428,1,3.358199672491901,0,0
TXN102457,34.476490069160945,11.27140761891064,0,2.165103556687878,1,0
TXN102458,44.5706071358525,20.64164773748353,0,8.335129405927521,0,0
TXN102459,105.1386476810192,12.809482319747598,1,11.002880310306782,0,0
TXN102460,152.01007092912943,8.301168347701054,1,2.7529137900808696,0,0
TXN102461,137.56105248600878,14.325917201305732,2,4.677220308267801,0,0
TXN102462,175.48546623669552,10.889948230031537,0,6.289698190708051,0,0
TXN102463,142.23792570223742,8.17514804532271,3,5.709093535538736,0,0
TXN102464,45.586953026686736,19.65269356828818,1,1.9665351878222683,0,0
TXN102465,32.266598086096145,10.300582244361518,2,4.109981029095133,0,0
TXN102466,98.22240161979718,6.952046627167128,0,9.766182665586557,0,0
TXN102467,26.565727248861553,7.080385593443414,1,24.830124561483156,0,0
TXN102468,236.79657405104717,16.79834868649854,2,5.641661752765465,0,0
TXN102469,36.398405832359735,9.989025243295794,2,3.418926167335546,0,0
TXN102470,17.41909040989222,11.463126265753735,1,4.01221846589097,0,0
TXN102471,37.821454977421894,9.230465174833313,2,13.711497787496112,0,0
TXN102472,106.66652932428644,7.028851242651533,0,10.256617906175705,0,0
TXN102473,78.20206906925718,12.233626829675698,2,9.32653194018381,0,0
TXN102474,39.88347199655967,16.017511341343674,2,16.78463671312443,0,0
TXN102475,37.50512437494067,13.60155068822149,3,3.7427778195522245,0,0
TXN102476,115.1327326360939,12.927929000297386,1,3.112644931767359,0,0
TXN102477,100.28897395229406,16.156238572852132,2,6.791456851608232,1,0
TXN102478,34.13150946470702,12.699491002222606,0,0.93098669923264,0,0
TXN102479,83.98589017643472,10.515149832960086,3,5.056571696870583,0,0
TXN102480,108.21091577356562,10.761579977214506,2,0.8391796755869014,0,0
TXN102481,11.084526701791066,21.767677877154057,0,3.5507206511468894,0,0
TXN102482,99.11211999917406,13.911215332345318,0,8.227308228104768,0,0
TXN102483,8.449679771669663,16.96049168514734,1,12.851451463338083,0,0
TXN102484,105.80991182491849,8.651358931340067,1,2.4105915763062264,0,0
TXN102485,182.17300794461974,17.32052007864232,0,1.3815915152232063,0,0
TXN102486,221.18472089444288,10.601985711716564,3,2.561495740339643,0,0
TXN102487,25.97622072798171,20.241611196674526,1,11.034999872608758,0,0
TXN102488,85.07161685760592,16.999521308344924,2,19.124127718769543,0,0
TXN102489,31.67567053809875,9.530723984095337,0,2.9528452212348597,0,0
TXN102490,54.83813791396227,13.480148554104206,2,0.1555154675960247,0,0
TXN102491,24.279603368249237,11.632799693006913,0,8.456326867359968,0,0
TXN102492,12.05085581531746,13.096395876043351,0,5.39094527096921,0,0
TXN102493,118.47222557958474,16.196103690473663,0,3.4491313214503743,0,0
TXN102494,72.0365090256629,5.252862340407837,1,8.102454533203892,0,0
TXN102495,10.418363721575595,14.606313230619158,0,5.899387595682802,0,0
TXN102496,57.65731751234523,19.116652662786098,1,8.644688199314333,0,0
TXN102497,134.3497792373988,16.775911106803242,0,5.392441797512123,0,0
TXN102498,28.18497516765122,14.96094314847919,3,16.082911213906605,1,0
TXN102499,138.25451486329686,13.975755083166996,0,2.1163615207152735,0,0
TXN102500,10.32993225888754,18.447753555877224,1,3.079650190864755,0,0
TXN102501,50.123531384845926,13.820334290330361,2,0.7399280868798118,0,0
TXN102502,156.33591970586417,17.308977714847718,1,3.4863537400996996,0,0
TXN102503,322.61570057743126,1.3237815345813697,4,377.2263473868331,1,1
TXN102504,24.477899780361042,11.355946648011058,0,4.581483354943468,0,0
TXN102505,23.82503182697043,11.976935227922677,0,19.476882866915584,0,0
TXN102506,77.2145350693779,11.706937222372893,3,4.337988848876937,0,0
TXN102507,135.27027477289806,11.424752543003603,0,2.866193808025799,1,0
TXN102508,47.786166947335786,11.913064692281537,1,0.8790210381668844,0,0
TXN102509,5.89743901622648,21.844379542078933,0,4.290917284494576,0,0
TXN102510,48.25176936675099,8.034449460080607,0,3.6085597905696316,0,0
TXN102511,85.83073475963211,1.9258920474301944,9,573.9076980701432,1,1
TXN102512,35.27842062244981,12.100176803785933,0,15.75835594972638,0,0
TXN102513,34.016894843470894,14.522885731303846,0,19.00559006533083,0,0
TXN102514,190.94607227018832,11.417843814561643,1,1.8908903854816166,0,0
TXN102515,35.09158718727149,12.051230934238935,1,4.461835842863588,0,0
TXN102516,17.158914912759396,13.371604699215418,0,8.582512395530925,0,0
TXN102517,46.40814238952949,18.717147914944448,0,4.414576723894659,0,0
TXN102518,62.832696329044175,20.12494561824452,0,7.256973808551925,0,0
TXN102519,50.27674665249534,16.29318921086194,1,6.199243266061699,0,0
TXN102520,8.943025134516263,14.426608169076736,1,0.742483948502153,0,0
TXN102521,70.85666387900869,8.762310714702434,1,16.438783630301515,0,0
TXN102522,10.101168620274947,17.611383963127718,2,16.545314775327522,0,0
TXN102523,26.379503059792842,11.637161572938037,2,7.111589287645287,0,0
TXN102524,103.29760302917589,11.342922689617694,1,4.974529709394725,1,0
TXN102525,114.43499937702171,13.454202277199128,3,1.08255115775816,0,0
TXN102526,55.58706225950231,14.659403361113025,2,1.4330596627642471,0,0
TXN102527,47.092886809252086,14.409220928264233,0,7.508772872972286,0,0
TXN102528,120.63641189875996,13.551581387385,0,46.75594268790608,0,0
TXN102529,74.06226705447551,13.136892595385836,0,10.05525603165495,0,0
TXN102530,27.91567653941045,10.256660403460144,1,12.717486286629132,0,0
TXN102531,90.19424054117621,14.723826359089589,1,0.5032299690738524,0,0
TXN102532,58.56246714720492,6.5053888744991495,1,12.398998160490267,0,0
TXN102533,170.27004600542608,17.85519521023784,0,2.0776851449744322,0,0
TXN102534,192.4810471436977,9.921574114799636,1,6.6279671127787765,0,0
TXN102535,29.80082577113578,6.674289424619926,0,5.32092121017563,0,0
TXN102536,207.416971852038,14.685091046182727,1,5.446843437320247,0,0
TXN102537,185.97613667671743,14.803200214121162,1,8.67608988689457,0,0
TXN102538,15.172264157047092,15.07894089654588,0,9.78554061510928,0,0
TXN102539,40.771952074640005,12.738955184310075,1,4.4515348665601575,0,0
TXN102540,134.91068560656592,18.28869667115977,1,11.036676806956617,0,0
TXN102541,337.8801778442662,4.5338457745993095,7,184.56814596139733,1,1
TXN102542,23.84883628344216,15.091731310244391,0,15.471369351462577,0,0
TXN102543,82.79954800745975,11.175451102957123,0,3.4107944643242294,0,0
TXN102544,24.42203450793552,17.48812719384182,1,8.915007371336669,0,0
TXN102545,48.66107636472076,21.431664705634454,0,7.276481363860089,0,0
TXN102546,108.19393682596322,11.902896481448842,1,3.2700847212704574,0,0
TXN102547,53.771961875252785,13.477418954148503,0,11.568718408064068,0,0
TXN102548,50.51291648627209,15.136419235586835,0,9.369685641829422,0,0
TXN102549,53.42706510017183,15.812382230795855,1,17.60927434535198,1,0
TXN102550,180.92858214771056,12.755593721287552,0,6.434174209466347,0,0
TXN102551,24.41232641249606,23.0,0,7.248301394936211,0,0
TXN102552,50.375198878086906,16.25810660622572,1,4.394233938781521,0,0
TXN102553,51.928655170801285,14.891466894515444,0,9.418833586935001,0,0
TXN102554,130.18840204176715,7.033908171726558,0,6.920560084477772,0,0
TXN102555,200.2789659181903,12.10702751540588,0,9.515910056827543,0,0
TXN102556,171.60670842558514,16.135402772083886,2,15.06890987547877,0,0
TXN102557,30.29815897091349,12.098575052079141,0,8.031099691122455,0,0
TXN102558,82.40083812153858,7.928225250658061,0,16.709380551262093,0,0
TXN102559,61.88194178049868,12.216236196219004,3,7.580604282748577,0,0
TXN102560,41.55881462332083,10.69157460150928,2,11.161986063213616,0,0
TXN102561,90.11246976192139,20.277854543236465,0,4.368188982852863,0,0
TXN102562,4.723640777032355,11.47376078119009,0,8.741521738308546,0,0
TXN102563,71.86710291390872,8.482246911979281,0,6.624556974534928,0,0
TXN102564,100.77225820079423,19.705866648493213,1,12.868473140912153,0,0
TXN102565,25.844507732921727,10.813014568142034,1,6.458398609869036,0,0
TXN102566,139.04741952048337,7.6115941411976795,2,3.7103506707072147,0,0
TXN102567,102.88435237616342,10.667875343847147,1,24.088180682394544,0,0
TXN102568,122.31186855816497,16.03623697203262,1,6.589727832759552,0,0
TXN102569,21.087446596203296,14.333909274827889,1,2.2308128143021735,0,0
TXN102570,93.75385803642912,19.583123834748825,1,4.493069476262388,0,0
TXN102571,64.08149001182372,17.065667580341092,0,8.567973047039086,0,0
TXN102572,57.29784222244124,14.603825132495706,0,10.277988224559405,0,0
TXN102573,16.252981613575813,9.926687541731912,1,13.135446866088005,0,0
TXN102574,31.914905111346062,18.98676418759502,2,16.02739173541989,0,0
TXN102575,47.92164090484869,17.28251938883197,0,1.049475246892537,0,0
TXN102576,154.3782491771344,11.546529755387505,0,6.091310729256014,0,0
TXN102577,65.77792576812183,13.633925219554085,1,18.10227606722228,0,0
TXN102578,20.270191506708098,9.972761898936792,1,9.898133848066507,0,0
TXN102579,162.84656616178103,16.786642565116644,2,10.054270414687203,0,0
TXN102580,178.98367870946436,13.840123643394664,0,19.50916578407761,0,0
TXN102581,114.04684311421815,20.501748886811576,1,7.1078626934819695,0,0
TXN102582,5.8190900350637245,12.397508624048093,0,6.937061630379918,0,0
TXN102583,45.2954877777197,14.756870317508403,1,10.181193693300944,0,0
TXN102584,41.90884893300074,16.849446857672763,2,0.3842617880327499,0,0
TXN102585,22.446644853833234,13.977445229034753,0,15.270523813791852,0,0
TXN102586,62.02438359482504,18.134693091153935,2,2.2011105622136427,0,0
TXN102587,170.01829172022036,14.160989391585733,0,9.552992360511555,0,0
TXN102588,192.92414260232545,10.482612323367213,2,10.294246876172007,0,0
TXN102589,107.15011388103433,15.78766385750268,3,5.54635917217277,1,0
TXN102590,34.76700348637462,16.37701373067125,0,5.9558029365017315,0,0
TXN102591,116.40652319500482,17.59963339657615,1,4.995475113445992,0,0
TXN102592,102.07164884538402,12.476170087970438,1,6.9420147821063125,1,0
TXN102593,26.68023903809523,15.824007940758651,1,14.905941052753262,0,0
TXN102594,20.630378432115076,11.845695526149422,3,14.167258898343595,0,0
TXN102595,27.6039657203529,8.719435797788961,2,4.4601489158117005,0,0
TXN102596,39.931855223768935,12.524135740358894,2,6.624266235020802,0,0
TXN102597,47.40591881663207,22.32191776608146,1,4.808678022203531,0,0
TXN102598,78.49381382347632,14.177786915436386,1,3.4372435695544814,0,0
TXN102599,17.83742344380545,18.736122198716355,0,6.417827232110874,0,0
TXN102600,114.55862206654737,16.523602789390637,1,2.8821750419267627,0,0
TXN102601,13.706766410845752,4.352368689098737,1,0.5801156814167989,0,0
TXN102602,174.31225327357694,12.392636549759002,2,2.6248509451207704,0,0
TXN102603,195.93104009313788,14.089598692067021,1,4.300877412386901,0,0
TXN102604,28.855844835306034,12.147961654872965,0,17.789042358883272,0,0
TXN102605,158.79272393056206,16.012892817705698,1,4.2359615820721155,0,0
TXN102606,33.85214999827666,9.377745774122463,1,6.158060234436416,0,0
TXN102607,84.16430814379402,18.605944223320257,0,14.58227911989776,0,0
TXN102608,38.041643981470095,12.265065905655463,1,7.763318590855874,0,0
TXN102609,77.92942270667783,14.604327429518882,1,5.179467328896697,0,0
TXN102610,51.427097003869484,13.113390377751779,1,3.93173925571277,0,0
TXN102611,66.51545459748205,15.361370263664256,2,7.866129174352975,0,0
TXN102612,65.63126083405389,16.66290648941251,3,7.240371004173039,0,0
TXN102613,49.21439960468004,17.80720134603573,2,1.1894919554287102,0,0
TXN102614,128.71246652756054,14.54385262678834,1,4.38499317482601,1,0
TXN102615,214.0599211300452,8.308912655788014,1,0.9506112591685312,0,0
TXN102616,38.433102928012296,7.926439787847388,4,7.117571089677499,0,0
TXN102617,194.3300110519744,7.3175646959487475,0,3.2368657496780164,0,0
TXN102618,98.02442109576866,12.224396178119093,2,2.4464689148544436,0,0
TXN102619,13.28213239630289,21.240617822146298,1,11.013037124624711,0,0
TXN102620,115.59254784420199,15.785588597917869,2,4.797535217597274,0,0
TXN102621,99.65658036308858,5.289209748477484,1,17.93653895601714,0,0
TXN102622,25.704413441534317,15.124047612880485,2,4.853700399787961,0,0
TXN102623,64.58459304086402,16.49755702921516,2,10.624498760345741,0,0
TXN102624,36.18164477159805,12.470688146903031,2,8.182781654019397,0,0
TXN102625,96.60008214934236,16.034471159712467,0,8.011504511331504,0,0
TXN102626,85.3287758026476,19.498965432645935,1,4.6963055788438455,0,0
TXN102627,14.182390070490033,8.869631998806476,3,18.197505563270937,0,0
TXN102628,69.3799236864661,16.613611735121637,3,3.689617379494533,0,0
TXN102629,72.63201808121642,9.579085667058571,0,5.545413706033168,0,0
TXN102630,53.94720727170381,10.240260845650662,1,5.362102086575032,0,0
TXN102631,62.16393581668424,13.932532680013134,1,2.9912674490804343,0,0
TXN102632,83.42644677857535,17.400416387588546,2,2.832512139325341,1,0
TXN102633,132.49645819947466,7.888675227375896,1,4.199936984079567,0,0
TXN102634,47.472167924109584,9.700116185565172,1,5.872993713002725,0,0
TXN102635,130.60248663119825,9.52841298640261,0,1.7047134344467665,0,0
TXN102636,32.44931314202788,11.395728814904164,3,3.1520255849554064,0,0
TXN102637,70.2164205728819,14.400410015937434,2,4.479393529155033,0,0
TXN102638,156.58501619873675,11.060897642594952,3,15.577120248450921,1,0
TXN102639,11.114886917296872,6.652785579702244,4,7.388209234989577,0,0
TXN102640,70.61122130643253,7.739134130143106,1,14.520727115419616,0,0
TXN102641,99.35897114336149,16.34424557367553,0,20.01622838756753,0,0
TXN102642,115.43593967887284,16.827114670043432,0,13.067230021105487,0,0
TXN102643,15.371846884145333,15.01325382911238,0,3.3372489596688055,0,0
TXN102644,97.16549759588634,17.08716195952293,0,5.3190116304964805,0,0
TXN102645,58.491265320635854,11.260221634935316,2,4.187970435333174,0,0
TXN102646,50.21559117983787,15.551894102830504,1,2.382838402564203,0,0
TXN102647,212.76290405964087,9.128314213614857,0,4.585076673272201,0,0
TXN102648,141.28097987227395,6.32985516616941,0,5.391824368004732,0,0
TXN102649,123.38802305891048,6.972265218683221,2,8.087300779592208,0,0
TXN102650,64.21023092079542,14.125084522798774,0,4.818632951048663,0,0
TXN102651,19.16287853775016,12.549753862909668,1,4.172652936625417,0,0
TXN102652,206.99293267273336,13.06053922911955,0,9.303077967139696,0,0
TXN102653,13.42790970251981,15.689375506573146,2,6.442680847203288,0,0
TXN102654,104.33547406110408,15.933043992331866,2,2.754994800219647,0,0
TXN102655,68.89244426868655,18.89247030505708,1,2.9574247344353437,0,0
TXN102656,103.6726077797765,12.697776549548895,1,17.104190100630404,0,0
TXN102657,25.225649282783984,13.723090658880107,0,0.8300399220368555,1,0
TXN102658,96.79159591607488,6.58445238140724,1,12.65259045264009,0,0
TXN102659,93.93924834314944,14.5713677701279,1,0.6713350532281069,1,0
TXN102660,92.85423622713112,14.01287350215111,2,1.2263676034596873,0,0
TXN102661,253.83671507998287,9.357981655675527,2,5.12796967526325,0,0
TXN102662,227.21422852219033,9.86870520884322,1,26.620465222524018,0,0
TXN102663,117.60979142344439,14.765131589029892,2,3.0956712305828757,0,0
TXN102664,39.297850038036565,9.222356853979466,1,0.07910964826742808,0,0
TXN102665,64.27464114444601,7.225912180257127,1,5.16110908275325,0,0
TXN102666,164.6944506790963,10.828912576251525,0,6.047804306225455,0,0
TXN102667,29.707310018464007,11.50855127463079,3,12.808118532218018,0,0
TXN102668,34.614637451872625,11.86749201809184,3,2.619014163998446,0,0
TXN102669,71.41975250427846,9.607277136425788,3,0.19406176835986644,0,0
TXN102670,183.26538468722498,10.907372393770675,3,6.020382048981952,0,0
TXN102671,29.800104229552616,17.96772785408498,0,6.398944309960256,0,0
TXN102672,24.826155885083647,7.194739706079342,0,2.591641515392742,1,0
TXN102673,16.60357200539227,14.959159021675466,1,12.701102707419203,1,0
TXN102674,183.78925534155957,16.852529226388576,2,30.80460167833555,0,0
TXN102675,41.71121474722352,10.156138024184212,0,15.94919908928118,0,0
TXN102676,41.89591849543951,13.816380558157842,2,4.522487896918824,0,0
TXN102677,28.215989341681606,10.379287806660038,1,18.12156194200614,0,0
TXN102678,96.43204235135738,11.729234763863836,1,13.800195468320702,0,0
TXN102679,120.47473863829212,12.980537850591947,0,17.943411378083358,0,0
TXN102680,70.55887693622833,6.362674089650031,1,0.6786108530440126,0,0
TXN102681,13.578377993262068,13.843319253651927,1,3.4490649735647745,0,0
TXN102682,58.218891143021246,16.717171522679678,0,11.028550911453788,1,0
TXN102683,147.2186648850559,10.174758869285009,1,5.492456716593032,0,0
TXN102684,25.4944597430082,10.585079251034276,4,6.834381069198149,0,0
TXN102685,68.95496058406864,14.032752311800293,0,7.10459181437158,0,0
TXN102686,65.19666511516009,7.876835508835155,1,2.268632367413824,0,0
TXN102687,67.93426965867296,11.054705034488189,2,2.6931806421268107,0,0
TXN102688,84.50224933459583,17.10272656406179,0,17.209186023569202,0,0
TXN102689,24.64601140283746,10.703226645163696,1,11.665610962493808,0,0
TXN102690,99.89660192287371,7.227301103588392,0,5.903147349941433,0,0
TXN102691,38.2322318448461,7.982923678975284,0,9.57862760405074,0,0
TXN102692,114.07831630751238,13.383881967494288,2,7.136368857502965,0,0
TXN102693,22.07325677143303,7.296272341553771,0,1.2032030380099237,0,0
TXN102694,1.8221701871499771,19.544297715531865,0,3.586178883264066,0,0
TXN102695,218.17377005046842,19.457540058670403,2,6.03979385393269,0,0
TXN102696,153.2857852691463,15.117005551776082,3,6.8317320765976195,0,0
TXN102697,232.07199082806432,22.828328261854693,4,3.6005587211713004,0,0
TXN102698,50.08015789766395,16.075598035997928,1,10.896003868332558,0,0
TXN102699,89.51516367779274,10.576486588871065,2,4.685327516709577,1,0
TXN102700,65.23027585389116,18.21099299151453,2,8.506606389349356,0,0
TXN102701,112.24480769162952,15.369158215794576,0,5.812107419798446,0,0
TXN102702,342.45140683533555,17.082951701823745,4,1.4035624531964332,0,0
TXN102703,38.24419118307151,9.806339433503311,2,7.588535264961383,0,0
TXN102704,246.26560394190105,12.319449446282574,1,1.6221596083170926,0,0
TXN102705,83.88063809833243,13.911754619047567,1,9.498294961795041,0,0
TXN102706,219.0141213847279,12.190780262931865,0,11.507065272955064,0,0
TXN102707,20.260101677572973,11.463560127768703,1,16.194785834061726,1,0
TXN102708,74.21821264457039,16.69831174431967,1,7.366043308061235,0,0
TXN102709,119.52725466144464,19.125041169032713,1,2.999467783189596,0,0
TXN102710,245.3049127377111,19.180292949539055,2,10.82588224575344,0,0
TXN102711,33.79405528241546,16.692063305170528,1,7.704665633564154,0,0
TXN102712,139.1179125441473,14.478525996423464,2,6.070538894211398,0,0
TXN102713,72.99138575022863,16.829783198279916,0,0.7912105218647102,0,0
TXN102714,22.018458068113752,18.046205756314627,2,0.5358438497862541,0,0
TXN102715,38.964657266450104,13.144897757820711,3,1.7127556070860595,0,0
TXN102716,37.75091713972222,12.025279524025292,1,10.07583404964472,0,0
TXN102717,57.71935739017009,15.778901392169024,0,3.6544403698623333,0,0
TXN102718,112.12774187410898,18.374627231584924,2,2.2633434798546137,0,0
TXN102719,33.74094844522444,5.043093514851618,2,6.356396620212754,0,0
TXN102720,175.324795819548,13.325442463881332,3,1.9705316271928794,0,0
TXN102721,414.56672119248975,2.2496505114585528,6,371.17962157747127,1,1
TXN102722,13.031521263519966,18.161491523847594,0,1.5732997268323299,0,0
TXN102723,39.01024354172457,11.859030323092243,2,2.916050940286379,0,0
TXN102724,206.48120987813485,22.81034165601985,4,7.668838000167267,0,0
TXN102725,137.78032904741448,16.401464950447963,2,29.26095630484695,0,0
TXN102726,49.905381199249355,4.931992106163413,3,16.352648523751057,0,0
TXN102727,13.971500726242184,13.728610254865341,2,11.058838660329975,0,0
TXN102728,119.75878792208161,21.833125916742304,0,4.186894074138785,0,0
TXN102729,58.52781412865701,17.384865412621558,0,11.926210126200687,0,0
TXN102730,67.36113320881354,17.522587404999907,1,7.767953760072503,0,0
TXN102731,16.44493967719669,22.24028057845222,1,6.425605276401203,0,0
TXN102732,132.43623064863564,12.003818615765137,3,10.849548046030934,0,0
TXN102733,31.10598239595412,13.789419076646759,0,20.636147959925516,0,0
TXN102734,7.671621018012305,12.320600564337022,1,11.062685249229213,0,0
TXN102735,26.431163661073803,6.835267397130684,0,4.424698057355131,0,0
TXN102736,113.44457201527887,12.560833650875413,2,12.665114916027578,1,0
TXN102737,218.9012690702199,7.831991840857048,0,1.6292511086627284,0,0
TXN102738,158.4803150191429,14.651949902187178,2,10.223071648842064,0,0
TXN102739,11.838306335240482,19.693649721107224,0,7.938439199550809,0,0
TXN102740,35.00031381021833,8.530367719841571,1,1.926449959370582,1,0
TXN102741,68.11682702971437,7.948122811995721,2,0.7032939663999448,0,0
TXN102742,60.035959511081,6.358437381695507,0,3.4376524269987785,0,0
TXN102743,49.508318475577404,20.854219152920333,1,4.010204289202429,0,0
TXN102744,192.27346068260587,5.083092022155606,0,8.563184091824034,0,0
TXN102745,55.37280332803917,18.50615312712997,0,6.271066664613038,0,0
TXN102746,41.25515072266212,13.975662429563483,1,2.324648971832963,0,0
TXN102747,99.1668053370003,15.684995056179305,1,1.0478690240186095,0,0
TXN102748,35.62289069622055,15.962726691055835,2,13.0658197635416,0,0
TXN102749,155.28135537551594,13.767500179858049,2,4.30089608852613,0,0
TXN102750,61.81236316103504,18.092226587695617,0,10.064748326092696,0,0
TXN102751,56.44700861917177,15.375841046539872,1,13.20906313465612,0,0
TXN102752,227.68384932323886,0.4639719227817216,3,222.39275778926188,1,1
TXN102753,54.209287337220985,13.201139569941754,0,6.300682494476612,0,0
TXN102754,79.16626305127527,11.545598619840813,0,2.771804735186954,0,0
TXN102755,78.46352945147889,13.411279172643585,0,17.600007251056585,0,0
TXN102756,56.79955462008395,11.542275110512488,0,5.149418532158217,0,0
TXN102757,58.473164471608214,13.858730575251812,0,11.735453354820198,0,0
TXN102758,134.91855834698083,21.504150103298517,0,10.606107936674015,0,0
TXN102759,47.53904520138809,13.337623458587254,0,5.71444974934744,0,0
TXN102760,17.84824646866455,10.56533671659992,1,2.8892802926559957,0,0
TXN102761,63.58198686527623,15.872796224093152,2,3.943026007475832,0,0
TXN102762,133.83722027532795,19.663970061275492,1,5.84332383615792,0,0
TXN102763,64.16686110684319,19.279638783014892,0,0.30381552578584486,0,0
TXN102764,87.71279431141365,10.588214847033884,0,2.946478943126236,0,0
TXN102765,120.040017021079,8.86631009536006,1,18.25311603693018,0,0
TXN102766,148.87355038273324,20.12652584022281,1,3.4699713612257876,0,0
TXN102767,62.31194949597251,7.272428704013826,2,3.3501743870608856,0,0
TXN102768,116.00097184377469,13.8429135261609,1,6.761268440190219,0,0
TXN102769,15.321043185264337,11.089471422888163,3,5.603511672329211,0,0
TXN102770,92.99870879598913,16.516628074538936,1,3.65800159345239,0,0
TXN102771,98.91908100065521,10.539134271749122,2,8.800867662309445,0,0
TXN102772,85.60201106876883,12.036253009448512,0,6.498007389809668,0,0
TXN102773,10.793279790074138,14.342249057187932,0,8.700069909551564,0,0
TXN102774,34.567648060310184,18.48880538557383,0,6.394194769831069,0,0
TXN102775,65.41542643734351,14.754996293637811,1,7.817943690695194,0,0
TXN102776,48.25736707712868,22.7193025606583,0,1.4571752625145233,0,0
TXN102777,157.7606970543271,9.875436480358669,1,1.7783799165097056,0,0
TXN102778,11.729350712002613,11.179170858766827,2,14.248452194440793,0,0
TXN102779,61.84983016631071,19.908901801019567,2,4.458016489641774,0,0
TXN102780,97.79227146708317,16.833026951373583,3,10.564369580727046,0,0
TXN102781,189.59689133072007,12.419294714082922,1,5.863290759742487,0,0
TXN102782,53.51194193183936,11.83434196983307,2,14.516565636872564,0,0
TXN102783,38.14479054196571,8.373847733506786,0,5.43484867371831,1,0
TXN102784,30.716802816967522,14.880096019781046,2,7.309163673254577,0,0
TXN102785,31.69516907401599,21.05281233997098,0,2.4095367197370745,0,0
TXN102786,27.726807677491117,10.96483422777744,0,14.645733077445053,0,0
TXN102787,176.7589510260119,13.726555416700416,1,5.857517088272584,0,0
TXN102788,129.2747279644313,19.518279382054907,0,2.125823997682839,0,0
TXN102789,181.24832439547578,10.830354062319872,1,9.760352784400196,0,0
TXN102790,126.03040104610008,21.72090297983125,0,11.243514816422236,0,0
TXN102791,228.54797231784886,13.830528279422404,0,3.439057511998514,0,0
TXN102792,12.983348783415178,12.733170448300603,1,10.868135323273949,0,0
TXN102793,33.818826564623926,16.262253780406237,1,5.037478245209098,0,0
TXN102794,113.30408403526681,16.892316012028576,2,8.045824191044218,0,0
TXN102795,12.074354741535183,15.139312355879634,1,21.970376782200223,0,0
TXN102796,61.67427922406187,18.084258093178324,2,5.519269257964712,0,0
TXN102797,75.79337754552313,19.424137219138906,0,8.963867961588349,0,0
TXN102798,219.40398798558573,17.728487297922676,1,0.22202251993434324,0,0
TXN102799,30.516812129247384,16.421604132266815,0,20.15720267022449,0,0
TXN102800,2.7359562035610843,8.544065892086284,1,6.839132662988013,0,0
TXN102801,116.64300854677394,9.560071031547519,4,0.1878752659775818,0,0
TXN102802,53.17617264344946,14.57654720750251,0,11.899891906494506,0,0
TXN102803,34.78499641220615,10.125093413547601,1,2.6795926683931293,0,0
TXN102804,382.3351496576299,6.696356575840949,1,7.401760925898002,0,0
TXN102805,210.1064276122185,20.65585879244388,1,10.150236045893786,0,0
TXN102806,48.23557847925159,14.272249186037321,1,11.192646820325153,0,0
TXN102807,59.334829838849046,19.513111663343746,2,8.99694899449569,0,0
TXN102808,44.82853131709988,18.482797257346846,1,8.347421197766469,0,0
TXN102809,68.2833638526792,15.547005129638373,1,7.572689264283671,0,0
TXN102810,149.53551396596848,11.232122896406786,2,2.9294122327791206,0,0
TXN102811,101.76883890348503,15.29000810866781,2,11.589088493773174,0,0
TXN102812,43.02478633340766,18.631661825408468,2,9.960901949429747,0,0
TXN102813,116.17483514082241,7.804806509914113,0,2.870034783893836,0,0
TXN102814,64.36284193681759,12.956313835119019,2,4.0789302067038955,0,0
TXN102815,105.7279082410804,14.965465611004538,0,20.356498143979714,0,0
TXN102816,66.18764091179642,14.46280383100191,3,22.69266977241394,0,0
TXN102817,113.58561497900668,7.068148846551082,0,2.421441114425531,0,0
TXN102818,6.055096482015241,12.690235132997463,0,10.2735734065053,0,0
TXN102819,17.39526169920218,17.982395038008896,0,9.0033787072749,0,0
TXN102820,27.695672821014796,18.244576498899082,3,4.598452286023042,0,0
TXN102821,68.56637672240059,18.742173349043956,2,6.09683700607328,0,0
TXN102822,114.82026338881347,8.595484562683394,3,9.385552373007801,0,0
TXN102823,11.329133383446887,13.02036837315631,0,8.308821148439362,0,0
TXN102824,32.14479724912056,16.48866755936639,1,8.990327075191937,1,0
TXN102825,21.27494922625703,11.864834564009728,1,5.16609733100862,0,0
TXN102826,29.215344747089993,19.99451077896043,1,2.872138219852003,0,0
TXN102827,57.43566531085502,6.1273701170657375,3,7.701328105397071,0,0
TXN102828,98.88302981244865,17.57219079233103,1,3.552182445440055,0,0
TXN102829,79.90234662074707,23.0,2,8.209928078049355,0,0
TXN102830,25.620667495727204,8.63227771269,1,4.77479086846296,0,0
TXN102831,42.52338812348693,10.653660752285798,1,32.0105263299839,0,0
TXN102832,69.5130488476793,16.06353108850563,0,16.98780495215176,0,0
TXN102833,113.58103058667523,15.46905985521699,0,4.636863325911768,0,0
TXN102834,166.2316692611175,17.823400941358173,3,6.467059548904748,0,0
TXN102835,1053.8072882954718,6.719675617012629,3,385.8080516857449,1,1
TXN102836,29.997107741183882,12.852325103269038,0,5.569024112806048,0,0
TXN102837,187.3518421696001,16.457850329817763,0,1.423415978624729,0,0
TXN102838,159.3945258401248,10.818709210221606,0,4.183193158452424,0,0
TXN102839,55.90665494220755,17.569323635614424,0,7.087746752781499,0,0
TXN102840,120.4347195281099,13.075115370332984,1,2.0693400805407776,0,0
TXN102841,110.7979373585438,13.80115690120541,0,3.7399888122917146,0,0
TXN102842,129.10316580619136,6.070280956751576,2,3.2372886025436105,0,0
TXN102843,18.55041706600615,14.910478254998345,2,3.505059914185159,0,0
TXN102844,24.8976331195823,16.09531204259191,1,2.243455196478888,0,0
TXN102845,35.78540574340588,12.32399796091575,2,7.851411382370571,1,0
TXN102846,78.73083500744654,6.5925798055707725,1,7.080815246300569,0,0
TXN102847,28.869868384201606,17.80661722103605,1,3.2385266359647535,0,0
TXN102848,145.36182172727746,20.160757551489688,2,4.803456322835148,0,0
TXN102849,51.21628479565901,18.219948591917657,0,7.211805098666158,0,0
TXN102850,10.423154177067316,18.02782592542604,1,3.9895700549807818,0,0
TXN102851,60.23930823301326,10.093476536985907,0,4.93413026239072,1,0
TXN102852,145.08302441871348,19.032395994876833,1,0.3949725637818703,0,0
TXN102853,58.796353306939515,16.14726917655433,0,2.6091384781562037,0,0
TXN102854,159.6836319490701,18.028787655521032,1,5.858659810935424,0,0
TXN102855,185.10279808719946,12.464421310515677,1,8.371916650349482,0,0
TXN102856,183.12348570420514,17.912272086001092,2,2.656688432460857,0,0
TXN102857,60.123912345321585,13.555402407310293,1,3.8090118589127715,0,0
TXN102858,119.97804407420449,15.326085263291631,0,0.9163105734688416,0,0
TXN102859,13.772746899424247,7.229666737127296,1,0.4857023681642655,0,0
TXN102860,162.5416420468908,16.341311926837196,1,5.575188161008523,0,0
TXN102861,54.11804883687967,13.131467631389958,1,10.867333960204578,0,0
TXN102862,84.70280196711528,14.321340420959235,0,24.226081599830277,1,0
TXN102863,73.26290229747416,17.54774912559965,4,4.984415921448152,0,0
TXN102864,23.74078353039006,18.9986481426395,1,4.963116294199203,0,0
TXN102865,42.77265120238511,15.942890045946612,1,20.310080811138324,0,0
TXN102866,11.241382764138661,3.006762610728744,1,5.3860568144332195,0,0
TXN102867,89.77085571493953,19.01213418340221,1,15.025084478012367,0,0
TXN102868,62.26328104408596,9.833534366909136,1,11.478281849686985,1,0
TXN102869,59.87778274229691,13.706834836437157,0,5.95850307765457,0,0
TXN102870,25.159897130961216,8.3396206075052,2,13.553350931847243,0,0
TXN102871,150.6396824005574,15.563141161103404,1,3.693677214767594,0,0
TXN102872,35.98749723073811,11.487531356294443,1,3.4457851377639503,0,0
TXN102873,22.861998265779356,21.077107082160822,1,3.7500587328739994,0,0
TXN102874,31.61134879345417,14.026629066359446,1,14.779960857861727,0,0
TXN102875,282.91063016697603,19.43143324750265,2,4.945434498168457,0,0
TXN102876,128.28753865607587,10.715379832924471,0,6.025631448310599,0,0
TXN102877,58.24926586708855,23.0,2,13.077898696763198,0,0
TXN102878,107.99464549042267,7.637699101606369,2,4.149816966928197,0,0
TXN102879,152.7513336664627,13.27107181116844,2,4.0063875233085975,0,0
TXN102880,14.907680284324806,9.511790544461984,1,7.3929224525643775,0,0
TXN102881,124.96479589619979,18.600956471924565,0,17.46670719881585,0,0
TXN102882,4.718832657596738,12.188489794926639,1,17.279586327767177,0,0
TXN102883,69.99148278234064,13.795095417813142,1,13.029731554501003,0,0
TXN102884,129.22263694137962,21.144349733461155,0,0.696522432060645,0,0
TXN102885,124.14464975497957,17.33863990430527,0,7.523014897322131,0,0
TXN102886,79.35279158881836,19.250756365738525,2,22.86935174146787,0,0
TXN102887,47.6875586127631,11.497913470486663,3,15.089930376903576,0,0
TXN102888,75.52118815273195,18.47906139300919,1,7.082579650538195,0,0
TXN102889,34.85389463178085,12.398288353687917,0,3.7196605721080793,0,0
TXN102890,57.68762663895458,14.266272444396089,1,3.7330746326336723,0,0
TXN102891,47.50388601731081,11.44257601781631,1,4.967926900524228,0,0
TXN102892,93.09648074144759,15.758007474137473,1,15.918578366516725,0,0
TXN102893,95.673183937296,20.41864959023384,0,3.672495652170644,0,0
TXN102894,124.27782917731612,14.973336260274719,1,9.315380261205863,0,0
TXN102895,25.23768123180297,6.591182698788586,1,3.7528975193019605,0,0
TXN102896,111.87361602175513,15.273259625618898,2,34.82740994119328,0,0
TXN102897,96.88962949292844,11.536247842914218,0,9.808677931781446,0,0
TXN102898,169.21915722735963,14.814756084009467,2,12.016709462628574,0,0
TXN102899,86.77313924082009,14.329850589850208,1,1.5646837563163243,0,0
TXN102900,85.74578320884532,9.474609415765459,4,2.486755179155571,0,0
TXN102901,118.55937534868337,16.887973394743273,2,6.305307420605393,0,0
TXN102902,146.4609082994664,13.997100096830671,1,6.9624283567805065,0,0
TXN102903,18.40214444882573,11.859558774654074,1,3.457830924859426,0,0
TXN102904,5.775675711833168,14.878385023011873,0,13.607368567963658,0,0
TXN102905,52.20954609750847,21.58926268732829,3,10.400719883324363,0,0
TXN102906,22.25100029760631,15.760105246557536,3,7.5556905336243805,0,0
TXN102907,81.47771040811351,15.641971710092502,1,13.646697585472447,0,0
TXN102908,104.37321882126584,13.877068827556505,1,8.279322693907814,0,0
TXN102909,82.60258847152011,9.938032877927096,2,6.683673964443892,0,0
TXN102910,113.36337423452706,12.738880486648451,1,9.019223241952318,0,0
TXN102911,117.74313352403057,10.324054522881529,5,7.310644210430638,0,0
TXN102912,56.202703736732964,15.199535117574449,0,11.056693994986837,0,0
TXN102913,104.80835889247541,9.164263831681385,2,10.75328306283216,0,0
TXN102914,70.46121794347368,15.413171074112967,1,5.778948810483349,0,0
TXN102915,107.83250878925611,18.846981557297084,0,11.265907676609583,0,0
TXN102916,127.91985628236401,18.667588795886584,1,0.29692176777412715,0,0
TXN102917,41.60637631264892,9.986745660658613,0,2.1066984917812706,1,0
TXN102918,92.3841057895535,11.105234180520906,1,18.58906587289057,0,0
TXN102919,60.60293035020521,11.66620948898874,0,8.712779137213474,1,0
TXN102920,91.75820530248784,13.202124867705377,1,7.671502552805938,0,0
TXN102921,360.28991421196105,9.770581473587441,2,1.1386401827473485,0,0
TXN102922,159.81563131495582,12.76011891283109,0,3.8025904523557967,0,0
TXN102923,86.83858884015427,10.002294409663131,0,16.217482868974578,0,0
TXN102924,11.974301383928971,17.443767838727364,1,11.645263696158981,0,0
TXN102925,161.42520598729988,15.490014554471458,2,1.2088838815724177,0,0
TXN102926,83.04498039110467,9.494624621677868,2,4.128949026365253,0,0
TXN102927,54.950553175377934,15.739039078109123,2,31.380620017880677,0,0
TXN102928,32.993184990774864,15.344617159842588,4,3.317799921586401,0,0
TXN102929,22.056949971303812,13.407486831671639,2,0.21756139085746365,0,0
TXN102930,49.02392002650725,12.488695749557335,2,1.0778302143576532,0,0
TXN102931,42.57794297106302,9.984494591490039,0,6.182911065435192,0,0
TXN102932,29.196651024359817,14.15952497270667,1,5.074389667640874,0,0
TXN102933,111.19107096125225,14.519920186069385,3,7.335001466744845,0,0
TXN102934,104.9087373713974,18.49407712284379,0,5.617186302803186,0,0
TXN102935,42.22988246321974,11.775502964238388,0,10.542968911884113,0,0
TXN102936,79.33572545608935,13.536245357449399,1,7.728812860111535,0,0
TXN102937,36.884082933910605,21.844383153836045,1,6.459347486685133,0,0
TXN102938,80.15634521786518,12.163603203043644,1,1.8794836716931966,0,0
TXN102939,26.24937737021204,23.0,0,0.19391544420357235,0,0
TXN102940,53.96537399976944,5.300684559906532,0,14.012779492088352,1,0
TXN102941,27.36049460962966,9.795775367193347,1,4.9400995502002445,0,0
TXN102942,11.695552017620656,17.407654420318764,1,28.935893678559435,1,0
TXN102943,7.31287020907735,15.047481153962405,0,6.164323931224032,0,0
TXN102944,10.420463469103012,13.708409581271475,2,6.767780830102757,0,0
TXN102945,45.21760734223669,12.407818255966431,2,7.062525377120819,0,0
TXN102946,51.8622753163552,11.923457790234197,0,10.729350464521186,0,0
TXN102947,6.75136253902401,18.558948180332525,1,2.2134695691747206,0,0
TXN102948,60.87866834628891,23.0,2,2.4646725569770798,1,0
TXN102949,45.89545056203078,15.143506740712684,1,9.053708590092723,0,0
TXN102950,53.82365728069878,12.758820629742074,1,5.283283661815689,0,0
TXN102951,29.421948204617102,16.80701214145865,0,1.4287729420833473,0,0
TXN102952,212.2911697451043,14.213270711445684,2,0.9961972173008481,0,0
TXN102953,53.49333614278456,20.647246467774963,2,3.456167207147074,0,0
TXN102954,16.361750220636903,13.767871974339213,5,18.92279429995958,0,0
TXN102955,26.92505268052953,13.362852278599343,0,5.434835646598221,1,0
TXN102956,106.8845860458412,11.762956439998906,0,17.027499172382974,0,0
TXN102957,15.196465560418495,7.5792810607057595,3,13.673211757150291,0,0
TXN102958,31.220923195211352,18.44314221451538,0,5.949267749299371,0,0
TXN102959,88.45790144212891,18.047284704942303,0,2.2072046378237924,0,0
TXN102960,19.627465300714352,17.10042139633999,1,5.136547059997176,0,0
TXN102961,149.8720801221874,14.009031586822395,0,14.337011269091883,0,0
TXN102962,134.34986535576715,5.800543436044993,0,2.957914675245034,0,0
TXN102963,183.1341945013187,17.202327550440284,5,9.981468572467397,0,0
TXN102964,18.846538813548086,12.079790059313849,2,7.091655689374846,0,0
TXN102965,199.2519786397837,6.625296022415591,2,3.143989980522632,0,0
TXN102966,70.57455599673506,15.371405968045622,0,12.30209932867895,1,0
TXN102967,41.46457406474767,12.686750238630468,1,7.132622025943651,0,0
TXN102968,229.36403238697042,17.04248217300743,2,1.35708765728731,0,0
TXN102969,11.609234387344692,10.695503025680155,1,1.2414811081021457,0,0
TXN102970,141.28295668484432,15.38068236793349,0,25.18357781372262,0,0
TXN102971,23.84597917870053,21.543486671041883,0,12.940626410290914,0,0
TXN102972,20.69098175650975,12.454827696343578,2,19.830792491283702,0,0
TXN102973,42.94480917714311,17.262254882649923,1,9.397351537210023,0,0
TXN102974,28.863381584497677,7.717067982908283,2,17.942045532008397,0,0
TXN102975,19.059596500317127,12.548603121229217,2,6.273385005167549,0,0
TXN102976,57.64730854852334,14.559800620360708,0,13.627388831146378,1,0
TXN102977,102.48818402762929,21.701891457771115,1,4.572275939078235,0,0
TXN102978,30.539632405910652,12.748640998859262,3,4.331442108737798,0,0
TXN102979,101.36948088856249,8.072373107608678,3,1.1161256575953953,0,0
TXN102980,97.73229485590443,15.757189790489408,1,11.467979662774928,0,0
TXN102981,68.19552296476931,12.790273554726351,2,4.734841307533332,0,0
TXN102982,38.39321210691394,14.040819408422635,1,17.084565629301064,0,0
TXN102983,131.64525891263406,16.4136405438619,0,2.7657587395071683,0,0
TXN102984,54.464912703167556,16.590288399360073,0,14.32592105171728,0,0
TXN102985,140.73839959592837,17.911121508236437,2,5.405290847228919,0,0
TXN102986,40.88970774574858,12.031173486758068,2,8.70404231007649,0,0
TXN102987,61.266401131315746,9.769821142789446,0,7.444726280777351,0,0
TXN102988,11.023467537378293,12.325628669699272,3,3.738100561091502,0,0
TXN102989,90.43814982028117,15.740225151045628,2,10.819337597538862,0,0
TXN102990,22.813552787701084,13.252600516297784,2,18.322435723873454,0,0
TXN102991,30.328594914838245,7.608034559234633,0,6.984313016728492,0,0
TXN102992,98.20849993408669,20.009757399829333,4,16.44730813810678,0,0
TXN102993,47.316053335184385,11.90924926115375,1,1.7750228146431712,0,0
TXN102994,54.19340241215849,18.61618683668475,3,0.16620145216497845,0,0
TXN102995,16.23763316359029,12.67617300117974,1,8.696950088001037,0,0
TXN102996,35.34443569106402,12.162837150694983,1,18.948774566011785,0,0
TXN102997,6.8323973924542845,14.497109086166097,1,1.2650013101613222,0,0
TXN102998,61.07309342755162,14.301598956752523,2,12.54422505682818,0,0
TXN102999,144.0644302228035,17.261181913910153,1,11.476495489809505,0,0
TXN103000,52.25844872815108,13.92491788047125,0,5.20967038780988,0,0
TXN103001,53.436416177358936,12.351089589049332,2,10.948173023085129,0,0
TXN103002,46.28703188562345,10.056571395475066,2,9.825663116392398,0,0
TXN103003,18.03916384772918,17.350496905312532,2,9.326023775041437,0,0
TXN103004,21.89691164921212,12.156569336406195,0,4.091573941116161,0,0
TXN103005,304.62330456591485,10.49484954796185,3,10.244735762522893,1,0
TXN103006,42.55850469467041,17.04403405499644,0,4.731161792026966,0,0
TXN103007,56.76616430930253,7.157790015259865,2,3.2452629207421784,0,0
TXN103008,78.93556321063386,13.862366877970043,2,2.9861934737153577,0,0
TXN103009,56.73414511472495,20.802738900636857,0,18.881320356160035,0,0
TXN103010,41.59428759342215,12.674372784821776,0,6.251361149744041,0,0
TXN103011,47.94470092444634,17.019824122425245,3,3.461778882335827,0,0
TXN103012,47.240012325910456,17.630000379682606,0,8.652668057697802,0,0
TXN103013,52.46933742630367,16.276631263117412,2,24.220525843024816,0,0
TXN103014,11.397150579781334,18.093599748342044,5,4.6504767395487425,0,0
TXN103015,37.00220938129415,15.352434018848072,0,11.361159231850454,0,0
TXN103016,33.46001066706932,23.0,1,2.784444725569056,0,0
TXN103017,49.94882678239409,14.424731390996781,2,4.293709358919687,1,0
TXN103018,63.53271567527135,13.719739400825594,0,3.146491681261367,0,0
TXN103019,85.51399972581676,14.409623859464421,1,3.688911797308437,0,0
TXN103020,64.46397233820731,9.204294584235587,1,13.043771647392553,0,0
TXN103021,97.3281280220321,12.236620293858579,1,7.252663335122044,0,0
TXN103022,51.19577909457231,15.939722214473903,2,4.321326604485644,0,0
TXN103023,43.82741610737536,10.342181774646377,1,8.83131872295215,0,0
TXN103024,43.81319834262884,9.667399095777117,0,3.4971725793833954,0,0
TXN103025,103.09916748878618,13.40407948200257,1,1.459498361888292,0,0
TXN103026,71.27918801047153,10.273898664087184,1,33.223779614283735,0,0
TXN103027,247.18470535626582,7.341077571344443,0,6.733772764270495,0,0
TXN103028,1254.9612510642573,0.0,3,808.6935564609338,1,1
TXN103029,81.87225428444434,7.040223562417752,2,9.9695474416943,0,0
TXN103030,146.76468438498512,12.597035838624603,0,11.425665469981743,0,0
TXN103031,59.0627882511561,13.970873819445774,0,13.203894548284676,0,0
TXN103032,27.143524303482273,14.563225213461328,0,4.409850979670996,0,0
TXN103033,53.938524249131284,16.84475118269556,4,1.4843457626706313,0,0
TXN103034,61.03371255487091,12.861586380693025,1,15.77042043005116,0,0
TXN103035,210.58657519635238,3.4260218606034236,0,14.052780846262502,0,0
TXN103036,129.91040936331484,18.43694320016311,1,13.595133229175811,0,0
TXN103037,76.1297246317537,14.33702783705866,1,16.704284422108845,0,0
TXN103038,123.07389987361836,21.300755383681043,1,2.429519404650227,0,0
TXN103039,74.9980226307921,9.205860046219264,2,9.445209040201249,0,0
TXN103040,84.88832152353119,15.208878970774567,1,3.768742884436762,0,0
TXN103041,80.10407729726785,20.7633026115288,2,4.8545342918061944,0,0
TXN103042,68.82570286207815,11.388026410794849,1,3.567022601632117,0,0
TXN103043,114.9723510678301,14.082434827141812,0,4.711254331778306,0,0
TXN103044,120.9150661949216,12.755935010804702,0,5.030173245734381,0,0
TXN103045,39.21828429866394,13.049101164055646,2,6.920148427362372,0,0
TXN103046,70.08892715729371,14.660875637287104,4,9.015397388885777,0,0
TXN103047,5.661508256651335,14.23928858985291,0,9.208445324963561,0,0
TXN103048,7.712849112957699,12.89540776492656,3,5.338720972529151,0,0
TXN103049,249.8257894618468,12.614317112640162,1,5.12051330189302,0,0
TXN103050,77.17843303516318,9.442628545749695,0,10.151285192923769,0,0
TXN103051,820.805744181334,3.2753112657534693,6,246.7867386357993,0,1
TXN103052,30.07809759806735,16.86384390068725,1,37.719151237474165,0,0
TXN103053,38.9494664530497,16.136160907448943,1,2.204292359211764,0,0
TXN103054,40.2208269639904,12.752047137354555,1,9.458758402151707,0,0
TXN103055,20.53460117717107,10.205216458825719,1,10.223508032100657,0,0
TXN103056,95.57588537232876,7.507974586149583,0,9.558980515337648,0,0
TXN103057,89.0291035973475,5.801613490878456,1,1.6788868872866949,0,0
TXN103058,61.693967475903506,9.211343799394221,0,3.475644661959355,0,0
TXN103059,70.20865812843024,6.933569151375911,2,1.9254611212303772,0,0
TXN103060,147.10784100360652,20.237119549178768,1,6.655445746162432,0,0
TXN103061,43.540607955948005,16.416129899819595,3,14.775604981834325,0,0
TXN103062,93.33937621937126,23.0,1,5.010025766513425,0,0
TXN103063,65.46441064140973,19.950859763185406,0,1.534637721371004,0,0
TXN103064,21.01039302706122,12.313786145007906,1,7.518697082481978,0,0
TXN103065,60.878428641281516,17.41134585935297,0,23.57171737646778,0,0
TXN103066,63.95494489917964,15.326864327445266,3,1.3850153771313085,0,0
TXN103067,81.123348441736,16.376131710247815,1,1.3062353535394853,0,0
TXN103068,49.339798199296176,16.302494433615912,1,0.980323182031001,0,0
TXN103069,75.99467503024795,8.329133424960546,0,0.5969590662005893,0,0
TXN103070,7.399949549878918,17.050771501655483,2,8.723493243745846,0,0
TXN103071,38.535019112237,8.092615380364546,0,4.764942614478992,0,0
TXN103072,101.06742619976005,19.5424144802829,2,10.894112730717309,0,0
TXN103073,38.07821136216482,18.370749332245918,2,15.564256549152507,0,0
TXN103074,51.41156991116901,11.738883931077241,1,9.594358458248175,0,0
TXN103075,35.67568851839432,10.8941543532231,1,9.310234980557922,0,0
TXN103076,19.58077344357735,9.290041292303979,1,3.1281099735200444,0,0
TXN103077,180.09192296401878,7.753868405986004,0,4.232968914629234,0,0
TXN103078,49.731261678102435,18.651833184937995,2,12.051382455081637,0,0
TXN103079,17.07247609074265,18.12052982661898,1,9.879161046291628,0,0
TXN103080,24.45135353087169,11.78322226392001,2,5.298064459006512,0,0
TXN103081,52.136529373161224,18.29908495175017,0,5.566670168631748,0,0
TXN103082,47.531561500195345,15.491199095020304,1,11.857281467721261,0,0
TXN103083,44.21954938484635,15.444928476408581,0,3.2796710515317677,0,0
TXN103084,239.62925120765945,9.446878471261986,1,7.744204712008813,0,0
TXN103085,108.80488239261234,11.80096253697008,1,11.452028073070506,0,0
TXN103086,76.69662650104056,13.93508692114896,1,3.3477438206260537,0,0
TXN103087,116.52904113316617,8.675870025982803,0,12.197040340068936,0,0
TXN103088,32.60506244787402,15.489448669652493,0,3.8001862712660217,0,0
TXN103089,68.39828930360063,13.572691056301602,0,7.206255551294806,0,0
TXN103090,65.9861329987624,14.184637924852247,1,6.41772251657737,0,0
TXN103091,73.23922464877448,18.177831495338882,1,4.331107059618624,0,0
TXN103092,50.593870930777484,8.884044756813566,1,15.682924963151502,0,0
TXN103093,25.946651771511316,14.981570562536323,0,2.6389105210856596,0,0
TXN103094,60.0249355435103,11.599088049962953,2,4.3584790796355,0,0
TXN103095,68.25117427154359,17.68170953600168,0,4.9058276567011,0,0
TXN103096,49.405918188202364,10.008286166970784,1,6.94329671017949,0,0
TXN103097,41.40753551352944,13.899525324759994,1,12.938593818083463,0,0
TXN103098,36.33050601059732,19.26368218077095,1,11.490736062148194,1,0
TXN103099,96.16417810425817,12.913953801415179,0,5.634360382448213,0,0
TXN103100,157.3692629072113,15.873640040907013,4,3.7223157770411213,0,0
TXN103101,1.1308773149929257,17.623468237934322,1,27.95364333764633,0,0
TXN103102,659.5772663610188,4.162112311254075,6,187.04041486114699,1,1
TXN103103,31.210137947338048,16.631439967024388,0,2.2145376853902237,0,0
TXN103104,137.09005851702995,10.901188831286435,0,5.127575861937434,0,0
TXN103105,74.44753609767415,17.423492484316053,1,13.794497366224423,0,0
TXN103106,134.71026498409682,11.467773336830508,0,4.315054535098884,0,0
TXN103107,30.465074221471156,11.173297944456337,3,1.9547487801091283,0,0
TXN103108,62.477224879766744,15.003023007328155,1,5.954820212875686,0,0
TXN103109,101.88934376671415,19.941491827149385,2,10.605250969479282,0,0
TXN103110,10.860754964641181,7.506927246158367,0,1.6896443105960701,0,0
TXN103111,79.43002451468284,11.578052059132254,1,8.617031988887714,0,0
TXN103112,146.54729635391965,14.67953338531358,1,13.463157789975567,0,0
TXN103113,2.3041856762765014,10.28303574922047,1,2.2489449983109586,0,0
TXN103114,65.17153187032912,10.426726832629306,0,9.666313988708428,0,0
TXN103115,18.721081078668842,9.168993761479992,3,8.973651110824672,1,0
TXN103116,133.0869588021967,11.692493564085732,1,9.34984932509488,0,0
TXN103117,175.96593910048753,22.138703588553273,2,0.46675266554170514,0,0
TXN103118,193.39305228184702,11.094686206347147,0,5.878093498106132,0,0
TXN103119,37.882889766626306,15.103788394400027,1,6.7504125083251365,0,0
TXN103120,100.5148009316904,13.677959998629499,1,5.019739543770667,1,0
TXN103121,44.63558740126427,15.27748812975307,1,21.13570074087076,0,0
TXN103122,119.97847328844058,15.878818839220557,1,7.609641154834037,0,0
TXN103123,38.18751527896091,12.51905455092526,0,19.07265562382492,0,0
TXN103124,16.691218290800688,14.767857891829918,2,1.9511505447038582,0,0
TXN103125,65.02714643357717,15.438053244752997,2,8.179090730268069,0,0
TXN103126,13.71831226875331,14.24184522000598,2,1.4372206346221683,0,0
TXN103127,224.05337206976867,16.74479073544052,1,2.7265583311780492,0,0
TXN103128,100.94810237871158,12.484013020633695,2,8.276340042962948,0,0
TXN103129,94.35047974820546,9.513322428404695,1,18.163361142811233,0,0
TXN103130,111.3528682388462,10.813782988975762,1,25.71818599425584,0,0
TXN103131,37.12893377821745,15.075450233548375,0,9.828274214936961,0,0
TXN103132,64.07527950819457,11.027674233336347,1,12.133873029352994,0,0
TXN103133,134.10451217140186,15.522179117362818,2,7.49134175707943,0,0
TXN103134,21.596887948965247,12.405359484907294,2,4.637200891364765,0,0
TXN103135,196.23685103355598,16.774488918684334,0,2.506822058468346,0,0
TXN103136,170.38738493617913,10.294244184289552,1,10.859984729953634,0,0
TXN103137,62.22685713492116,13.837899731497329,2,8.341000087884487,0,0
TXN103138,198.55796048517732,19.70229128431096,2,3.6345699690860966,0,0
TXN103139,160.37246758274262,13.691138988886754,1,9.813858639315047,0,0
TXN103140,504.7714587828992,5.8197419526374965,6,212.09156717409147,0,1
TXN103141,36.443855367287455,7.29325283027037,1,1.6102432591252027,0,0
TXN103142,144.36198102751302,15.7435982564154,0,5.627298559516433,0,0
TXN103143,156.29351679648897,17.297249153308005,0,4.994671158398248,0,0
TXN103144,162.0892827265132,18.75762856956006,1,4.50012396248515,0,0
TXN103145,50.9172632405847,11.844863920929445,1,19.07087789399398,0,0
TXN103146,15.282102841437464,16.797686888039106,1,2.310589445070771,0,0
TXN103147,79.77224097126656,11.872508769543039,0,5.317519421603542,0,0
TXN103148,40.60904340167858,15.781592020158783,0,3.012526938184759,0,0
TXN103149,176.0636861126122,19.32589979801862,0,8.633470608563579,0,0
TXN103150,120.1490743759206,21.297371140400244,1,2.3856926570601176,0,0
TXN103151,192.22921825679134,7.4983083355546745,3,4.827825059811958,0,0
TXN103152,64.76156431743055,12.022187263733557,1,1.5554677941639228,1,0
TXN103153,137.63171407991445,18.114055213930126,0,2.321846671882764,0,0
TXN103154,125.30676708653118,12.65683820039449,5,10.87468446613145,0,0
TXN103155,66.23914059173384,10.067912243892273,0,14.732040628187612,0,0
TXN103156,86.4440629603562,14.30609564162309,0,22.948374453141046,0,0
TXN103157,92.26214821765222,15.876311128069128,0,17.723817621533033,1,0
TXN103158,81.9337438788685,10.129724953190719,1,6.506577658232366,0,0
TXN103159,30.051514322874148,14.209003331490937,1,0.05784932444778071,0,0
TXN103160,34.196876055637055,16.212875287775738,1,1.9777409683927973,0,0
TXN103161,9.583628076198083,16.952595665332137,3,25.898780020261967,0,0
TXN103162,80.22924909897215,20.27960276255884,3,1.4373508089567775,0,0
TXN103163,19.98175753990308,15.838243353480383,2,6.815398554817801,0,0
TXN103164,73.31598560229784,16.13174950188588,1,10.724575474866551,0,0
TXN103165,156.7883742657703,8.63833165785393,2,6.471286999239211,1,0
TXN103166,11.987607685841837,21.6313808038579,2,9.392470357091401,0,0
TXN103167,28.353408092033035,12.750726075723215,0,12.84445736713221,0,0
TXN103168,88.73194129687869,6.884964856441452,2,14.608667576020757,0,0
TXN103169,50.77208492205048,15.964652340837805,1,5.886921659535122,0,0
TXN103170,101.29244017020432,13.572472518702952,2,4.4621423380123595,0,0
TXN103171,10.797898460227461,19.602097162456765,0,6.692022555665494,0,0
TXN103172,10.576168409528892,9.843516675697822,1,8.003834090587574,0,0
TXN103173,7.892892811225995,13.810243010095729,4,4.8553070678594565,0,0
TXN103174,35.74270038382616,8.799431258014684,2,4.053309718230837,0,0
TXN103175,20.568455672123655,17.738237964318273,1,16.356167816739916,0,0
TXN103176,126.69913487303373,19.033886256056164,0,3.6378354712647747,0,0
TXN103177,12.485026475170786,23.0,0,0.5329677946951197,0,0
TXN103178,58.97377663185304,12.087845270783061,5,1.2269078858865776,0,0
TXN103179,80.26161880868479,10.40543979043204,4,1.5941671838207356,0,0
TXN103180,53.17323669763815,8.807787949047356,2,6.1336147443111235,0,0
TXN103181,42.66623226983625,6.828433165246667,2,17.188550546337336,0,0
TXN103182,30.090109314061504,17.628314490184408,0,16.980977424901717,0,0
TXN103183,90.98164356745755,19.686184231703795,0,12.921739332490729,0,0
TXN103184,10.731836567291426,12.819040755647515,1,12.314584615145524,0,0
TXN103185,81.88343623446451,9.048215102189877,2,8.017699927138832,0,0
TXN103186,72.3295811210936,10.386851526702328,1,14.021513989100425,0,0
TXN103187,110.95053297595189,19.036931627481923,1,0.6268736975664635,0,0
TXN103188,59.44009156234645,21.376599887691036,2,13.996830251579578,0,0
TXN103189,20.199311181600486,10.575764020277397,0,5.170997722136965,0,0
TXN103190,19.15694216695759,17.087044811279657,3,9.782177321317766,1,0
TXN103191,51.88843495316989,6.6959823585078855,1,5.22901840064684,0,0
TXN103192,38.87607496897128,14.836385231080259,2,1.1291868349212544,0,0
TXN103193,498.2541417328783,6.674179748896961,9,238.99011071035696,1,1
TXN103194,112.7951501161621,15.78115444159592,2,6.040409287741481,0,0
TXN103195,207.86734827385266,10.229885768210904,3,4.364086780897553,0,0
TXN103196,40.556528266452354,9.910422276782874,2,1.7872131175744572,0,0
TXN103197,70.15685004681313,12.821294031470186,2,18.20370925674611,0,0
TXN103198,116.78681182293263,11.485761464164312,1,5.570382323019906,0,0
TXN103199,98.4269138292479,13.100514851636525,3,5.407203454246057,0,0
TXN103200,175.61967894146767,15.676155798823281,2,8.251205896734703,0,0
TXN103201,100.82323598018193,9.586370186735257,0,2.696434238952903,0,0
TXN103202,928.6463458465894,0.9739236810947873,4,209.18630127095207,1,1
TXN103203,32.134368248419854,10.807303496982986,0,2.1327607856188706,0,0
TXN103204,36.55227405348625,20.65037904361346,1,21.18848070454781,0,0
TXN103205,111.29023216063015,9.255020626306347,0,3.7790294298995892,0,0
TXN103206,30.124693789127196,19.262143782374338,1,6.516698448814106,0,0
TXN103207,1108.696586270606,4.529472034195839,4,43.37781818865604,1,1
TXN103208,30.0190007582737,7.738980481029804,1,13.862656001740678,0,0
TXN103209,11.78297243729694,20.73894888083136,0,4.9385612435374755,0,0
TXN103210,59.09751742925395,21.419834682626302,0,3.2863425364668837,0,0
TXN103211,87.11943912263911,9.919445869877148,1,4.82203932107303,0,0
TXN103212,91.34909739993496,15.798348098533232,0,4.304056972155165,1,0
TXN103213,135.83037296564288,6.044395749263026,1,3.01907882449471,0,0
TXN103214,55.43037574867124,9.463084851475607,0,3.027171526802092,0,0
TXN103215,49.73305553033611,16.676057891351938,2,11.56255170268598,0,0
TXN103216,197.15078654689805,16.27166897421985,1,1.0323765702580057,0,0
TXN103217,84.15402223499575,10.79492826168822,1,16.85274806357876,0,0
TXN103218,48.43708708743108,13.112150943547189,0,2.552592440249861,0,0
TXN103219,72.96677853853261,18.0473969650518,0,9.07852688278615,0,0
TXN103220,46.475446063518866,14.080600256765674,3,0.9422168538533151,0,0
TXN103221,104.47708640486923,15.114239952695222,2,17.213353700987682,0,0
TXN103222,41.15587599798776,9.512473013724351,3,2.6629508680806735,0,0
TXN103223,34.83507978943179,13.602522043378997,0,13.639625481098271,0,0
TXN103224,2.1400303728809114,14.920150859615992,1,2.926361293235284,0,0
TXN103225,32.16361952980265,6.671588248480553,0,33.65858610303483,0,0
TXN103226,68.17753574946144,8.538609340859399,1,15.911639699362789,0,0
TXN103227,6.013795458360031,10.423045046841937,1,2.259471400626245,0,0
TXN103228,89.30379237104705,13.905877505851157,2,4.277724576867569,0,0
TXN103229,6.998178691540396,9.999763761420532,4,9.71914377276899,0,0
TXN103230,101.6136079517577,19.167764546490282,0,9.554458698453715,0,0
TXN103231,185.3717751735388,9.44013303506385,1,9.39668856642778,0,0
TXN103232,110.32314378919688,13.304421059124426,1,9.173205200982723,0,0
TXN103233,98.10813257087904,10.043862860602001,2,3.291918983992338,0,0
TXN103234,37.49644865865602,13.47331296079006,1,0.9276012736228428,0,0
TXN103235,65.3680303527489,11.084131937163242,2,5.287002633443293,0,0
TXN103236,53.87088736462295,16.85341222751771,2,5.625421349918164,0,0
TXN103237,45.56153652363732,17.1606258683828,2,9.583986223826168,0,0
TXN103238,85.99946732950013,15.856786032344345,1,2.743609807963985,0,0
TXN103239,17.265705267993457,15.760425968453276,1,2.7261387569006725,0,0
TXN103240,84.9000355747763,23.0,0,17.341186888780864,0,0
TXN103241,36.84396418111931,16.482250806524338,0,9.572982447835106,0,0
TXN103242,60.97709928314026,13.204530670628587,1,6.3907251786012225,0,0
TXN103243,206.663326436124,15.94198018063786,0,10.36804231359268,0,0
TXN103244,10.876267613483419,22.015223582036718,3,8.788839661576022,0,0
TXN103245,20.005334782460665,8.010591143190602,5,15.638795282865331,0,0
TXN103246,29.675378288769245,15.94230811979509,0,2.253337918593305,0,0
TXN103247,42.15321413998214,14.824065736700293,1,5.353797783121602,0,0
TXN103248,10.474377171106095,14.903171802715866,0,20.10906615084518,0,0
TXN103249,75.36046936960615,15.582309064900969,1,3.891930303262808,1,0
TXN103250,71.36969142063859,17.63433980420777,2,7.949335960578658,0,0
TXN103251,43.32457181846478,10.644556863215863,0,6.540111769462244,0,0
TXN103252,11.511509368691273,16.27711254237134,1,6.28239205316325,0,0
TXN103253,59.04101682557123,12.040827569857935,2,28.013604946175022,0,0
TXN103254,35.42462083160734,22.508977292010805,0,5.621161695622683,0,0
TXN103255,83.36513492473989,13.900477751456272,0,10.093387348560857,0,0
TXN103256,17.226292802154205,20.620623772149816,3,4.068859167298795,0,0
TXN103257,63.81961116282834,12.78483085677317,3,4.579472549963412,0,0
TXN103258,25.190577585535628,11.15552779760448,3,15.766105193283693,0,0
TXN103259,120.26060892909449,15.568355538856737,2,5.1691862915671365,0,0
TXN103260,89.55832194329587,13.915961118091731,1,24.83633243414007,0,0
TXN103261,50.44759682752637,14.291159667689321,4,6.490625912409396,0,0
TXN103262,47.569679296218645,11.053174879057543,0,1.0854390355252999,0,0
TXN103263,136.4094570594603,14.704126303422214,2,4.115804601614044,0,0
TXN103264,192.90805426264802,15.931656410752176,1,9.868573714858277,0,0
TXN103265,30.214658779769618,7.869270534637534,1,3.0018233140782806,0,0
TXN103266,145.48182495682087,12.388893491631027,2,7.49647838790099,0,0
TXN103267,73.19959980714205,10.10156231019034,4,2.191336962655328,0,0
TXN103268,137.97664291193223,12.770470192153573,1,6.360146678186505,0,0
TXN103269,96.14047753601503,8.469004446476703,1,2.4562623374681367,0,0
TXN103270,76.86072988230647,8.081056613818381,1,3.964181214071436,0,0
TXN103271,143.2546831080229,21.589109284899873,2,4.515188097599353,1,0
TXN103272,36.40733291557471,12.828215672611476,0,0.7658614578904704,1,0
TXN103273,288.2248955532252,8.263303429907772,1,3.846231233710335,0,0
TXN103274,37.54573631732883,16.32411120650578,1,1.9428802756255716,0,0
TXN103275,55.64848609153698,16.91208141782192,0,8.351999429520747,0,0
TXN103276,73.66606230185413,16.074460686384306,2,3.2966535622067634,0,0
TXN103277,96.79489922806796,16.162005246111168,1,2.1686599537785107,0,0
TXN103278,71.45471246379775,17.660543614341265,1,0.5602368897327025,0,0
TXN103279,58.45092361114781,13.915839383365206,0,2.976946734225805,0,0
TXN103280,40.48783911069499,11.283170602435032,1,8.050047410183602,0,0
TXN103281,102.86055113369108,12.618793538497258,2,11.210316559099187,0,0
TXN103282,79.01109533204891,14.4258932731437,2,7.732048531262836,1,0
TXN103283,39.03395447904849,15.173815280251493,1,3.3558967665427826,0,0
TXN103284,97.74671147504844,17.560861400270706,1,9.521272086294431,0,0
TXN103285,200.98731906048894,18.33404091775509,0,16.039520509146797,0,0
TXN103286,123.47787709455716,15.87050167369163,1,6.844210299663853,0,0
TXN103287,67.19137187128213,11.852726848629716,2,3.8320386910861597,0,0
TXN103288,19.17208076612788,12.241150442252081,1,7.658015096205658,0,0
TXN103289,58.204294450570366,19.175997357556426,1,2.987449052754971,0,0
TXN103290,119.43328584489238,12.560481031552868,1,4.621382682334485,0,0
TXN103291,110.47282310686245,16.21982343935685,2,2.2985502193046643,0,0
TXN103292,98.03358735219504,4.051697549758851,0,1.2128766503036987,0,0
TXN103293,175.98705466108814,12.735988632563535,1,10.56715425692867,0,0
TXN103294,5.845543236701737,21.37200650786711,2,15.296742711041315,0,0
TXN103295,92.4816366625108,11.171420014448941,0,8.065214847778137,0,0
TXN103296,118.05123446768009,17.858005442794003,1,5.473399948997093,0,0
TXN103297,67.93675732851247,3.2270675333547736,0,1.6298197703990633,0,0
TXN103298,151.4463861966281,12.241346287990023,1,5.761261714461235,1,0
TXN103299,54.49746101091946,15.477207631714892,2,10.239054045229247,0,0
TXN103300,15.342388567535501,14.651114809433611,2,21.052863393255894,0,0
TXN103301,18.62856514204556,16.656971425700945,4,8.131037037034696,0,0
TXN103302,62.83759651434633,10.732899936693292,2,10.892483595008418,0,0
TXN103303,114.74603218263687,16.860297535445365,2,2.5219307858409494,0,0
TXN103304,109.99942458642474,14.177477650421084,5,9.628527581056,0,0
TXN103305,64.92371013710549,12.527383665472284,2,9.752321630486808,0,0
TXN103306,9.558515382925766,14.417109415486161,1,0.49689109052893987,1,0
TXN103307,89.19031766258723,10.657973864441978,1,13.729782500547081,0,0
TXN103308,32.85197262470375,11.249376822853353,0,12.913120062103662,0,0
TXN103309,105.58005368289875,7.577388633507242,0,8.383572662429351,0,0
TXN103310,22.77149755045615,17.186105413590713,1,0.05479137536269013,0,0
TXN103311,31.457855721615612,11.079055351272235,1,18.94762104368255,0,0
TXN103312,7.093506736732651,3.0659215878075354,3,19.90008460501807,0,0
TXN103313,131.24242313045556,17.43413061737199,4,3.191148683127794,0,0
TXN103314,66.17651079594276,13.280503234828462,0,0.814460675987479,0,0
TXN103315,18.282882923412437,7.556642300698208,1,4.613517531057849,0,0
TXN103316,37.96695614351708,21.83654909309058,0,10.459974841405979,1,0
TXN103317,22.367808641402263,15.45171895582745,2,2.9310205378968934,0,0
TXN103318,56.97096698160914,12.88507888485398,1,23.727764114865487,0,0
TXN103319,75.85611191322727,12.594692314658163,0,10.136764837944467,0,0
TXN103320,151.66297154400849,9.146215912915746,1,25.48217737925277,0,0
TXN103321,79.39520831148394,11.354814770306369,0,7.536587072823394,0,0
TXN103322,54.90633751828948,8.017197161931517,0,6.097603363091468,0,0
TXN103323,57.20315757765003,15.812286015303654,2,6.759188141083495,0,0
TXN103324,214.03183671932166,11.935588842932546,1,5.57167224969956,0,0
TXN103325,104.2417529388097,14.880156189146938,0,6.27830234483469,0,0
TXN103326,153.01004609844878,15.957618200645777,2,8.10017612467309,0,0
TXN103327,53.77945748347126,6.908283378170317,2,20.491096856992286,0,0
TXN103328,131.83188985554642,18.42248181389524,3,4.5904469285812,0,0
TXN103329,101.9652714109636,17.518726291995947,4,12.3099582295543,0,0
TXN103330,38.69086914825553,15.322590703598665,1,2.17167564356482,0,0
TXN103331,100.91321274412178,11.082632409657311,2,7.098535739049203,0,0
TXN103332,73.77367387526802,15.393304603517919,2,12.53133266241801,0,0
TXN103333,81.55589106007051,14.81807763879814,0,1.310195049312316,0,0
TXN103334,23.203911164781733,15.408667345553908,1,5.851985968381114,0,0
TXN103335,154.53103328083574,15.517283798454002,0,3.8793588198578,0,0
TXN103336,131.99678498939957,17.308303787099113,0,8.598414352203571,0,0
TXN103337,24.172138670766707,8.197940012119421,0,12.324929508899698,0,0
TXN103338,77.3847575197657,14.974204403326379,1,20.53107600173256,0,0
TXN103339,39.52671917392239,9.774993352262628,0,1.9006930302517744,0,0
TXN103340,90.95221710578284,15.09434434525142,0,1.413424519850284,0,0
TXN103341,58.66182168772255,12.070894276952473,0,9.053748010549173,0,0
TXN103342,5.725560888987743,20.33086993800621,2,1.2631777287268213,0,0
TXN103343,69.09990137057308,11.560038555275245,0,14.816005363870186,0,0
TXN103344,45.1779239837849,13.488797056751604,0,15.697615989940843,0,0
TXN103345,137.49603679298363,13.353506845227447,0,1.482793717352418,0,0
TXN103346,16.769344751427383,6.410855816107572,0,14.009229977873892,0,0
TXN103347,98.61167301235008,11.359599671166492,2,5.049168175234363,1,0
TXN103348,135.06713683634945,10.407299404833164,3,0.6288104161330248,0,0
TXN103349,43.768992883669576,13.253214861307859,3,6.128835815638004,0,0
TXN103350,63.090227023711535,16.1169652837892,2,7.353884294017496,0,0
TXN103351,40.181079541083534,3.9419631037272502,1,9.277982294713237,0,0
TXN103352,49.05207179922876,23.0,1,0.6372905431254273,0,0
TXN103353,35.2355775401677,17.420563500430443,2,4.932773403326177,0,0
TXN103354,90.54562703402868,18.884187208605137,0,17.92061529879764,0,0
TXN103355,116.71880626231838,12.538272570405333,1,9.165344551341128,0,0
TXN103356,105.75848201071935,13.173928086892545,1,4.0086304729516105,0,0
TXN103357,592.8995274311335,12.079913957299645,0,0.5358664505672077,0,0
TXN103358,45.28907701255345,15.031116319974368,0,4.443888054582016,0,0
TXN103359,45.20730726122113,19.72155888555058,1,1.805663678827951,0,0
TXN103360,60.18957136065822,18.249647256098367,1,4.07414298920486,0,0
TXN103361,125.66349428076691,13.052376652941382,0,7.219525158464474,0,0
TXN103362,23.835352463313754,16.018028514027655,0,3.014976115835009,0,0
TXN103363,90.89501488280904,15.751844084011717,0,9.280984171398785,0,0
TXN103364,79.20342854978045,15.664394703534132,0,11.071784371204261,0,0
TXN103365,64.49931483164433,8.94574376947263,1,2.113654024405237,0,0
TXN103366,100.77554221546498,14.149664702380296,1,10.17684364851326,0,0
TXN103367,187.22492563909864,15.682889502451694,0,13.03425549304138,0,0
TXN103368,26.971946667737058,18.724286672838886,1,15.096361033464024,0,0
TXN103369,256.0127164209695,13.145183046781424,2,31.384090514675584,0,0
TXN103370,45.58086106103492,12.746806056072792,0,4.746735261588934,0,0
TXN103371,31.61002506240033,14.221393943785735,2,2.705599577528025,0,0
TXN103372,36.38893522766663,8.208026376157896,2,1.5295010294023539,0,0
TXN103373,95.87905345951542,18.5599410509129,2,4.249552387100033,0,0
TXN103374,40.7953396849059,15.319862294124917,0,5.340845948563203,0,0
TXN103375,166.39736508195253,9.875703267848088,2,2.8290388582474693,0,0
TXN103376,129.08019732157544,13.92633947384152,2,7.71827168821217,0,0
TXN103377,88.45540555912095,16.07755632497892,1,8.606960946611867,0,0
TXN103378,60.91347671029389,13.992803491813698,2,2.7162051719699924,0,0
TXN103379,30.540462501253593,8.796856969550769,0,1.8393394000409902,0,0
TXN103380,103.55106066874524,19.967267305322558,0,12.273826895715526,0,0
TXN103381,773.6617785833575,0.0,6,575.1456956361247,1,1
TXN103382,126.23765704558821,9.985782088531433,3,13.761582299950309,0,0
TXN103383,230.73136039947167,8.576030405534425,0,3.7623244686030537,0,0
TXN103384,16.551792215884614,13.974026847323998,3,2.2120561563896537,0,0
TXN103385,213.7658936510209,13.808049787776032,0,5.068860194060933,0,0
TXN103386,90.9465792427669,17.048325464179722,2,25.91565985208813,0,0
TXN103387,15.189444512644672,16.008356122783795,1,3.5438302657931633,0,0
TXN103388,36.87516177182175,14.189310476279399,0,2.1948139125582213,0,0
TXN103389,103.75286571246073,13.105203667133438,0,7.411768899673681,0,0
TXN103390,71.67167863695731,20.753059337762686,0,6.953653629740292,0,0
TXN103391,72.09686329460934,20.632981162326164,1,4.317870611701726,0,0
TXN103392,36.14201499332061,9.691571565476533,0,0.3462263872338611,0,0
TXN103393,123.48259185470334,18.067860217551456,3,2.2991298651538257,0,0
TXN103394,15.886971565150112,13.800302984603158,0,3.984520660352034,0,0
TXN103395,114.5393664612242,15.561951986426905,1,2.5616755471926806,0,0
TXN103396,24.60952060027386,15.570370555859906,0,13.826294656643931,0,0
TXN103397,126.95189230440704,21.832547739690888,0,1.822586216208406,0,0
TXN103398,121.34679573680798,13.529876711259305,2,5.22519366567792,0,0
TXN103399,173.20167097950392,19.155271383797185,0,10.933293955951589,0,0
TXN103400,137.3090216883259,10.459284632827368,3,4.592837214425633,0,0
TXN103401,25.21859290660646,14.629747641410534,1,4.82669645705103,1,0
TXN103402,383.985346745376,5.980105760713636,3,138.44332675731758,1,1
TXN103403,97.23187513146775,11.143619222695161,0,17.097058405489975,0,0
TXN103404,19.15738566080789,14.49874487916527,0,5.757888262099185,0,0
TXN103405,49.59872223945684,20.898590838361997,1,9.40116003557254,0,0
TXN103406,892.7107705817745,2.952291906971295,5,750.3575746809407,1,1
TXN103407,50.81885021077484,14.067061721184276,2,20.87662118188959,0,0
TXN103408,14.436505233666164,10.863511803256918,0,4.209678998173394,0,0
TXN103409,92.85273088412734,10.111629014386532,2,4.032419419423748,0,0
TXN103410,20.02376933389482,15.040803926291433,1,5.775416745479295,0,0
TXN103411,95.91854438871852,17.064526982294815,4,7.712081440210653,0,0
TXN103412,214.22674905334293,22.892415658943335,3,2.8436167438667765,0,0
TXN103413,17.003247295124325,11.903313206705144,1,13.446097536804134,0,0
TXN103414,52.22700939424183,11.056500106703176,1,6.77796422261698,0,0
TXN103415,151.12208477898264,15.856184030732638,1,8.29054763840526,0,0
TXN103416,210.76165456699582,12.111463769722093,0,3.524558032189372,0,0
TXN103417,116.46145042916581,18.02981985053215,1,27.113992563763954,0,0
TXN103418,8.965610656644184,16.468657871514118,1,10.78009628725453,1,0
TXN103419,117.88189005217089,14.324190355442806,0,23.44115961476607,0,0
TXN103420,53.89789440879359,13.96784597333583,0,5.573406051932359,0,0
TXN103421,48.5557268049031,16.15735627492347,0,14.0950575768668,0,0
TXN103422,267.4985784617859,7.189477159997793,5,1446.258858381766,1,1
TXN103423,91.96890142578306,13.433769853760236,1,0.5297392180697692,0,0
TXN103424,85.15625588258898,17.807194992738996,1,8.354923987438458,0,0
TXN103425,69.4206167778449,12.179036227935764,0,14.161690317635443,0,0
TXN103426,22.317878476211867,17.839352021603627,0,13.984068922991764,0,0
TXN103427,54.426355508866465,23.0,3,4.5281485782367445,0,0
TXN103428,52.62498474714559,5.308234465283537,0,14.313700221517959,0,0
TXN103429,33.82995934712286,12.211070351935478,4,3.8309177693888814,0,0
TXN103430,80.16705650186681,7.8194215001010114,0,5.442440779800254,0,0
TXN103431,54.09847586228967,22.50281614032867,0,0.7337745525019367,0,0
TXN103432,178.83155179674898,6.523353434108695,2,6.916551404353838,0,0
TXN103433,68.93950811887225,20.89361759413126,3,0.4416324850324899,0,0
TXN103434,139.01008826160034,11.342986971067958,0,6.18078108666244,0,0
TXN103435,70.500807359252,16.682907251469334,1,2.0081923689338774,0,0
TXN103436,68.97594635490874,15.383596585096678,2,8.226535544663196,0,0
TXN103437,92.69725648218332,9.778478895657159,1,3.251752613809595,0,0
TXN103438,149.00825680878035,15.42389129212474,1,11.65598112965679,0,0
TXN103439,30.86388414292768,13.147713974161986,0,4.142018908588024,0,0
TXN103440,50.713891333291635,13.53412937453362,0,11.193374408386918,0,0
TXN103441,25.538510825785686,17.873013281863038,2,7.356325661922449,0,0
TXN103442,152.8147627522328,23.0,1,7.396868232905374,0,0
TXN103443,36.72022435671099,10.903071719838708,1,20.395040417224966,0,0
TXN103444,81.80040685442395,13.355992433651204,0,0.5209371701926717,0,0
TXN103445,168.59006674544565,23.0,0,1.2657902796872738,0,0
TXN103446,60.80541936443076,12.354712390235985,2,6.797915048180543,0,0
TXN103447,90.81908091315927,9.799578912915116,1,6.939976186118279,0,0
TXN103448,15.800499387330538,13.170002471292653,3,0.16427872309727795,0,0
TXN103449,15.068781157549736,15.196228151764004,1,28.40721129579237,0,0
TXN103450,39.845003829277836,20.18741937590653,2,10.579107414284344,0,0
TXN103451,140.12095051390335,14.099523777894774,3,5.650336195297002,0,0
TXN103452,34.01064884934863,10.341893548204508,0,1.7003567718093007,0,0
TXN103453,19.93372273460849,14.115935426145304,0,0.9327899136582473,0,0
TXN103454,109.0305793743926,9.46625246743476,0,5.74948740746378,0,0
TXN103455,26.250686567398166,16.285646866736986,2,6.058128425302623,0,0
TXN103456,54.707859157316,15.051077455850894,2,1.3649682706054789,0,0
TXN103457,95.219270384002,15.630207440713217,1,8.4146007241732,0,0
TXN103458,185.12432473958745,14.646044329992545,1,9.486434904296985,0,0
TXN103459,70.63657544830184,17.834074931641172,1,2.1446688817854227,0,0
TXN103460,172.60112806417422,12.101662105540523,0,4.070201316152093,0,0
TXN103461,167.92606444586232,15.1504427327256,2,8.149272563561556,0,0
TXN103462,20.45423172905695,13.896369339786068,4,5.107621226838184,0,0
TXN103463,46.85451450536047,14.769080490373305,0,0.6223685509716542,0,0
TXN103464,140.55615063462855,18.711710750512612,3,1.9485457281055125,0,0
TXN103465,37.94981520171589,15.675157636276145,4,4.311062571309195,0,0
TXN103466,83.90090588850506,16.660252340096818,0,6.161038025373687,0,0
TXN103467,37.741942860260856,8.182670278950031,1,16.445150841952792,0,0
TXN103468,44.93244164468689,15.498125783088081,1,11.31586876450915,0,0
TXN103469,147.18095278736718,14.553646933561307,0,3.431722028065269,0,0
TXN103470,69.46195481475664,9.493525106643734,1,10.193826258184284,0,0
TXN103471,22.987484255488653,20.95269324585903,0,5.648025549960753,1,0
TXN103472,83.57246083441092,16.939268266914837,4,3.606291491566243,0,0
TXN103473,137.45034146819643,10.29391266152194,2,3.877548866990033,0,0
TXN103474,173.87437190415937,15.336488842890098,0,3.1600394889324654,0,0
TXN103475,882.9535977181073,1.055519808575656,8,355.86227356108304,1,1
TXN103476,106.76996694489775,13.702442679989618,1,20.047060577597232,0,0
TXN103477,52.55144493168113,13.094067655907898,0,2.686267350676772,0,0
TXN103478,51.08934818517706,20.075651932941536,2,4.415182219281011,0,0
TXN103479,73.98750787971998,19.8077452025141,2,5.016686276627787,1,0
TXN103480,163.73400447946068,14.798071684885528,1,14.45025743229384,0,0
TXN103481,20.020617030534122,21.453061548206087,0,19.252660332704938,0,0
TXN103482,29.142895793909872,16.870121988303463,1,3.0617480622899294,0,0
TXN103483,47.95344948968298,22.10325009294599,3,5.264199350950262,0,0
TXN103484,70.65194374582137,10.039140042336783,1,4.714630923341721,0,0
TXN103485,107.70237144074702,16.42076689976356,1,14.911510958462049,0,0
TXN103486,83.96763468962891,14.6381453612843,3,4.60356295374056,0,0
TXN103487,46.42513342238793,18.60528919911242,2,3.3259388313638327,0,0
TXN103488,45.61919491268292,23.0,2,2.4188566314854985,0,0
TXN103489,63.33129133143501,14.22729261185312,0,5.7747349958637,0,0
TXN103490,97.85963499410747,11.433997417885626,1,5.466473866379195,0,0
TXN103491,43.7188062600496,12.398436945572191,0,7.781685073094069,0,0
TXN103492,9.319382092628137,8.07087118953162,0,6.479664064175123,0,0
TXN103493,49.46759074475751,10.827670743651229,2,3.5659815364885317,0,0
TXN103494,66.48038946354555,17.726005286782733,1,9.368626998135175,0,0
TXN103495,72.58368136063376,18.977920601799166,2,5.319856257259553,0,0
TXN103496,89.75766811392829,11.83021492831117,1,0.3634385640728583,1,0
TXN103497,26.432974392188562,13.002954101046083,2,6.901599515947102,0,0
TXN103498,91.6086565999178,13.219702370647404,1,13.001104108231036,0,0
TXN103499,25.93578891915719,7.761437193436997,3,1.0120556777612673,0,0
TXN103500,99.12364143032144,8.816719479355843,1,4.00528530468491,0,0
TXN103501,73.69698713532324,18.339480686083455,4,4.4933043515055475,0,0
TXN103502,21.87834629899147,21.011067273435742,4,5.860613854972571,0,0
TXN103503,69.97721562514143,11.882204332201034,0,5.316282190590198,0,0
TXN103504,204.4217959602821,12.37322247516991,0,2.960213128738674,0,0
TXN103505,120.27147027946961,15.331139552306496,0,28.928896495947384,0,0
TXN103506,38.12332340530769,15.766249617578964,2,4.1826207245182765,0,0
TXN103507,66.57980445892223,15.630364285827518,0,12.799297572382478,0,0
TXN103508,226.69139524510985,14.020799220189524,0,4.465631639952367,0,0
TXN103509,161.18538377371345,21.49473600950766,4,5.4224901152256555,0,0
TXN103510,197.2197548672881,23.0,0,2.084712947181669,0,0
TXN103511,44.31045237912258,13.71406865340359,2,7.316087617105782,0,0
TXN103512,80.81818429210222,22.96880835438572,2,1.5608827304097994,0,0
TXN103513,95.78486075457262,15.895196678069851,2,6.322801340443363,0,0
TXN103514,55.568204157140926,13.467654618201298,0,9.74259863710763,0,0
TXN103515,74.13146762789444,6.283308586404652,0,5.044360494855319,0,0
TXN103516,122.44575268532603,13.378838651018441,0,3.8431626330039648,0,0
TXN103517,127.96561419907968,7.565832294333131,3,15.251011190821922,0,0
TXN103518,149.7438855465912,17.294273533599423,1,9.417606299379282,0,0
TXN103519,17.72140597118652,14.249966067200583,1,10.756165637064212,0,0
TXN103520,48.04917681888028,18.05817642425931,1,12.593670484250088,0,0
TXN103521,70.8084136944969,8.487390251041422,1,0.7636318526042631,0,0
TXN103522,50.858431265567276,17.797069022909852,1,6.181712590319818,0,0
TXN103523,38.968269309792376,7.645450589834633,0,24.020918310069067,0,0
TXN103524,60.12145981854871,16.07942869400213,0,3.8967685167359845,0,0
TXN103525,39.204885059788694,10.997320660862146,2,5.52419434700358,0,0
TXN103526,152.9619352606836,17.789153177991253,1,6.955119643252842,0,0
TXN103527,12.865871660143739,14.172413104476975,1,5.519973057377707,0,0
TXN103528,52.796351874051446,17.324463799872408,0,4.467913387673852,0,0
TXN103529,25.062963230438623,13.89313388400684,1,10.794624036557936,0,0
TXN103530,44.325434613702356,18.631873964263978,0,9.941572606180213,1,0
TXN103531,386.6803543671098,5.1399739273613765,10,771.3284734523315,1,1
TXN103532,20.212121214799865,22.612012927386147,1,23.732243309999728,0,0
TXN103533,646.3352969186093,6.656189384539072,2,851.8818219443414,0,1
TXN103534,172.03797404584782,16.875988655470735,1,2.3882444223193326,1,0
TXN103535,163.63031489749986,19.04445200922932,0,5.261584933741984,0,0
TXN103536,99.59645098304637,9.878436510511937,0,8.959989241010708,1,0
TXN103537,74.88757580281666,19.785086230183268,0,3.388372279940015,0,0
TXN103538,69.6763078360212,8.255077328487982,1,18.11656145727833,0,0
TXN103539,35.93931061229392,17.486437317569035,0,5.647911598270616,0,0
TXN103540,28.726436438212883,12.436311433803251,2,10.7089097615479,0,0
TXN103541,85.28563396769762,18.3076868892825,2,17.01940699814514,0,0
TXN103542,66.66987895052576,16.827479846581046,3,10.092773654216833,0,0
TXN103543,15.370678009531165,17.38674919430597,2,1.022350969562441,0,0
TXN103544,246.46237938586262,15.693553136982146,2,5.298505101992691,0,0
TXN103545,26.410711190682935,15.949644036096934,3,3.1783781813343848,0,0
TXN103546,68.83858412396836,21.18252113119221,1,8.906110281162556,0,0
TXN103547,27.134942848785165,12.599795940356252,2,6.389430938319222,0,0
TXN103548,63.35078814726204,15.418342452306973,2,10.661350531448344,0,0
TXN103549,101.50833911730176,11.72812617072772,0,6.794941260058174,0,0
TXN103550,71.1920462296296,12.91402226573745,0,1.287224320548188,0,0
TXN103551,86.92014628852371,7.312122275420596,1,0.4508098791995876,0,0
TXN103552,212.99783800858148,14.990443416592361,3,28.39991042217006,0,0
TXN103553,72.87973056831349,23.0,3,0.8142510003606651,0,0
TXN103554,27.013164465864037,15.495970157907957,2,3.910291879562655,0,0
TXN103555,22.154360028392638,16.22629511649007,0,15.872346956942744,0,0
TXN103556,201.13920223576972,16.150182869849495,0,9.089735603318996,0,0
TXN103557,134.25633335602132,11.787056507293702,2,4.957392768452025,0,0
TXN103558,122.63997959797491,17.25491839328231,1,2.2495579566503565,0,0
TXN103559,88.55761902110234,11.279293464718828,0,4.975005489270068,0,0
TXN103560,49.174850328003295,12.975676185457864,0,4.3735519775108225,0,0
TXN103561,87.1426766809879,10.411670699815138,0,0.7662612706169979,0,0
TXN103562,136.18029314751084,12.440327142536587,3,1.231114637642524,0,0
TXN103563,63.2045871069208,16.376599706052072,1,12.123238891845515,0,0
TXN103564,80.27013938687345,18.833242019640256,1,8.528693344246305,0,0
TXN103565,177.77518472505417,13.87616936771323,1,17.133993589560404,0,0
TXN103566,17.113657591794965,15.010291400412974,2,9.968938134711255,0,0
TXN103567,99.29104765201737,22.59902939097292,1,0.49981713087510304,0,0
TXN103568,150.3205547369042,13.20371335362761,0,3.7267059311395685,0,0
TXN103569,58.57131074896989,14.443024431161335,4,1.5409284173694466,0,0
TXN103570,73.7963325163913,12.82612622445386,0,5.1114012003879505,0,0
TXN103571,199.6858719065346,16.66040278088495,2,3.472655306320994,0,0
TXN103572,66.88167439815415,13.71759283327584,0,3.497296242602296,0,0
TXN103573,72.97699798059764,16.25225738876906,2,9.575088123661402,0,0
TXN103574,140.7868078081972,18.460170278282085,0,10.843731677751581,1,0
TXN103575,67.53736704346191,14.198896995429214,0,14.993117549510249,0,0
TXN103576,76.55495654641851,16.807744896059354,1,0.7667240702069943,0,0
TXN103577,91.33253738309315,14.341396937714173,3,4.894562468087199,0,0
TXN103578,51.11976648746317,19.590174474457545,2,2.1720266907301946,0,0
TXN103579,72.48255126320646,11.160412491313936,0,5.828427307180425,0,0
TXN103580,4.253614167557091,16.207136329149648,2,5.852625100998667,0,0
TXN103581,8.655982529673432,20.44292437841441,1,1.6475172994915468,0,0
TXN103582,98.81259462683593,11.273019853857493,1,8.542759234804794,1,0
TXN103583,69.38900417854138,8.078399218681316,1,4.521070692990997,0,0
TXN103584,25.964890656595006,15.014495285809362,0,1.5632577634397022,0,0
TXN103585,74.43261423972298,11.897182018318126,6,5.733614520173256,0,0
TXN103586,94.28709176615016,13.823292472519519,1,15.946306384914383,0,0
TXN103587,95.99901448035149,15.230454169506542,1,2.8229928492881124,0,0
TXN103588,42.656641134239266,9.431806491665398,0,6.945715271089345,0,0
TXN103589,55.39926117288758,15.442733890966469,1,9.136004786061454,0,0
TXN103590,159.9632789026936,12.562414611935575,2,5.4798336206554135,0,0
TXN103591,21.648512909826895,17.472684038410527,0,0.03559685509764239,0,0
TXN103592,163.59685245074564,8.885117137513234,0,2.8032835812988024,0,0
TXN103593,126.3387061014763,19.403625738948264,2,6.792099747499511,0,0
TXN103594,49.92103835467708,20.002319647351992,0,11.27900671665057,0,0
TXN103595,183.62478440476912,10.880482765615383,3,9.336936722874,0,0
TXN103596,23.31212355404422,14.767752272681363,1,9.026523882184316,0,0
TXN103597,63.76785482083699,18.198781461445513,0,11.922279747616702,0,0
TXN103598,14.387874160058177,22.582170505625477,0,2.740018835186878,0,0
TXN103599,50.79294596812946,13.567044535831233,0,6.644212095511034,0,0
TXN103600,31.58669307604713,16.506836530157013,1,3.372665640826163,0,0
TXN103601,40.76417915456477,4.795736137213101,2,4.202869479928772,0,0
TXN103602,299.0842697134112,14.191409098604105,15,202.8864882221847,1,1
TXN103603,41.739522695498614,12.418024155394427,0,0.7844967280886849,0,0
TXN103604,95.60542276220991,15.828514361647997,3,5.382989413199418,0,0
TXN103605,56.48416951575241,16.44580031508358,2,0.32230031725480257,0,0
TXN103606,109.15675967750181,14.239573905517878,1,1.2407970051538109,0,0
TXN103607,82.11563448062324,14.704312296059173,2,12.290075894966542,0,0
TXN103608,111.23917947988586,18.557414117526015,4,11.256372434201223,0,0
TXN103609,75.9062460307695,16.372946802459495,2,1.279142616987419,0,0
TXN103610,39.167084718842666,15.559700375741293,2,0.022896435830888368,0,0
TXN103611,68.47498838736294,16.524877094281006,3,11.700386207428844,0,0
TXN103612,68.49409632867393,5.16457528133612,0,15.260384359051828,0,0
TXN103613,10.848248974094272,14.687067819245257,1,4.7272947738530045,0,0
TXN103614,31.03884289377847,19.083480732638165,1,4.733273771615649,0,0
TXN103615,116.16088132449147,16.94086772529577,2,0.8816650195559921,0,0
TXN103616,65.71275050637503,12.766633022244195,0,4.663457052715937,0,0
TXN103617,49.707549863458084,15.756117105176221,3,7.029162660941797,0,0
TXN103618,53.583483368360596,17.757859940026094,2,5.307972398272604,0,0
TXN103619,51.94822038247931,15.524149468221847,1,21.789491447200888,0,0
TXN103620,26.77801417892536,8.558523263840799,3,0.9815581842154768,0,0
TXN103621,73.73721234253242,10.84392609799727,1,8.217760960014846,0,0
TXN103622,35.51323650006458,14.169302078224291,1,2.425911953427061,0,0
TXN103623,41.16323002486023,9.890819080357321,0,9.46356177449693,0,0
TXN103624,1119.0235297124027,0.47498108806655726,6,841.6393833404416,1,1
TXN103625,93.9841340851906,12.412531621091933,0,13.5676946335381,0,0
TXN103626,9.005076435082518,9.504078611126097,2,13.290483867929375,0,0
TXN103627,32.439980352896896,22.133856716671428,0,6.478147544507079,0,0
TXN103628,170.5097882521201,13.974521010659766,1,2.979657097664101,0,0
TXN103629,152.5410596147296,8.76016722018074,0,11.605962041935882,0,0
TXN103630,29.065762950254623,19.570235854154582,1,6.865875497537574,0,0
TXN103631,38.304929914055684,21.805420674542532,1,20.94027391687767,0,0
TXN103632,240.28774155705722,20.10271267536758,0,12.964146583396987,0,0
TXN103633,44.36430182043101,10.143840301396688,2,27.227244023344245,0,0
TXN103634,77.55995403179087,9.48882809372931,1,21.801264653760384,0,0
TXN103635,77.52712470824542,15.423043474875419,1,5.092579162153426,0,0
TXN103636,71.35392134219727,17.313810211823075,1,12.305311108718996,0,0
TXN103637,66.82732038359137,14.130867645184969,1,2.1517476778379487,0,0
TXN103638,70.37374123057008,14.179053683735185,1,12.150716349119367,0,0
TXN103639,125.09810998440771,16.543604979379467,3,12.047034415802916,0,0
TXN103640,124.91280567533862,13.067411133482414,3,22.63219008946411,0,0
TXN103641,82.18565731207129,19.345077429313015,3,5.877963197698504,0,0
TXN103642,98.86826746937403,8.111396453079678,0,2.317790395152236,1,0
TXN103643,68.23154129403464,11.067316968117314,1,11.407379485979984,0,0
TXN103644,100.96341031244265,14.683971997910419,1,8.225792303276076,0,0
TXN103645,87.53831670177996,22.20313864996631,0,13.005028610425937,0,0
TXN103646,17.697754912915297,16.794092061743463,1,0.8735503990394293,0,0
TXN103647,14.17543061690266,14.939385946532788,1,2.97309218045051,0,0
TXN103648,77.79741958962714,15.912846646675696,1,8.520862518162835,0,0
TXN103649,125.66248909706533,10.922178132775981,0,7.284334887113573,0,0
TXN103650,101.05889528773332,15.430511705661988,0,2.9229500967156175,0,0
TXN103651,15.77814259742645,12.911277890813647,2,0.5790629117943127,0,0
TXN103652,117.63371466306891,5.711931110046141,1,4.242388539258434,0,0
TXN103653,44.77549190487677,18.08824997226227,0,27.028200677665684,0,0
TXN103654,57.97479838842683,13.097614553290473,1,13.19573107140114,0,0
TXN103655,41.3408339706585,18.71288081276242,3,8.828403341367675,0,0
TXN103656,157.42750658259328,12.790063283032287,1,9.624096856816088,0,0
TXN103657,325.2498484515652,9.367602672241306,1,6.998232844640453,0,0
TXN103658,32.76165028547839,11.030072346487975,0,31.22848913790419,0,0
TXN103659,58.1680788581843,20.31529959112181,0,22.23347463915661,0,0
TXN103660,174.28038191655335,15.303648817734926,1,13.18899324100451,0,0
TXN103661,68.14017830253344,16.04077682119681,2,8.322563561534066,0,0
TXN103662,42.5535706769477,15.386720337742146,1,6.535168373919049,0,0
TXN103663,62.137126574372424,17.493664026035628,2,4.483926576871926,0,0
TXN103664,50.11646195836752,15.49016413054948,2,7.876905118953939,0,0
TXN103665,105.62931102246608,13.778448335823127,0,7.286628960279632,0,0
TXN103666,22.396764223837767,14.372013856719228,1,1.9616670660239,0,0
TXN103667,130.83370630078474,15.072080152637739,2,4.1011211574791515,0,0
TXN103668,333.9153367824107,14.986582939313534,0,7.65948569176869,0,0
TXN103669,26.479398574917823,6.78109148865292,0,3.945527218216409,0,0
TXN103670,64.83839129281569,15.313195383617984,1,0.9786273484074588,0,0
TXN103671,140.75027260439643,10.767572546978744,1,5.080033647567007,0,0
TXN103672,70.76853445690982,15.021050842250908,0,11.35277949311817,0,0
TXN103673,89.91567983437537,16.60989945762006,0,2.930901116606358,0,0
TXN103674,60.70702962596991,14.962881162319201,0,10.867442091316775,0,0
TXN103675,27.651113769844507,17.963087363637165,2,1.8453540112380185,0,0
TXN103676,119.44126940378513,19.57032844358618,0,3.367176158338188,0,0
TXN103677,32.94805650872846,9.839443625202536,1,2.4941438939196945,0,0
TXN103678,53.61184638264041,12.609059348829062,1,2.844075924620353,0,0
TXN103679,42.79988061743581,12.448130134424076,1,11.351790868937655,0,0
TXN103680,261.4173812407241,15.97745193544562,2,3.669657932344128,0,0
TXN103681,68.89965153790847,14.412618146231294,3,2.311371223281563,0,0
TXN103682,71.7264424588579,13.78789810577221,3,15.946733042022602,0,0
TXN103683,110.4498487641221,10.392277053130917,1,2.233525599709391,0,0
TXN103684,110.61957523532209,11.07965342491669,1,21.38473040886755,0,0
TXN103685,234.61711409838847,13.294963917530659,0,18.74232428616191,0,0
TXN103686,73.01493924448306,19.480860774084604,2,29.57722669176829,0,0
TXN103687,127.74508715143226,12.51339109580938,1,9.989593324171294,0,0
TXN103688,12.186440349086942,12.504760551496064,0,15.510421869931621,0,0
TXN103689,54.21819650329609,13.726982765647534,0,5.036439232074075,0,0
TXN103690,31.73707543934354,11.309134217675592,2,5.277285726447749,0,0
TXN103691,17.005585032911476,18.635789017719773,1,9.700226228504917,0,0
TXN103692,202.96210332794462,14.110202896757952,3,3.7502637827393617,0,0
TXN103693,179.3781611006803,12.723653584869512,1,0.38205319207562827,0,0
TXN103694,49.25466997639696,18.551426462466054,1,1.6419194759909668,0,0
TXN103695,58.90537176603773,16.077171423417475,0,15.920608826130668,1,0
TXN103696,19.68559946533815,15.414961596535921,1,4.442209503996168,0,0
TXN103697,129.0901989536052,17.310025331860263,1,9.387019432514439,0,0
TXN103698,29.923107540639542,13.06166760554474,2,4.347579453389682,1,0
TXN103699,100.09263574896661,13.253333522489307,3,1.364805569179386,0,0
TXN103700,56.87820128085568,10.886841258919475,2,23.417843516055626,0,0
TXN103701,149.99137975749565,10.187898204951825,3,4.453162643604286,0,0
TXN103702,327.4525161165355,16.963585980988444,5,14.402108420447618,0,0
TXN103703,49.29715158932532,14.131228829824337,1,7.5355675557911574,0,0
TXN103704,60.57241829853843,10.678425722370726,1,16.198912202598386,0,0
TXN103705,182.67574786937217,7.237880629078127,1,12.461344323706996,0,0
TXN103706,80.8202842972864,13.582444542976766,0,6.572899041413496,0,0
TXN103707,47.32401509606045,10.509454811689162,0,16.15474772436561,1,0
TXN103708,58.28881129223542,10.736616985621742,0,4.773859991815719,0,0
TXN103709,99.67973435833342,10.699894854603878,1,1.5306168174270163,0,0
TXN103710,136.84029049270697,8.790073942383884,0,2.872132756133122,0,0
TXN103711,184.0649628372381,16.45144342296411,1,6.006653649875673,0,0
TXN103712,128.95605028208965,18.083829418771177,1,5.511936230169695,0,0
TXN103713,6.423291761961211,15.265905508720637,0,9.723146349231332,0,0
TXN103714,11.895807294469416,5.51301892361219,2,2.4512496517193725,0,0
TXN103715,19.993847242445533,7.035227127632566,3,4.7777545068839915,0,0
TXN103716,33.5269624988464,19.53271876224262,2,38.58837557833575,0,0
TXN103717,1.8063215862325779,6.960522612437074,2,5.626284653287922,1,0
TXN103718,168.8354776503729,14.944446152348593,1,11.65895123173345,0,0
TXN103719,98.6966796275565,13.832506719579314,0,6.119204820473105,0,0
TXN103720,31.202613244092564,13.117098976894606,2,10.973584850614875,0,0
TXN103721,14.540476515112736,16.8261691713718,1,5.1480864774922495,0,0
TXN103722,47.67109622033914,13.415017677530576,1,2.503214723099361,0,0
TXN103723,97.84365318972456,12.89732849347728,3,7.857070261868932,0,0
TXN103724,63.15799079197837,19.148730844976143,0,11.151370579471482,0,0
TXN103725,17.11719954392906,14.276632900065767,1,1.644528842985332,0,0
TXN103726,77.9202191166299,23.0,1,8.286835675474618,0,0
TXN103727,35.770999427325336,15.885178181378354,2,3.555512128362521,0,0
TXN103728,61.57542029134561,14.387982749789435,2,2.1043119734519706,0,0
TXN103729,52.72669456306257,9.283479263482086,0,8.303600503578968,0,0
TXN103730,99.92571879760965,2.919509527236899,0,4.942405641766492,0,0
TXN103731,106.61318488362218,11.781419371181755,3,7.126422766551183,0,0
TXN103732,23.11300394666542,10.523250999097316,4,2.3425533414130535,0,0
TXN103733,64.18977013364442,15.326399499914972,0,8.204364148938003,0,0
TXN103734,32.50872818627797,11.199385895658988,4,2.849775118345455,0,0
TXN103735,11.914091879282784,15.101328009044645,1,8.71058939731354,0,0
TXN103736,38.45036479234001,18.259852996557377,1,5.1533077359955035,0,0
TXN103737,69.74070651734853,16.086489367423866,3,5.647856749293365,0,0
TXN103738,132.3753799636783,9.87536001541459,0,6.136076498884893,0,0
TXN103739,166.54015623404675,18.925096638452814,0,5.414380388284055,0,0
TXN103740,55.70572054029913,12.572768637107783,3,5.1653393290079705,0,0
TXN103741,112.66279278787303,11.8039705911566,1,2.8523294770374763,0,0
TXN103742,28.227524203724826,14.399409723132528,4,16.20399420255457,0,0
TXN103743,73.29847694983482,9.079393111284297,0,2.3156312402627313,0,0
TXN103744,42.25210642249294,11.897568515006515,0,8.82691847461637,0,0
TXN103745,64.90219215602706,9.498415338328606,1,5.422976614338692,0,0
TXN103746,41.130612720936945,8.73744876241549,0,3.960845117315448,0,0
TXN103747,71.84450173445144,9.895963003788559,0,0.46292469839917394,0,0
TXN103748,34.22882506523989,13.67317084865617,1,6.369196169278859,0,0
TXN103749,26.443283514091718,7.984208023320334,1,4.736199282887594,0,0
TXN103750,30.39156413401535,19.054167953406573,1,2.504306442278754,0,0
TXN103751,24.774872265643147,11.407393418823025,3,15.480289499381161,0,0
TXN103752,94.29672888026175,13.181897229494304,2,10.05069056242106,0,0
TXN103753,121.90675919959061,13.708906664456155,2,5.642015825817427,0,0
TXN103754,16.297362746706828,15.731934113006208,1,3.571114226675611,0,0
TXN103755,166.71411771463954,15.090924268339252,1,1.1080141830594976,0,0
TXN103756,85.3878930923641,13.837594259110162,1,16.986115996552908,0,0
TXN103757,25.773609042973593,17.335662429468226,1,2.838117936483291,0,0
TXN103758,55.7619439006039,5.417926112551777,3,15.792278729605783,0,0
TXN103759,66.53006280634646,12.327048264458714,1,2.8547367253225326,0,0
TXN103760,50.7160580868854,19.10897670941206,2,7.9001190665064955,0,0
TXN103761,90.74168352445852,17.069539076114722,1,2.138072712330002,0,0
TXN103762,47.17037207452765,12.78896007122181,1,22.187020235555195,1,0
TXN103763,44.00372974472705,10.586247310025925,1,0.4880271922418742,0,0
TXN103764,127.41840613680597,16.135740562234666,3,2.4841194010889858,0,0
TXN103765,106.08002914441909,21.490833947533222,1,2.9786200005482417,0,0
TXN103766,141.064392135849,22.047031469034394,2,20.124287105375146,0,0
TXN103767,57.39988844532415,10.86350342542541,1,0.16603910455289558,0,0
TXN103768,62.431097281536545,15.91251386276992,1,11.106813269117078,0,0
TXN103769,141.31560573743474,17.94174349717645,1,7.654704274491131,0,0
TXN103770,80.47122502181304,14.372147242443889,1,10.808477649299641,0,0
TXN103771,148.90755072389268,16.799902816890388,1,7.158510932779109,0,0
TXN103772,45.04248391787225,14.851404055789585,1,0.7724442150665429,0,0
TXN103773,17.733292647900697,11.781109101579514,2,5.311848232583783,0,0
TXN103774,76.45573762808213,14.541829003940329,1,16.93555998559819,0,0
TXN103775,37.19637101808273,12.852992349944513,0,7.8225270961658016,0,0
TXN103776,35.763071695694734,19.17153647489009,0,7.715190340527255,0,0
TXN103777,37.06025375173792,6.132943754698331,1,2.275125719908216,0,0
TXN103778,32.934061602679435,21.851694175884106,3,0.537921486476685,0,0
TXN103779,64.88249329344501,6.559923352942355,2,12.015692229131794,0,0
TXN103780,132.97329017902157,7.587864908710875,2,3.824145534753312,0,0
TXN103781,45.32364113004785,12.87777571396986,2,2.340141642480307,0,0
TXN103782,52.31015339444038,17.500334205834704,1,1.9590501763931967,0,0
TXN103783,45.52096736410955,15.945481754499458,1,4.126767591439435,0,0
TXN103784,86.21949876050338,9.595187048695355,0,0.11142530451943049,0,0
TXN103785,80.2528298121081,13.431072361335504,1,20.289545433786806,0,0
TXN103786,45.50624171802377,13.574163986480434,2,8.621740614140592,0,0
TXN103787,37.00338732491498,16.287387570204295,1,0.5390688636701634,0,0
TXN103788,238.77226037999603,9.071353174806312,2,11.57139322241351,0,0
TXN103789,9.608249720841528,11.145195306117905,2,0.3138256509181106,0,0
TXN103790,81.75492330493073,11.975967224294042,0,12.353848781010853,0,0
TXN103791,64.0687794783754,17.32846114953729,1,6.907972999953763,0,0
TXN103792,61.3971323744066,13.126793324581952,0,1.469116661298143,0,0
TXN103793,29.298886733097362,23.0,2,3.9785951999060956,0,0
TXN103794,66.5218780124593,16.249964297439956,0,3.841525551593298,1,0
TXN103795,42.666994999363375,15.866213287747785,1,8.086788777238642,0,0
TXN103796,28.175251218158248,16.52283379658779,1,8.134290634720504,0,0
TXN103797,36.52333761332358,20.804337224872743,1,1.0335406303311732,0,0
TXN103798,62.89554064779213,14.010745210037014,1,0.3478210793266554,0,0
TXN103799,141.55219054411225,17.223523048519965,0,2.6635796653198147,0,0
TXN103800,143.20973598687874,16.74519197021956,0,9.716572404466,0,0
TXN103801,31.97087614255207,12.335262986264222,1,3.4311240157398886,0,0
TXN103802,153.85708513756737,15.557491032489658,1,14.94818860452856,0,0
TXN103803,173.46898526947166,16.6500194902541,3,7.2772125536729195,0,0
TXN103804,51.180182746181686,14.892827976982518,0,8.742565960014947,0,0
TXN103805,112.78789254491664,12.054341322872471,1,8.765089868528365,0,0
TXN103806,43.8052420524256,10.54552123461004,0,26.938348939222784,0,0
TXN103807,77.41099423498275,14.47826366248013,1,9.595068585940906,0,0
TXN103808,16.320245426679033,22.71139141069044,2,1.391007174047155,0,0
TXN103809,79.23161520219459,2.812679370750315,1,3.16991825602827,0,0
TXN103810,40.652431241040674,10.84824992339092,4,0.43010115044536446,0,0
TXN103811,52.810537379952294,15.39082090725007,1,3.7658720072019753,0,0
TXN103812,77.26691836368107,14.31441581134676,4,5.456594580504661,0,0
TXN103813,236.53876328677245,10.345892485169816,0,5.654486685456991,0,0
TXN103814,143.27410887219182,18.195740650340433,1,4.917012756075356,0,0
TXN103815,58.75932035951714,13.269629257768017,0,15.056136877258105,0,0
TXN103816,118.1371236426301,16.251972668138624,2,12.496390604456044,0,0
TXN103817,62.1119647739313,14.559700883987682,0,2.8570145387286727,0,0
TXN103818,159.47920387296887,23.0,3,6.892181137083789,0,0
TXN103819,49.976436818049166,6.925228779116396,1,1.855253250521537,0,0
TXN103820,55.07758400858442,13.43705638771121,1,7.944135073265802,0,0
TXN103821,17.375071407234874,22.21996440109107,1,0.5696463192910912,0,0
TXN103822,62.3429196596975,19.056099639888494,2,17.404577288737137,0,0
TXN103823,7.096893156978426,11.716777578225216,0,2.5386458321040095,0,0
TXN103824,118.74506876881745,19.08969885565506,2,6.129406700217606,0,0
TXN103825,28.34454788092193,11.916536099960918,3,14.821642076715676,0,0
TXN103826,18.17469549408276,10.968922328609741,0,2.921006294633653,0,0
TXN103827,89.80054018762155,9.54349134292965,0,5.109486426634825,0,0
TXN103828,74.06326447085685,21.35815062198298,2,0.3824871554507395,0,0
TXN103829,104.248690755678,16.086039747991578,2,8.27543960916509,0,0
TXN103830,181.4988350226344,11.15737902797893,1,1.976010145501498,0,0
TXN103831,25.70306758524756,20.243572302395243,0,3.4734178597854592,0,0
TXN103832,67.25074188106123,16.175360783335385,2,8.933882504760883,0,0
TXN103833,63.26239864801413,6.983718992973147,1,11.568359057676783,0,0
TXN103834,159.81002598381536,12.323112223180207,0,2.766249274753458,0,0
TXN103835,81.69993113081036,11.992198979959927,1,6.115627783398469,0,0
TXN103836,53.75813136894471,13.315736684283197,2,3.895699687395535,0,0
TXN103837,221.39794511694424,12.77541768087733,1,4.551588481894132,0,0
TXN103838,206.03193360234937,15.442613894221017,0,10.36576777759384,0,0
TXN103839,34.74052205444288,14.936570434724711,1,0.663979824932449,0,0
TXN103840,27.905033743144372,12.188808663800927,1,7.323612133713945,0,0
TXN103841,23.01223890533022,14.909103265476668,0,2.785959617601636,0,0
TXN103842,55.195841668047905,9.267284839120867,0,2.732856372842753,0,0
TXN103843,38.10871100826488,17.75406258830089,2,9.607661795540354,0,0
TXN103844,89.38347694579043,8.477117597581474,1,0.8071694248165959,0,0
TXN103845,182.38665464403056,18.496224671707868,0,10.534335595416009,0,0
TXN103846,13.601315189407707,16.12343421366354,1,8.09512811149596,1,0
TXN103847,35.52260330144596,16.61208034474468,2,9.518275480141181,0,0
TXN103848,121.6499212443935,14.141127059406202,0,3.324598080395353,0,0
TXN103849,66.0101142280713,10.511044910397194,1,5.977505324952577,0,0
TXN103850,15.906949185011305,16.8379964938329,0,16.946980899985938,0,0
TXN103851,100.18812256583709,12.618670817988914,2,8.413277857207982,0,0
TXN103852,23.871062556538458,22.699383829712303,0,6.082409240701331,0,0
TXN103853,139.82291393443694,13.794629155857493,0,4.7728791170304445,0,0
TXN103854,65.10772646599327,12.305840779276991,2,5.761338616908082,0,0
TXN103855,126.38696386512953,9.070373252298996,1,8.532016477516796,0,0
TXN103856,59.2534295865088,19.015602653023,2,2.1256253695957956,1,0
TXN103857,77.51629343728469,8.60343045774649,0,2.2678933589189736,0,0
TXN103858,42.34226119829111,17.678844609745447,2,3.054377853266608,0,0
TXN103859,8.956220904172781,18.228085041869313,2,3.1314124568032806,0,0
TXN103860,43.79610155581386,18.05510491175192,0,3.643203597757387,1,0
TXN103861,132.56687104878048,14.68884860340522,0,9.223015640707548,0,0
TXN103862,42.83451523230192,12.085698969012686,2,4.42535743507963,1,0
TXN103863,14.398813266328691,14.544858159471259,1,2.7590256646353257,1,0
TXN103864,116.93850436120245,18.730665752279194,2,1.3540560872138927,0,0
TXN103865,13.107425829225077,12.528684610393126,1,0.8345578464618062,0,0
TXN103866,44.107502690528015,8.171877589553844,0,1.9406687159795177,0,0
TXN103867,30.36138251601652,12.601872965644914,2,1.4972315098378477,0,0
TXN103868,45.77632041638843,18.878492296822575,3,0.8027315134489736,0,0
TXN103869,42.924083698653604,9.565332278259898,2,5.105204737380702,0,0
TXN103870,25.055858231936043,8.109264710720456,4,2.8954589569304674,0,0
TXN103871,81.68451885516122,12.377235742302325,2,11.2380171061724,0,0
TXN103872,40.36813376690389,9.923710778592094,1,6.124745411773724,0,0
TXN103873,38.52578550904984,13.36055045966185,0,11.88826601271467,0,0
TXN103874,204.3849549880933,14.789322314947476,1,4.728904629120284,0,0
TXN103875,97.87369377391676,15.903394284281646,2,15.695220803917953,0,0
TXN103876,57.96760549717516,10.27788684520605,2,0.2758984556920936,0,0
TXN103877,42.066087381968856,21.159239608994426,2,31.484056001747565,0,0
TXN103878,49.26693387746791,16.390163782987024,2,0.04902684437427898,0,0
TXN103879,12.31786604604431,8.987555757622726,1,0.5963732688819181,0,0
TXN103880,79.56408319328483,14.034293647361416,0,3.731317563423986,0,0
TXN103881,70.62599583088256,15.988557674358654,0,5.403367940970309,0,0
TXN103882,209.3105759288378,13.491230711372866,0,12.824195782559713,0,0
TXN103883,94.4915928038993,16.24117661733391,1,3.855647459905253,0,0
TXN103884,20.36905308518033,20.13813637637346,1,6.653628780804586,0,0
TXN103885,70.9335544889068,17.120618106451367,1,8.180111498265468,0,0
TXN103886,84.66441489164588,13.013131381074409,1,0.5920726035414308,0,0
TXN103887,65.3111223861524,13.58177739252758,1,8.38613722904348,0,0
TXN103888,105.02412192458495,14.190242793590402,2,15.013057650213284,0,0
TXN103889,16.46160578248064,18.783669258905796,4,11.892522145070823,1,0
TXN103890,21.22970296936089,14.764073012448353,0,2.838578272256723,0,0
TXN103891,155.26139008707503,10.942708743140745,0,11.710429250666712,0,0
TXN103892,55.95597622651595,10.814067013111979,2,6.79468246182776,0,0
TXN103893,23.075294866601418,19.155134051270245,1,5.013504249341251,0,0
TXN103894,33.856889733904914,18.403067561757624,2,2.038695164876664,0,0
TXN103895,43.91078423524441,19.350277336593287,1,1.5098833605778381,0,0
TXN103896,149.50735673973594,7.905667516615969,1,3.252777553093739,0,0
TXN103897,108.76469995021768,15.558356920453377,0,1.4510581454434894,0,0
TXN103898,28.22965401134835,19.37466228177505,1,2.5481366452337566,0,0
TXN103899,227.44159277023599,11.27613259865527,2,6.887817078004316,0,0
TXN103900,36.71610093674815,14.602852670099283,2,1.6313705705667192,0,0
TXN103901,115.63235037009783,17.051903219753306,3,4.09461508618884,1,0
TXN103902,14.04391340217607,14.32728606428037,1,4.7144243577669345,0,0
TXN103903,52.33830043199748,13.020504698030413,0,5.533746160314539,0,0
TXN103904,77.20090397288561,10.713880811839179,0,9.963776681982013,0,0
TXN103905,132.432849552288,11.980365561695585,1,29.09825979724685,0,0
TXN103906,112.74659013755141,15.252656513623029,0,2.4463274555202763,0,0
TXN103907,94.11231132645534,13.686232422537095,1,0.621890171466329,0,0
TXN103908,4.971175924654511,15.513488113019388,1,13.960861346834378,0,0
TXN103909,95.72089999169349,9.609293981683475,0,16.34862890862906,0,0
TXN103910,115.57402126081351,15.363748574397073,2,5.3557332373195266,0,0
TXN103911,39.27675919451259,16.017776489036105,3,11.445964616943552,0,0
TXN103912,46.450514993784125,11.875148912920762,3,4.175551878372922,0,0
TXN103913,81.71866910338105,12.125270599770769,1,2.2609891934309627,0,0
TXN103914,44.66512691429059,13.60746089114583,1,0.491383400808582,0,0
TXN103915,60.38348330114566,7.038251403566768,2,2.0021922300679176,0,0
TXN103916,123.48494606732982,10.679572515789715,1,4.191724689612117,0,0
TXN103917,27.402726961655123,13.443139146047448,1,0.3915796256906368,0,0
TXN103918,252.62972339371245,12.182035391021733,3,2.0580783302273153,0,0
TXN103919,134.72486366136368,13.252087277324382,0,0.8976061689613148,0,0
TXN103920,72.49066686361103,16.629439911089754,1,5.598222605039704,0,0
TXN103921,43.755591480516856,7.665369115850861,0,30.0508786712393,0,0
TXN103922,179.63823307113688,23.0,1,14.011221904253608,0,0
TXN103923,58.674558358571,14.74596217729266,0,5.8845100246484705,1,0
TXN103924,141.6886272647543,12.091188624176482,0,6.109498798295165,0,0
TXN103925,42.72219302944208,19.390502005255016,0,3.166526036334209,0,0
TXN103926,2.770821128660612,17.716584993196765,1,7.96852861773814,0,0
TXN103927,289.58697275874863,20.65664633158557,0,0.9890020495889764,0,0
TXN103928,118.36505062852157,7.628794285833393,4,5.387130353315362,0,0
TXN103929,163.88056854500886,15.461865146221395,0,18.404633340551,0,0
TXN103930,154.7701931294914,13.50914461375547,0,2.020231970861369,0,0
TXN103931,248.44006601733966,15.601058620241238,1,3.4032630920210187,0,0
TXN103932,237.42739950257425,16.342958661286854,1,8.202214369477003,0,0
TXN103933,74.00830397566078,15.93921796491846,3,13.522200849493547,0,0
TXN103934,61.16046755631345,11.318241262381928,4,5.218092318140103,0,0
TXN103935,52.290052841289565,11.618505124449777,1,4.089531424164659,0,0
TXN103936,98.45727372599245,11.931714201428232,1,1.9289119802829537,0,0
TXN103937,116.32284047844898,14.637439886955464,1,4.841912320327388,0,0
TXN103938,27.915729383831266,9.824971090675128,1,7.247611888570045,0,0
TXN103939,81.07400904169901,18.51616533306539,1,10.334510384938246,0,0
TXN103940,65.92919799267877,10.228985545912131,0,1.7265055652607342,1,0
TXN103941,73.44880892146986,16.05332194219306,1,2.5870390889476673,0,0
TXN103942,44.91884548742938,12.650232558365893,0,6.58459618272134,0,0
TXN103943,77.5460316354383,13.144212478391069,0,2.4066841082835095,0,0
TXN103944,80.61555386299929,16.643001409721645,1,3.1110799223616414,0,0
TXN103945,204.25106139649944,9.569985730267959,0,13.656156080373595,0,0
TXN103946,23.814838218817947,8.317977280906533,3,5.725257696465654,1,0
TXN103947,9.038682872876581,14.377970799162048,2,12.677864636443664,0,0
TXN103948,22.05847447628369,7.621810895502108,1,4.283384348110105,0,0
TXN103949,376.9418375930048,0.0,2,178.66932116947936,0,1
TXN103950,80.74231771039642,19.844242775181694,2,9.61061748017636,0,0
TXN103951,34.913914889534674,8.816096358534582,1,7.508166420877458,0,0
TXN103952,67.03369529464722,10.789316685248217,3,1.5721656703327973,0,0
TXN103953,53.3024788805421,14.064372965284877,1,8.1792319948451,0,0
TXN103954,79.0234090853524,15.197270493953717,2,0.558692939227946,0,0
TXN103955,98.60304680757827,19.877492853421188,0,1.5677331690887766,0,0
TXN103956,97.08623126041874,14.982301694420665,0,7.207128185604629,0,0
TXN103957,66.29982876283772,12.222576264635212,2,18.490892496021505,0,0
TXN103958,62.81451822867251,10.830742429052098,1,3.6983149898229635,0,0
TXN103959,26.2479981479793,14.048184100222118,1,21.106287196044118,0,0
TXN103960,37.849098660028545,11.89012887938427,3,1.4617089626804967,0,0
TXN103961,23.836138654646085,12.185270820287226,3,0.5299837730524082,0,0
TXN103962,44.7164741334958,8.446679702256937,1,1.4600967701154,0,0
TXN103963,79.57929208852438,17.012120639698647,1,13.674155112888933,0,0
TXN103964,143.97588540717157,10.344575700660881,1,4.048008123938177,0,0
TXN103965,79.41831280263969,13.637609004444089,2,2.823902245095913,0,0
TXN103966,49.73170498852467,14.41308152172242,2,13.33156773984529,0,0
TXN103967,61.61411210935398,11.690940019942373,1,12.098120163643715,0,0
TXN103968,76.45481893093965,12.376225895867362,2,15.366857030071335,0,0
TXN103969,53.443856166446366,13.659323248969905,1,2.475311023487635,0,0
TXN103970,124.28038649568316,14.401873842386195,1,1.12167886251417,0,0
TXN103971,1249.4110393610742,0.24729275945382367,4,456.35130219962673,1,1
TXN103972,39.35479821879974,15.818854509852684,1,7.454200766516845,0,0
TXN103973,28.41083407361601,15.28107305869264,2,11.479238324172282,1,0
TXN103974,140.44184090692795,13.54138415530727,2,1.589652067550891,0,0
TXN103975,74.07396047841245,12.198183287546183,1,7.218202643049658,0,0
TXN103976,56.70934058160289,8.321875435270325,0,2.115076158607944,0,0
TXN103977,138.75248929649,16.719971686540923,0,3.369085023834308,0,0
TXN103978,93.4946876428492,9.302885342454967,1,2.467980161942803,0,0
TXN103979,110.81962043211946,13.488996709384473,0,6.56243315288508,0,0
TXN103980,88.346604883916,11.810512188854362,2,1.6345612868976123,0,0
TXN103981,22.496225067090997,9.72582161235344,1,10.937359394459236,0,0
TXN103982,86.7071495033872,13.945395520326153,0,5.680173610844546,0,0
TXN103983,63.60030436432302,14.347912440571735,1,1.1091038012371115,0,0
TXN103984,250.75768897275947,17.13488257251298,1,23.696720086723015,0,0
TXN103985,66.66062245847851,9.544178993058036,4,3.5231293069669256,0,0
TXN103986,93.4222655311978,13.457283863734876,3,1.236151944262733,0,0
TXN103987,26.164084059326214,13.144621818413908,0,8.045496510866819,0,0
TXN103988,120.55201332373001,18.42228537256643,1,2.3851471042672863,0,0
TXN103989,36.86539186041632,14.380188252390353,0,2.4034535374721613,0,0
TXN103990,1779.5031744787952,0.0,2,543.0584725029139,0,1
TXN103991,49.36717216818639,13.232616079281813,1,1.5964299195559575,0,0
TXN103992,58.889013456652805,12.491795403162035,0,5.177358493468213,0,0
TXN103993,103.30119500328945,10.521363862232453,1,4.048438695975298,0,0
TXN103994,92.46813216022163,16.960017822053782,0,2.344296417405422,0,0
TXN103995,67.48401785247097,23.0,1,12.683497603383953,0,0
TXN103996,126.06268709613983,17.524642040652594,0,11.027165727176126,0,0
TXN103997,63.69558595211497,8.801611791287117,1,4.181257202844739,0,0
TXN103998,60.31490006730011,14.989883371336012,4,1.2929047709479304,0,0
TXN103999,62.035244211599974,16.10174745088101,0,1.5263154110940835,0,0
TXN104000,335.61809111055857,8.926075070962225,2,4.034563346220253,1,0
TXN104001,104.23920972587965,14.677866639053953,1,0.7531419103076702,0,0
TXN104002,14.425307047906164,12.61401354509739,1,1.1329935819669423,0,0
TXN104003,78.90968821778307,10.22252884256892,5,6.62097116490194,0,0
TXN104004,139.81688707960592,10.059336046368378,3,14.371645754925863,0,0
TXN104005,104.08763518371053,17.92598108020314,1,1.2808942340693812,0,0
TXN104006,11.70050789990304,18.120034303062717,1,8.907823964233078,0,0
TXN104007,82.39435218535061,23.0,2,4.161384486080704,0,0
TXN104008,1049.5508587895065,4.264838118027235,10,678.4517704641656,1,1
TXN104009,54.838775019710944,12.028730441130888,1,4.597662341826721,0,0
TXN104010,170.06076477336376,14.10665821822512,1,4.1902276455637235,0,0
TXN104011,18.88353205818766,16.18090687408491,0,21.00379348880341,0,0
TXN104012,96.97677985234449,3.9720602024895317,0,5.755448645519694,0,0
TXN104013,43.51017036713826,16.461713660755066,2,9.7988731360163,0,0
TXN104014,102.11610527669917,8.998972143471093,0,5.999490725569677,0,0
TXN104015,76.73094749279622,6.68159321199145,1,3.4477618209318157,0,0
TXN104016,143.1065383221,14.928685147386384,3,1.9683271974166021,0,0
TXN104017,316.27091111484344,15.836876092847316,0,11.706957122487614,0,0
TXN104018,97.12637775171045,16.28933489875544,0,28.880554741597635,0,0
TXN104019,77.56964450575312,17.495427162065827,0,2.1359648083711926,0,0
TXN104020,29.180223021661863,9.63084232140984,1,16.852666327396037,0,0
TXN104021,96.07155803870832,16.610883190202117,1,3.1000739359714418,0,0
TXN104022,38.7866599415852,10.011635068371948,0,6.865383119400056,1,0
TXN104023,179.6734892238843,14.388002301817105,2,16.431168571912067,0,0
TXN104024,156.04371330801177,8.005257298207828,1,3.361437090234112,0,0
TXN104025,95.02426289186039,9.352230870799374,0,0.4405213616146335,0,0
TXN104026,33.60930315310919,8.993527080153267,1,19.068825726147413,0,0
TXN104027,54.34124819901428,23.0,0,1.8574599642566272,0,0
TXN104028,138.229061930927,10.322759648000147,0,4.486506965167697,0,0
TXN104029,24.16527554665631,13.097208841333957,0,10.212306703505451,0,0
TXN104030,55.97761696392131,10.97315802948508,0,10.75817251374402,0,0
TXN104031,50.72296925356251,16.067245339454544,0,3.415896983195424,1,0
TXN104032,38.248039842665825,12.06894174158751,0,20.15094281731852,0,0
TXN104033,125.36453236578333,14.795264752081547,0,3.5321505441998085,0,0
TXN104034,113.73871929680735,16.890224225600537,1,2.299149886742337,0,0
TXN104035,57.80056494990208,18.932618839937255,2,6.686786229583915,0,0
TXN104036,46.326314030064005,13.588030125334171,1,13.59676481696749,1,0
TXN104037,140.11141620028926,16.27072016019744,0,11.855694513840866,0,0
TXN104038,161.5051289858874,15.200154476236671,2,8.90463778574669,0,0
TXN104039,46.09052320603545,6.09802712621223,1,2.665515876835583,0,0
TXN104040,151.07806652367063,16.468300940464065,1,3.597281403539389,0,0
TXN104041,73.87255706523361,14.013452001467272,0,5.255635987874848,0,0
TXN104042,50.07224169093718,5.565878154945102,2,2.6744409092674126,0,0
TXN104043,40.631908871765425,16.037383867446373,0,4.517141197065903,0,0
TXN104044,48.55669687986631,14.185134236240565,0,1.8911382453118175,0,0
TXN104045,91.34523591668327,8.452032338021624,1,6.213618826383883,0,0
TXN104046,85.29482501252355,17.542634852554258,0,9.93374489942262,0,0
TXN104047,162.05474512861906,15.637309090424784,1,2.287058570990293,0,0
TXN104048,114.04783441445205,18.6642861313252,0,3.681999098957103,0,0
TXN104049,52.617639818995215,13.488306167977997,1,9.010194342839574,0,0
TXN104050,104.05194205909604,14.12516921445106,1,3.2615744816363916,0,0
TXN104051,117.10317754683749,17.469417172647116,0,7.874595950143028,0,0
TXN104052,63.01736434206074,21.302299544730584,0,14.322964419778646,0,0
TXN104053,84.13086390124333,9.581804811725636,2,16.568516448515453,0,0
TXN104054,34.672980154194086,14.696933521189942,1,1.5156048590157987,0,0
TXN104055,99.5592997917487,4.943961030017661,0,11.602932730694132,0,0
TXN104056,80.8255263459011,11.717065980461108,2,5.629884738539765,1,0
TXN104057,478.22979956078746,6.150784337532534,4,763.1904899109855,1,1
TXN104058,23.135564073698184,14.13915939382172,1,3.252110784996826,0,0
TXN104059,26.803156395610387,9.283373523888162,0,0.41989627624191284,0,0
TXN104060,64.52537508217979,19.100978108329887,1,1.3397320318005093,0,0
TXN104061,128.965786092005,20.437638671145443,1,2.424730982000179,0,0
TXN104062,68.00129820798814,8.381598771115105,1,3.120279041872083,0,0
TXN104063,59.982278547959915,15.985327924730182,1,6.685945227011336,0,0
TXN104064,7.59777375566158,13.791270919229671,1,4.993712104442897,0,0
TXN104065,22.430519208644,11.807039193947212,2,3.403605742956201,0,0
TXN104066,20.912093581548348,2.1616129669520667,3,2.6094784077550663,0,0
TXN104067,52.12771976707824,15.412785673604944,0,17.992858084626164,0,0
TXN104068,25.66767587803499,18.714767098665632,2,2.056634422711876,0,0
TXN104069,152.11092230541755,4.9495470250977895,3,7.464679449251504,0,0
TXN104070,82.12891266611892,6.964112175022592,0,5.97770811799482,0,0
TXN104071,8.340266675378619,18.18720180883516,1,0.7550508738404965,0,0
TXN104072,94.48639757238945,16.57342881303868,0,9.102652697499432,0,0
TXN104073,40.78270947634121,15.72847368487211,1,9.20184308334244,0,0
TXN104074,70.55060087707048,16.80975549806447,3,3.6318648944766245,0,0
TXN104075,140.5558882288889,16.503936314506465,0,1.7755929539525677,0,0
TXN104076,46.53777255960904,13.610479082150022,1,4.388734130299739,1,0
TXN104077,65.0043946285646,19.36799706775756,1,7.59029001267209,0,0
TXN104078,38.04657115980528,11.266334270206379,0,4.71047837741332,0,0
TXN104079,28.184893549783926,4.8843615205026545,0,10.574855925359705,0,0
TXN104080,50.433097527093636,14.631077495136578,0,11.106961705122103,1,0
TXN104081,96.83495187289378,12.680068062314602,1,3.284663746527591,0,0
TXN104082,52.55425486383175,12.777062471471659,0,15.316966444486507,0,0
TXN104083,47.6674066939799,20.232424909074716,1,5.1638519456096965,0,0
TXN104084,128.34814607249223,19.48505909217926,1,15.47898883723472,0,0
TXN104085,54.148489605624164,14.113257184040918,0,13.612237155042653,0,0
TXN104086,13.125619774870486,14.029177626579992,1,1.441349056793611,0,0
TXN104087,93.54583421364423,7.160459903022837,1,0.5856882963885812,0,0
TXN104088,40.33705952385661,14.697696684860334,0,8.10226225218818,0,0
TXN104089,96.71572960182912,14.290369296972386,3,4.9768610255941095,1,0
TXN104090,8.683184996172992,15.27480843955057,1,6.810612214711792,0,0
TXN104091,74.14131785506606,12.101648263432038,2,4.19151144136435,0,0
TXN104092,120.72657516961917,12.301566400553678,0,15.568434378311427,0,0
TXN104093,71.12022021131351,7.103744348928643,3,4.363737844687119,0,0
TXN104094,30.555604401589363,14.676490311549152,1,3.0867972835808293,0,0
TXN104095,329.8212567530444,2.2936492432854827,6,79.67471542217699,1,1
TXN104096,41.30882655645002,20.354083774364195,3,4.384155694219476,0,0
TXN104097,90.88446947004368,12.215638185952454,0,16.648599217306604,0,0
TXN104098,87.92898825404956,5.965620791198381,1,2.2833740519899397,0,0
TXN104099,155.01257225485884,12.027281591785535,2,1.782081030649353,0,0
TXN104100,10.495188472221916,4.087448417153862,2,5.242901209880203,1,0
TXN104101,103.38731469005378,18.131910285879005,3,3.2967032066477704,0,0
TXN104102,106.13516800915114,9.621528132425007,3,1.4636523765961593,0,0
TXN104103,37.57050347868248,17.61322577856586,1,40.537341490799854,0,0
TXN104104,100.80871365920812,17.365588105525973,0,6.995289807032993,0,0
TXN104105,29.463253193665537,6.455967602143042,0,6.039923387157502,0,0
TXN104106,81.00321300095503,13.108220654883539,0,2.46158008802767,0,0
TXN104107,96.07914630212264,5.389333925824868,0,6.699257238758495,0,0
TXN104108,14.759146962558404,17.803965877195242,1,10.49642498565331,0,0
TXN104109,23.698072794361345,13.296650391424834,0,13.17816459129398,0,0
TXN104110,235.15264119979517,19.377583284124636,2,9.055158324950114,0,0
TXN104111,32.65429992219013,18.25903673589601,1,5.938680204091867,0,0
TXN104112,32.88062777426452,12.587244451481153,2,6.960257530726729,0,0
TXN104113,61.82080664334901,9.93722361926514,2,6.257401204127602,0,0
TXN104114,188.4237225689677,14.137610883245788,2,2.639455783809339,0,0
TXN104115,101.2970166473232,15.133690058197034,1,19.195427746542027,0,0
TXN104116,99.31604525680315,12.035073292806214,0,20.734620565873072,0,0
TXN104117,130.65853969324567,12.193091558215217,0,8.527659644592713,0,0
TXN104118,18.381959687426505,11.68130810626833,0,3.8687634583649873,0,0
TXN104119,28.914049453642292,19.18293849807225,1,1.3536010606843318,0,0
TXN104120,102.90565308188134,11.657855136807118,3,12.744194884707623,1,0
TXN104121,64.52528771586907,12.597382071054877,0,17.84407197760689,0,0
TXN104122,39.205362572013925,18.542254374253524,2,0.20932877571293498,0,0
TXN104123,63.11549142462175,6.731903609805226,3,0.9750291415110106,1,0
TXN104124,133.31042974260902,8.692343316030968,0,6.586499762425299,0,0
TXN104125,139.24567534631808,12.447216628296577,3,10.476037324834891,0,0
TXN104126,130.4996804272413,13.02138798850693,1,16.024811453003398,0,0
TXN104127,22.28240701306605,16.34463828429935,1,4.8722245023788835,0,0
TXN104128,66.95320409914784,8.578339880180181,3,7.664512484083559,0,0
TXN104129,48.36319749353257,15.540381214120979,1,1.5986166831999182,0,0
TXN104130,124.6657585571223,19.33860508671202,2,12.105376956241455,0,0
TXN104131,63.620740258423545,11.855299129418452,2,6.562132777712824,0,0
TXN104132,215.8011637980347,11.187189329395135,0,10.288411168762464,0,0
TXN104133,99.50507290883765,16.27579175366969,0,5.23019454784948,0,0
TXN104134,109.93365808520917,7.255356457248661,2,4.094795909190077,0,0
TXN104135,66.90805816208724,19.0731714185392,0,6.773838242931549,0,0
TXN104136,140.53452489553797,17.067830274859105,2,6.317180241186341,0,0
TXN104137,65.41272990731092,20.20958089309571,2,6.729227103143893,0,0
TXN104138,17.48998152599684,18.424058117818344,2,15.32016970662543,0,0
TXN104139,68.55365727506275,15.426254249548085,1,2.61770014928635,1,0
TXN104140,255.34267162433807,17.94545396687905,0,11.786067288035474,0,0
TXN104141,97.58210122844292,16.46979008478366,0,5.910900814942516,0,0
TXN104142,59.37363854506219,12.633900729606022,1,16.251393769643915,0,0
TXN104143,115.70431170780205,9.099965210748811,2,20.221181613782917,0,0
TXN104144,79.251527986621,11.91181775893666,0,8.751885044119646,0,0
TXN104145,23.468225704322748,12.204296289729342,2,9.242336909377599,0,0
TXN104146,34.44828486807787,12.579069864068732,3,7.32123215721966,1,0
TXN104147,82.00764056490115,9.301462092346501,0,4.045019743547318,0,0
TXN104148,54.442155275276406,17.191977101228417,0,1.1359558069735094,0,0
TXN104149,18.38217907058462,12.762015024550676,2,2.36836424292823,1,0
TXN104150,46.71794012892374,8.994365894945716,0,0.2909048222463833,0,0
TXN104151,123.63572695253934,14.131111145180029,2,1.038945170024748,0,0
TXN104152,42.552915757321585,22.01792674750038,1,14.832909436018317,0,0
TXN104153,408.27401412570555,0.0,6,5.207606189786752,1,1
TXN104154,42.09691892611724,13.12394698087058,4,13.207455660273702,0,0
TXN104155,114.28037319276135,15.387711575746774,0,6.905851083161346,0,0
TXN104156,34.5398560783777,15.029075838033883,1,0.990206842726723,0,0
TXN104157,75.67632101394159,11.279500551710333,1,7.591825520663242,0,0
TXN104158,125.53608885469936,14.322075536565356,1,10.6148960649786,0,0
TXN104159,120.77621729040033,20.34514906205912,1,4.359969023718919,0,0
TXN104160,44.05013429682306,14.99474867415525,0,5.929640489110012,0,0
TXN104161,79.63020162808891,6.914462352541253,2,10.22902029718245,0,0
TXN104162,115.96368872798908,19.88741031473005,1,11.838633468366428,0,0
TXN104163,18.205875556166216,9.518456068783891,1,6.088401980941951,0,0
TXN104164,75.44104942008225,11.062442637669342,0,3.6447237770730423,0,0
TXN104165,132.7089729183012,7.358019791580194,2,163.0040927515216,1,1
TXN104166,90.1412131631038,12.081338063016966,1,8.304759273846066,0,0
TXN104167,148.59233196680108,14.41865762522586,0,2.6539718447253735,0,0
TXN104168,13.472326975605169,14.430393813091873,1,1.9088630228563424,0,0
TXN104169,123.51162833866839,20.34319381644288,1,9.24922675766792,0,0
TXN104170,74.02910244702579,15.17469791652338,0,7.666993048155821,0,0
TXN104171,23.729630765173578,14.969711016151578,2,3.51236818210006,0,0
TXN104172,20.10651052320466,16.845955308241702,1,10.43687012522187,0,0
TXN104173,31.205999267253667,12.57269548712849,2,7.26253509022841,1,0
TXN104174,35.68220934498793,12.207819791648697,1,8.758327073530788,0,0
TXN104175,19.68035456749035,13.730582323852692,1,9.965507573621135,0,0
TXN104176,14.297685420361017,20.69769977010686,0,2.525411944199143,1,0
TXN104177,7.270844928351707,15.728234207898137,1,6.212947556742808,0,0
TXN104178,96.0417768670487,17.3307103870756,1,1.4997683152478938,0,0
TXN104179,150.9617280287207,12.949096558976406,2,2.3472347379609872,0,0
TXN104180,24.5517596016092,7.512189397045089,2,1.6541070102181223,0,0
TXN104181,231.59927846635955,7.780554835527354,3,5.32361955771563,0,0
TXN104182,21.94057119378398,13.84139156015192,1,7.7142523064961,0,0
TXN104183,68.05986804057804,11.146531903279765,1,0.6643120201863253,0,0
TXN104184,110.55660656635087,19.392940427312556,4,5.625305488298339,0,0
TXN104185,50.47619861773998,11.639435924262887,1,7.241597792242892,0,0
TXN104186,21.048543906357246,13.51077052826801,0,7.579514401302693,0,0
TXN104187,35.74874093874157,12.969530245926084,1,7.367719179474898,0,0
TXN104188,90.06018079612154,10.227869379441055,1,7.195820640951216,0,0
TXN104189,174.13307848703613,11.164404013680329,3,4.484998036053633,0,0
TXN104190,53.16680778473554,14.831088262440487,4,4.423549262888277,0,0
TXN104191,91.8520948679428,12.142738421793831,2,1.246531574107307,0,0
TXN104192,87.15713205990261,11.108661504019052,0,8.160190253010866,0,0
TXN104193,59.452364581454724,16.882911117264726,2,9.993422334032555,0,0
TXN104194,30.26926772810684,10.982705618665591,4,14.826838326200276,0,0
TXN104195,84.62154191214208,9.626699365954664,1,2.5383544854661673,0,0
TXN104196,187.0226536592654,13.391423308399565,0,2.5015170471090133,0,0
TXN104197,55.28531151433683,16.00470623351637,1,0.27878953014254376,0,0
TXN104198,81.53488736917484,14.0853541945813,0,17.684269415870155,0,0
TXN104199,131.5082141139448,14.321795858264737,2,27.915485882200535,0,0
TXN104200,25.12532876962219,6.263285702435106,1,1.055094730425099,1,0
TXN104201,80.36603431466665,9.916078853513604,2,8.55110322099487,0,0
TXN104202,42.13891584463489,16.000198257353865,1,3.4553953446201167,0,0
TXN104203,166.3462116876235,14.28756827453179,0,10.784378633298237,0,0
TXN104204,96.29659620193748,13.173060453240437,1,2.9907468350744897,0,0
TXN104205,49.06973643809191,15.088632119301728,3,7.0770772802068596,0,0
TXN104206,34.855700381453374,7.476844498749361,0,1.7108031246063957,0,0
TXN104207,100.66889780613806,15.655280374213213,0,3.9270650120037764,0,0
TXN104208,230.3598392747649,14.73627128307809,1,7.183035036317725,0,0
TXN104209,6.897831875872665,14.214970246430507,1,7.720179636925826,0,0
TXN104210,22.466827047759157,20.914767099638805,1,2.86038151431147,0,0
TXN104211,80.29135705452393,16.31859932707761,2,16.342142236569423,0,0
TXN104212,84.11162111072193,16.140665818005367,3,17.779803177587127,1,0
TXN104213,24.66697453761069,13.925447465925311,1,0.6558089705958946,0,0
TXN104214,73.46741538445171,13.241263944838915,1,18.361060992831028,0,0
TXN104215,28.44143373808846,12.559070060005302,1,1.4599241810988717,0,0
TXN104216,99.38365375231538,10.4044747230206,2,10.764522165021027,0,0
TXN104217,62.092712500497825,12.408459117786443,1,16.455749364568838,0,0
TXN104218,23.703564633726145,14.003652460225672,1,2.9053628369615607,0,0
TXN104219,34.07131268244508,17.22278796741488,4,3.0597275726716093,0,0
TXN104220,92.58965997268047,16.741751927052505,1,2.413252128530274,0,0
TXN104221,90.1727891346813,11.219162533346733,2,20.169007475901847,0,0
TXN104222,59.31829908298964,10.477179227729135,2,3.5094745044740225,0,0
TXN104223,69.77208651735991,10.927307621965628,0,4.974777482404668,0,0
TXN104224,54.084266688357516,14.10019726427971,1,3.167451499277261,0,0
TXN104225,31.767505131510624,10.55817377504506,3,3.3787056417144385,0,0
TXN104226,455.93937789620765,7.0963063986695545,4,167.96677423010954,1,1
TXN104227,48.84768049719782,21.780809356196976,3,20.79139054922497,0,0
TXN104228,76.71272829269311,10.969115469889742,4,4.118204165362868,0,0
TXN104229,27.11851405652276,4.608088246684536,0,8.172359761132963,0,0
TXN104230,764.836803881914,0.0,4,1023.1862742440128,0,1
TXN104231,34.1914659986113,8.796645335767948,1,2.324759601371939,0,0
TXN104232,73.21807097222015,23.0,1,19.742523925473026,0,0
TXN104233,79.04107882760414,15.207437809691996,1,0.6381156809956845,0,0
TXN104234,49.77818029783661,19.76173776915845,1,12.73900624727059,0,0
TXN104235,154.2236788471588,14.006948503562729,2,7.50334628194972,0,0
TXN104236,22.92082819225395,19.247776924156568,1,5.224473304254303,0,0
TXN104237,34.956234859456366,11.500827664605408,0,0.7590620820839135,0,0
TXN104238,95.43304728140767,7.138801659581013,1,18.363751721288278,0,0
TXN104239,62.479124375116314,12.5291337471476,3,10.946545309911738,0,0
TXN104240,143.47565146659295,11.148094620457401,3,32.969175943851624,0,0
TXN104241,30.532272351330903,20.483122185131357,0,4.412364727221001,0,0
TXN104242,2.7980994552286074,6.658397805073816,3,1.2126039332657006,0,0
TXN104243,83.30304923847916,8.109779222775844,0,13.088919912751948,0,0
TXN104244,44.84087576209003,13.183241020652096,1,9.260752127690333,0,0
TXN104245,7.083284518638599,13.373834101662354,2,9.920902693162008,0,0
TXN104246,77.81397608612563,14.977060549767662,1,14.112094905833239,0,0
TXN104247,48.06097904496433,23.0,2,3.2002373471938563,0,0
TXN104248,65.0512375590181,15.83081583219262,0,12.070425136506655,0,0
TXN104249,59.48962899912619,13.727412515871972,1,1.2754423366611451,0,0
TXN104250,65.12825019756433,19.588761960298257,3,6.0161341764778955,0,0
TXN104251,70.82938154790526,21.685661307861817,1,15.31847189977384,0,0
TXN104252,10.556470833113563,11.65343879072725,1,2.134242767474544,0,0
TXN104253,36.80499189373733,12.025064656802982,1,0.6484465689229293,0,0
TXN104254,70.80943311599779,18.46286280719349,0,18.284678548546896,0,0
TXN104255,21.070765449176598,9.95248020334186,0,7.087683110962185,0,0
TXN104256,126.72618934619314,11.141570785390513,2,1.952257152050896,0,0
TXN104257,78.1263663562393,16.178398194886597,0,2.383902905623276,0,0
TXN104258,87.75557612774479,18.10388797104769,0,0.4563775359966538,0,0
TXN104259,140.89170711207166,22.90491193189694,0,1.924974961851107,0,0
TXN104260,16.22699130137672,23.0,3,0.06891734928883333,0,0
TXN104261,135.37190787057835,12.937003751904086,3,1.275996115690118,0,0
TXN104262,33.322207754074014,14.318800155099105,1,3.064258948725352,0,0
TXN104263,111.33811482217838,11.02195568506593,2,5.38936396988312,0,0
TXN104264,212.8577141678076,11.301942643016567,0,13.681559868333279,0,0
TXN104265,73.64985649035413,18.806899081245383,1,7.300557186023996,0,0
TXN104266,24.805024909615838,6.763988662342291,1,9.355322992600733,0,0
TXN104267,186.31489079590506,8.003016844089593,2,16.2937736120345,0,0
TXN104268,68.99950407968318,8.83318521880841,0,2.9653316985070677,0,0
TXN104269,76.68566835788047,8.815246817706242,1,6.59662213500762,0,0
TXN104270,42.676650955965556,7.238868351984856,1,0.7636213061165824,0,0
TXN104271,101.25561353639625,15.843911905150193,1,6.744026299706533,0,0
TXN104272,42.99856831769746,9.2242649593545,1,10.742092785615899,0,0
TXN104273,49.499216742069805,7.330505086226698,3,13.157955301755798,0,0
TXN104274,70.6260309874395,13.729609009398793,2,18.226241381295356,0,0
TXN104275,6.0956373010501,19.67473936661341,2,4.027339610694142,0,0
TXN104276,30.122849272281464,16.540179861727534,1,7.826767842713096,0,0
TXN104277,43.359155324589295,18.29167512152657,1,7.344263379944369,0,0
TXN104278,90.81537089467102,17.823658531049567,1,2.5628577981537704,0,0
TXN104279,47.43019469753514,9.192496488303599,0,33.300772174374146,0,0
TXN104280,85.13422534457862,8.560614728944788,2,6.744309237120481,0,0
TXN104281,107.6014223969276,13.13210564506458,0,2.225735578865648,0,0
TXN104282,141.67902309176105,13.1646019185356,2,5.667162361727335,0,0
TXN104283,113.84096122580394,17.162242242597355,1,2.0060049174651304,0,0
TXN104284,35.995951336721596,14.000997902783949,0,9.309080965801751,0,0
TXN104285,44.04262096312243,15.739056769958182,5,2.0208325145923403,0,0
TXN104286,165.35385030592488,14.193148056121263,2,6.264684305833766,0,0
TXN104287,116.22040999563464,17.293271807100055,1,10.309806850101468,0,0
TXN104288,64.36933621208473,18.30580868355528,2,1.6871347042791491,0,0
TXN104289,88.97886144876301,14.314936572856872,1,3.7164565998443635,1,0
TXN104290,14.145203474057375,17.211729490064613,2,11.155699969659176,1,0
TXN104291,164.26764293954588,10.006666780024995,2,12.808875123816675,0,0
TXN104292,10.066040257825046,17.79617938352944,0,4.417821287334144,0,0
TXN104293,46.57133837605972,12.871226443418973,0,9.24842998245591,1,0
TXN104294,12.677659354161905,12.700181099121203,1,9.795221304688718,0,0
TXN104295,39.835368927571245,16.138795163133203,0,11.202019698869414,0,0
TXN104296,47.88822760530857,19.169185269007755,0,0.3262207560779948,1,0
TXN104297,39.721674681875946,18.52832004260972,2,8.358307674372655,0,0
TXN104298,23.16679205050411,12.189822231106403,1,12.521407573415837,0,0
TXN104299,62.576335776272394,14.434535925188595,2,4.8932525028714755,0,0
TXN104300,17.14637449037779,17.91480187384486,2,12.647046781729408,0,0
TXN104301,46.17097021987735,6.406454468651612,2,11.567864383084013,0,0
TXN104302,15.70958789493433,14.697036147698608,4,1.5015188057816893,0,0
TXN104303,189.80798029164336,11.433886229056132,4,1.6348807891398693,0,0
TXN104304,84.52432546822288,14.311323100641012,1,15.633829937341869,0,0
TXN104305,155.99889887770527,14.012340616348599,2,3.825445528385523,0,0
TXN104306,120.4337062815041,9.840022584219895,1,1.2122638476546421,0,0
TXN104307,20.039840771615264,12.224643466387974,1,6.172533521222094,0,0
TXN104308,87.94069145190385,17.148736402451803,2,1.4008433948242254,0,0
TXN104309,26.78674706130725,16.15448584709744,5,1.1840841067703192,0,0
TXN104310,277.0515748104638,17.02936806524261,2,4.445528152072036,0,0
TXN104311,18.851801897794527,13.317904350806929,2,13.839579398263362,0,0
TXN104312,71.50564604243141,14.146031091066675,1,8.129104983255536,0,0
TXN104313,29.354127982501872,10.075694034728407,0,4.24859185942955,0,0
TXN104314,247.27415019917066,18.116807518111223,1,16.668728510889967,0,0
TXN104315,191.51616805011247,14.960236867667653,1,0.618402060792676,0,0
TXN104316,64.89182537376954,8.950475979885756,1,12.217513761230343,0,0
TXN104317,42.19760123984848,18.331528723862967,0,6.02643578865067,0,0
TXN104318,63.47565291397132,18.234167633854998,0,8.849772095392206,0,0
TXN104319,107.29999735353661,14.650680610242098,2,9.6201657701092,0,0
TXN104320,60.23620305538592,13.255886873750887,1,12.503743714666356,0,0
TXN104321,101.44704927783586,21.70634511215826,0,10.935441953151532,0,0
TXN104322,61.177422805947245,15.098256092385325,0,5.009038108766401,0,0
TXN104323,26.63084912146902,11.403538123856121,1,2.216118247525446,0,0
TXN104324,27.361467621247574,19.972020347832633,3,2.2986830851337468,0,0
TXN104325,29.128946345514663,12.701240603117336,1,1.9038044651853612,1,0
TXN104326,41.82315938325702,12.476016033692629,1,2.289593177936931,0,0
TXN104327,77.16055800636806,18.561676179079697,0,0.7081146640591545,1,0
TXN104328,125.15029816842028,15.554823632643203,3,5.686285822466166,0,0
TXN104329,245.43756644488215,16.802672262559227,0,4.782869592464694,0,0
TXN104330,4.290019541396268,14.028501034127014,0,3.273365461168662,0,0
TXN104331,236.20850370673796,15.804346557521276,1,10.256747792252776,0,0
TXN104332,40.783804501646074,11.1515134878208,0,1.9521359307386361,0,0
TXN104333,123.07335378300196,9.23006747616427,0,10.596314307158783,0,0
TXN104334,74.79157889443952,12.305655046413118,1,2.665486587489575,0,0
TXN104335,45.57019043471577,21.231806074533907,4,4.292532024331862,0,0
TXN104336,207.5146501667415,13.616355374005254,1,8.00375149285553,0,0
TXN104337,104.19355506888127,10.351798967884509,0,18.48432255059828,0,0
TXN104338,37.27742619671117,13.503503075547487,2,20.92888640129565,0,0
TXN104339,115.35664341464525,15.932040834764267,1,10.277729499298173,0,0
TXN104340,61.90706291644848,0.0,5,18.37225236174889,0,0
TXN104341,60.41301240953496,15.106620763861857,2,20.040944788369018,0,0
TXN104342,78.6854492858045,17.18395995379322,0,17.587717996801768,0,0
TXN104343,139.9626132886271,8.158785181991941,2,21.602788582162162,0,0
TXN104344,73.71571890036839,15.697810753130396,1,9.394128463663256,0,0
TXN104345,69.95709032561687,9.86576902439737,4,1.2744161037732864,1,0
TXN104346,37.88809403385817,14.245403453953447,1,2.175915826546989,0,0
TXN104347,124.17677036036572,10.181478706243086,1,2.8974242770258924,0,0
TXN104348,93.55243366850158,19.218024013574407,1,2.5532966374757975,0,0
TXN104349,50.105153868716066,16.606253062877915,1,3.0422324647105983,1,0
TXN104350,56.39710962624779,15.884664411610338,4,13.313564320656749,0,0
TXN104351,212.84370309551366,18.758886389576674,2,1.1494356183008039,0,0
TXN104352,121.40430021571092,11.32402746122024,1,21.179629754441788,0,0
TXN104353,112.96422044889843,15.289039821396836,1,9.40902470337339,0,0
TXN104354,44.774701548679985,17.163154050514386,4,9.435260783970556,0,0
TXN104355,146.51624238623407,7.391264942358275,1,1.464330375759606,0,0
TXN104356,67.3525442990813,11.082928072166267,0,1.0850054334803634,0,0
TXN104357,55.58149759578026,18.116761577222338,1,22.08449734297406,0,0
TXN104358,113.66450130419999,18.53380691526584,0,7.298513103693676,0,0
TXN104359,21.511150776526073,15.623195015285715,1,3.5532798945916277,0,0
TXN104360,30.04089956571711,13.630534556298478,1,0.9273686792417719,0,0
TXN104361,78.86272215807172,13.209573792739464,0,6.13125736372983,0,0
TXN104362,132.5968718430955,7.813140147091116,0,8.317203780653795,0,0
TXN104363,114.34501431510225,16.175602949222036,3,5.499019000024613,0,0
TXN104364,36.00101362882623,15.891425791131745,2,6.667404122369529,0,0
TXN104365,87.81299711937987,7.927783202456507,1,4.07669074955823,0,0
TXN104366,121.04746371851738,6.663382186532775,0,6.830327744336935,0,0
TXN104367,88.54823577109931,17.71013861851765,4,1.206503681201199,0,0
TXN104368,100.89931454447793,12.22342330317225,3,12.816559915942815,0,0
TXN104369,23.22479424966001,13.909965388747768,0,3.2611863835042203,0,0
TXN104370,201.90757319538622,17.67896870470933,0,2.47272272302696,0,0
TXN104371,33.78049641907396,15.602201577842319,2,2.7249878554777354,0,0
TXN104372,8.962319942050609,6.9042025623279715,3,7.097475750460449,0,0
TXN104373,186.6897242438897,14.938393536752352,0,0.3385152013127748,0,0
TXN104374,190.42251427988754,11.945313374656338,0,11.272094512502731,0,0
TXN104375,62.92419321086375,18.84327158389881,2,2.418850366176196,0,0
TXN104376,62.74526306593203,18.052127825586116,1,12.11132708050137,0,0
TXN104377,21.01848398072166,23.0,1,30.477150925267523,0,0
TXN104378,13.527507092999208,10.98453440728637,2,3.612896592245268,0,0
TXN104379,47.877119072160646,13.569553557783244,1,2.0709092958769357,0,0
TXN104380,45.64181794509456,9.444801465777179,1,4.925836945405708,0,0
TXN104381,29.662990972824762,12.587345247953234,1,2.747294901107203,0,0
TXN104382,56.02961992396121,15.951891424452677,1,6.7639495025177485,0,0
TXN104383,28.907959261206138,20.56024495347718,0,5.959691165152772,0,0
TXN104384,143.25278606570737,14.064494825305328,1,9.961293840631312,0,0
TXN104385,229.1319011846139,16.76762546570044,0,2.465637315220112,0,0
TXN104386,16.435704502740755,11.865925946542497,1,0.5477626310760352,0,0
TXN104387,53.34538683473562,8.46726878136828,0,7.039022478267181,0,0
TXN104388,23.585709310890763,15.551942337555259,1,10.663433521517439,0,0
TXN104389,50.72039989131798,10.641210010282407,0,3.2930448439495748,0,0
TXN104390,110.91157423346515,18.895555174600005,0,8.721195163177686,0,0
TXN104391,12.01385634244787,11.142316638113828,0,3.8777787374984305,0,0
TXN104392,177.18209974114,11.853369079606948,1,16.12431219975653,0,0
TXN104393,41.18393064276346,20.698752949884764,3,0.48138261554176337,0,0
TXN104394,116.86975611132924,14.466474009215466,0,5.123039718739696,0,0
TXN104395,10.329775690369944,14.946859119351796,0,14.761147280177909,0,0
TXN104396,176.6728482788545,8.051183378350064,0,15.970999945107014,0,0
TXN104397,59.64914983017822,14.822161571384878,0,0.9197875952408953,0,0
TXN104398,57.34933009648579,11.330031984158246,0,9.741559640585102,0,0
TXN104399,59.43006391484421,12.158394393316167,1,7.936909791779656,0,0
TXN104400,13.950327742944765,16.171758181448585,2,1.9344535459299774,0,0
TXN104401,27.511287613402665,19.781792097482164,1,10.721909240536158,0,0
TXN104402,82.08615936961212,18.02380516229673,2,8.15312496820673,0,0
TXN104403,163.35119874400547,12.332159405176236,0,14.670120575617567,0,0
TXN104404,170.2856608351268,16.83703458291158,1,12.835579200188816,0,0
TXN104405,61.67930335180647,17.449743931793435,0,12.690350072898358,0,0
TXN104406,135.45306022049314,18.33618819972138,1,10.5273603055777,0,0
TXN104407,147.63694959386288,12.693808153613874,2,6.678385092903004,0,0
TXN104408,96.49225002791071,18.229925581465615,0,2.062563712259421,0,0
TXN104409,25.798256539534282,13.139302847766743,0,10.932432031077386,0,0
TXN104410,51.38832494692123,14.682313082691394,0,13.217362457875403,0,0
TXN104411,71.31299841758833,5.015016513407144,1,5.469811946675092,0,0
TXN104412,32.983148027751504,14.64727787441047,2,6.886132998898869,0,0
TXN104413,91.43185770193918,10.69777927564957,1,8.721900530780884,0,0
TXN104414,27.467091194192616,16.992358577543655,2,0.39998832962240094,0,0
TXN104415,501.9011850327095,0.0,6,944.0610168981423,1,1
TXN104416,29.08833565665749,12.137426093536163,1,8.751577624919486,0,0
TXN104417,125.98660802952338,12.410388094857927,0,3.0380787222989247,0,0
TXN104418,37.44353302676502,12.747664101974223,1,11.690704556259705,0,0
TXN104419,959.9081210405584,5.294382558393902,8,320.2584080585458,1,1
TXN104420,36.240686483494855,8.929403075140662,0,1.7615622087615666,0,0
TXN104421,14.146976404961748,14.595581912424379,1,19.250519018739954,0,0
TXN104422,2.7569557408374012,14.751286596477405,0,3.2903137830873725,0,0
TXN104423,63.573694905946965,16.052932884010843,2,4.883122451448375,0,0
TXN104424,65.63456340800703,15.111536132473484,1,7.361392926104374,0,0
TXN104425,77.7181166973797,16.0691769474302,2,13.640244528825098,0,0
TXN104426,3.8397160483035893,17.27838103374065,1,8.89317541997513,0,0
TXN104427,122.02154410583117,7.303700527379125,0,2.3989699541175917,0,0
TXN104428,1110.7994552820778,5.386052888493046,7,260.62451465958316,1,1
TXN104429,180.73499429075076,11.869373388194868,1,3.8143718600364487,0,0
TXN104430,31.946417660673426,16.837458827461333,1,3.076331817117508,1,0
TXN104431,114.2078989093643,5.538921490600378,4,7.016124764104264,0,0
TXN104432,7.590843491632867,15.02041786289029,2,1.1558642649517543,0,0
TXN104433,59.01286637674612,8.808186623928627,3,10.893671059061198,0,0
TXN104434,11.830327693483937,6.009613969665386,3,2.365802704822838,0,0
TXN104435,40.458269850187435,14.206533960245705,1,2.1749850404814137,0,0
TXN104436,51.865867086635305,13.85134544114258,3,5.447524150650459,0,0
TXN104437,59.991777651617454,16.674826481221196,1,4.101397415379457,0,0
TXN104438,45.98561139668415,11.798722804064974,0,6.259468377299706,0,0
TXN104439,37.49483570985793,14.666255151954408,0,8.735460393977489,0,0
TXN104440,62.26952348586999,11.053802857748368,1,3.085178603154527,0,0
TXN104441,47.06291454113032,11.526903661190186,1,11.980509017029043,0,0
TXN104442,85.53440906435705,21.385350648080028,2,20.953325961707428,0,0
TXN104443,100.77979696102875,19.626017898260834,1,7.90792108083556,0,0
TXN104444,73.57512443059068,11.636025634288965,1,7.8804518977479185,0,0
TXN104445,33.06768020973258,10.632822786940324,0,3.8348998053213563,0,0
TXN104446,42.95641882090838,11.04995208234878,1,17.43644994625269,0,0
TXN104447,208.9089756660509,15.402709951736492,1,0.4009396024923331,0,0
TXN104448,102.93350526643391,19.367058271238143,0,4.693955499527994,0,0
TXN104449,55.788158243387855,17.77202186116197,2,9.833466842089036,0,0
TXN104450,116.63452921774395,16.223456836396252,2,10.20351313477018,0,0
TXN104451,70.89539230327966,12.758889656757653,5,6.913863864361815,0,0
TXN104452,52.660014763396774,14.463503797471576,1,22.228033649511495,0,0
TXN104453,60.12313120146865,20.374187168768223,1,7.912463902280398,0,0
TXN104454,44.545355983018084,14.466513849958357,1,4.748542901760803,0,0
TXN104455,202.666766723669,17.31477943616391,1,11.221644274823731,0,0
TXN104456,67.66971947561719,21.4059353902516,1,16.507808455250903,0,0
TXN104457,66.26594567611316,10.849186572214926,2,10.294134004991914,0,0
TXN104458,140.0013871276138,13.195474573011415,2,6.1285021194031195,0,0
TXN104459,176.16261657826172,12.259499015585265,1,27.538432300727372,0,0
TXN104460,81.67293070634977,15.639645700391544,0,1.2354870925087402,0,0
TXN104461,96.79897399624994,16.255025726582566,3,11.228995508321054,0,0
TXN104462,1.6442606905961088,14.662010692097471,2,20.871451705290674,0,0
TXN104463,109.79352514164552,12.211238258371944,1,2.094158437132145,0,0
TXN104464,120.3751375501931,16.22707611312363,1,7.579281780767257,0,0
TXN104465,43.4014167850935,10.658784212147339,2,15.205084384799372,0,0
TXN104466,11.176567759099818,19.196452414548126,2,0.3323039546021988,0,0
TXN104467,1960.8243397968718,0.0,8,652.484803404022,1,1
TXN104468,21.370214123127912,8.889030297382424,0,0.18705600968197897,0,0
TXN104469,79.00605904225868,17.47763943106422,1,8.231744257958812,0,0
TXN104470,95.10661678792276,12.313806739852197,2,0.31867164164687406,0,0
TXN104471,49.428803132931094,20.451308055742338,0,14.392228451978024,0,0
TXN104472,12.578803218684635,10.642789027694276,2,8.435495854477596,0,0
TXN104473,25.80494697338392,16.499745562126417,1,24.326912757012117,0,0
TXN104474,102.6181241219305,9.955840024740167,2,5.973440008479573,0,0
TXN104475,139.07284181709048,10.344369400492155,0,0.7468027124463108,0,0
TXN104476,51.14153161287337,17.581566466937367,0,14.092002619522301,1,0
TXN104477,63.73959504933232,9.497065183144308,0,15.70211993305864,0,0
TXN104478,37.793506391417296,14.225186409139072,1,3.5411551751434684,0,0
TXN104479,50.013403839944175,14.544900497946768,3,1.8199066988929147,0,0
TXN104480,89.24386296526026,12.806765587331805,1,6.337046325569299,0,0
TXN104481,11.123659173023931,15.507957083062758,0,5.130403235852556,0,0
TXN104482,109.56072890261511,12.706266633253097,2,1.1746674795602465,0,0
TXN104483,81.0888877293711,9.329110722438074,1,2.7513420569642326,0,0
TXN104484,51.88433335659021,21.68558702518787,0,2.6251597217521416,0,0
TXN104485,204.30808639703685,19.325444769660983,0,2.342088812146067,0,0
TXN104486,108.03135324585361,13.870342412383062,0,0.3817923453482603,0,0
TXN104487,31.722306952437847,16.135186257402726,0,18.192224013251856,0,0
TXN104488,21.433207088633953,18.974981255899067,1,12.8113727656851,0,0
TXN104489,107.86561592432834,12.36822471547727,0,13.681223369392526,0,0
TXN104490,103.36007373711459,17.97367403363444,2,13.393609330184272,0,0
TXN104491,192.7016562840079,9.904488929611261,0,4.195882097831117,0,0
TXN104492,105.93650616684232,15.009891359852077,1,2.6727605632948244,0,0
TXN104493,55.75288139272126,13.419024007526934,1,8.654884221064998,0,0
TXN104494,57.99998004281197,16.82730144343184,0,9.762245530282351,0,0
TXN104495,154.16148357608225,13.171220554150239,1,8.220466508553384,0,0
TXN104496,86.36030460625526,18.31419115369764,2,14.623937519384171,0,0
TXN104497,81.73684771594425,8.87895123581421,0,1.157846162782313,0,0
TXN104498,75.12022536818144,17.824496199742207,2,11.597271769472616,0,0
TXN104499,50.43794454660845,21.30562013578156,1,1.8507194967247687,1,0
TXN104500,103.80298981084405,13.390848304150289,1,5.262232399804726,0,0
TXN104501,126.94338005853888,13.083618138136138,1,11.994977400190141,0,0
TXN104502,113.61711903698291,5.758659015846522,3,1.7619656273016249,0,0
TXN104503,91.73248329079448,15.677946341853955,3,5.843436629745806,0,0
TXN104504,178.2010718215008,17.576226103529354,1,5.1853008110459164,0,0
TXN104505,70.53441585021906,12.698393224771069,1,3.413728667603534,0,0
TXN104506,83.81292259989551,10.929787782281444,0,8.171722639378247,0,0
TXN104507,73.67366072149738,17.304953748977358,0,5.068716125012535,0,0
TXN104508,17.649576215162778,10.701821442248498,2,2.3461866221136276,0,0
TXN104509,39.87753010835142,16.74289124617701,2,1.7641170317720565,0,0
TXN104510,87.97381848792833,12.789137990628408,0,6.603827855214498,0,0
TXN104511,69.2683932593222,14.473979192655118,0,5.815301866827846,0,0
TXN104512,76.93696639091922,18.258903467537827,1,11.994026634332508,0,0
TXN104513,5.4486971146094545,15.211879382387023,2,10.363491377930965,0,0
TXN104514,8.022863024053267,10.863029843888865,2,2.408341943856673,0,0
TXN104515,16.929590009845057,16.2070675092572,2,8.194088739269308,0,0
TXN104516,192.9295382040266,14.774841093608066,0,2.221073320406906,0,0
TXN104517,142.78904503337282,17.33318542172055,2,5.353863973020107,0,0
TXN104518,22.866534639943676,13.901331733966023,1,5.235263526899489,0,0
TXN104519,68.2148201567601,17.58220212052237,3,2.7994149156371506,0,0
TXN104520,53.4653548740997,6.344198662384693,1,5.4356776000241265,0,0
TXN104521,124.77900490572402,20.09599240438267,1,23.082741373040868,0,0
TXN104522,101.05534576621652,14.750286310791196,4,0.5252849445946179,0,0
TXN104523,13.489567412743721,11.574792651815185,2,2.6924385669692503,0,0
TXN104524,15.161842468111962,11.870901737464777,3,7.206880218040183,0,0
TXN104525,130.39744498273754,21.45406980139581,1,12.746691124071049,0,0
TXN104526,67.7056866059987,14.723856355689959,1,3.2695550649568212,0,0
TXN104527,609.2667120720539,7.266133804796516,4,384.9158962389959,1,1
TXN104528,52.63896189904052,13.271628473011477,2,2.610346549684945,0,0
TXN104529,69.36452841938602,14.333850411004947,0,5.053113411878453,0,0
TXN104530,71.07874465863145,23.0,2,9.615165704581573,0,0
TXN104531,100.77437100795295,16.48499524081558,1,7.084057306009654,0,0
TXN104532,89.9867195627154,19.739510442437496,2,1.8327480663201072,0,0
TXN104533,40.10584588812108,10.671214425440565,1,4.777067084917915,0,0
TXN104534,7.442065100391581,16.660634722446474,2,16.81417032894005,0,0
TXN104535,9.808199640527992,5.654533290048128,0,11.115740994778891,0,0
TXN104536,47.96977659821492,16.31919670586643,1,6.293991504703254,0,0
TXN104537,58.52046800800106,10.569870443046684,1,1.3342663262699372,0,0
TXN104538,37.15195560472444,13.877267290540864,0,6.869796692409778,0,0
TXN104539,127.89877599105981,14.01400169744111,2,5.127891308987889,0,0
TXN104540,82.31251582276586,14.988674225654654,2,5.29611273037415,0,0
TXN104541,77.36474952342968,15.453194455442311,1,11.490591203054096,0,0
TXN104542,31.91798990437774,9.083614297889017,1,4.579598954262011,0,0
TXN104543,40.59405385031931,19.505041559312353,0,12.730729317792782,0,0
TXN104544,107.26822841755988,11.496762274505613,0,8.672092128241085,0,0
TXN104545,202.50238612773697,15.374340615219094,1,5.251497069360241,0,0
TXN104546,10.695802335568603,12.0993817080222,0,1.255207292424636,0,0
TXN104547,56.69936893779598,13.438868038564753,1,25.33073298031358,0,0
TXN104548,28.7392957525832,16.000694689771738,3,1.1245407204150417,0,0
TXN104549,136.82541831341075,16.137987979542068,1,18.719509347100335,1,0
TXN104550,49.42439725108037,12.605319087799533,2,7.469819170381058,0,0
TXN104551,46.182927318013284,12.275048330460303,1,4.932105793105928,0,0
TXN104552,69.34265818220737,16.12417119802993,4,13.857686863194974,0,0
TXN104553,180.84983323334794,10.194927906991616,1,7.392696184095979,0,0
TXN104554,27.874710027713444,20.053845250375716,1,23.673227834861066,0,0
TXN104555,169.2769003404314,19.44157168622663,0,7.636230457724299,0,0
TXN104556,126.59671261544914,17.373434871759155,1,7.13144906069844,0,0
TXN104557,34.263178626248504,20.869581273185325,3,5.1210673194770004,0,0
TXN104558,150.04141467945007,18.08475797520461,2,4.012023497800664,0,0
TXN104559,171.28892494233074,4.1647160887019385,0,2.4669010060712653,0,0
TXN104560,51.080292990016794,11.045772827468156,1,4.397425110060278,0,0
TXN104561,202.39938170098054,9.570839362072611,0,6.426516968482009,0,0
TXN104562,192.2332511160803,16.936355799540976,0,12.672558540821527,0,0
TXN104563,13.521792837865881,11.74013781099169,3,0.8668566946669161,0,0
TXN104564,65.85732510766081,19.070010245610657,1,1.060561267398493,0,0
TXN104565,26.52159761633518,18.642237312225813,2,9.375222160707976,0,0
TXN104566,33.26510171461209,12.604716848890885,0,3.5223926998643087,0,0
TXN104567,134.76714573615757,22.454770884808017,2,1.9815142814780717,0,0
TXN104568,35.2786326791808,9.393396324519394,1,3.5219473399394574,0,0
TXN104569,29.889039087303356,16.840554128624706,3,3.6614437312221364,0,0
TXN104570,91.75696051845335,7.56327426064107,2,8.915778888928084,0,0
TXN104571,74.84475004903592,11.548860924495859,2,2.8083776861868786,0,0
TXN104572,9.91695670925308,17.385225833688597,1,8.297203618643707,0,0
TXN104573,45.77384238604602,20.541111711849087,1,3.013984272535169,0,0
TXN104574,21.40457909009799,11.921187942572026,1,1.033363460123904,0,0
TXN104575,118.414422040203,16.164819867765956,1,11.753189997562174,0,0
TXN104576,12.746137654463467,8.31308905802649,1,4.650091518775421,0,0
TXN104577,42.654403543292446,17.380545375512,1,6.230425180347725,0,0
TXN104578,87.51457309067092,12.866505832417268,0,10.995047989471887,0,0
TXN104579,105.71707099650511,12.14605983388832,1,8.487135486973681,0,0
TXN104580,181.98943556693837,10.76387993034299,2,10.002005840727527,0,0
TXN104581,64.67748005283721,18.392113988636773,0,1.4352726975242187,0,0
TXN104582,150.73625925344777,13.361725464833754,1,1.0055694074372248,0,0
TXN104583,173.5172143002309,20.638108693877424,1,3.3797156505038517,0,0
TXN104584,31.119518154171658,14.800089822058599,1,4.454957362096938,0,0
TXN104585,171.23899359222665,19.10255310704689,1,4.924290696076586,0,0
TXN104586,51.29641648642416,22.764804432646,0,17.636432467031483,0,0
TXN104587,60.26267641463818,15.616829551108069,1,3.0983401220312166,0,0
TXN104588,12.190821436352941,14.089042411661078,1,2.2684922450300977,0,0
TXN104589,91.20207741810594,17.60065307056233,2,9.002476374147827,0,0
TXN104590,79.7393325081611,14.622230923071902,0,15.100311277134551,0,0
TXN104591,125.45483788587848,10.965337082644991,1,7.8848003626761525,0,0
TXN104592,47.23858176952418,18.77491508192903,1,1.7815046705133495,0,0
TXN104593,15.172289213451869,20.902688218241014,0,3.0898018796454263,0,0
TXN104594,223.93486371219967,8.853477814991649,1,3.844854714983961,0,0
TXN104595,109.68851226792518,12.46421497669299,0,3.872739801509068,0,0
TXN104596,66.48531109779054,12.368376350694213,0,3.025567376940596,0,0
TXN104597,39.37075080803732,16.353943813800928,1,16.1012467515527,0,0
TXN104598,138.07582841271508,19.584189199742752,2,2.62627965472587,0,0
TXN104599,135.15406635574843,15.378697681445495,2,4.916664712318964,0,0
TXN104600,205.49192446101486,12.541166324070442,3,5.968708914806112,0,0
TXN104601,52.04995756221214,14.279254326032207,1,3.452889343090698,0,0
TXN104602,69.35621945718027,11.934087161796676,3,2.8968798171339207,0,0
TXN104603,40.69950317354662,9.429211819942514,2,17.35819957139877,0,0
TXN104604,43.87133795843836,10.964453568409558,3,2.734244761356442,0,0
TXN104605,89.22439220839715,14.662764980948804,0,14.772566714213225,0,0
TXN104606,15.418299615366829,11.361003356363447,1,6.725990264250904,0,0
TXN104607,148.9861561654701,17.44751055875936,0,0.9017911939364298,0,0
TXN104608,418.40601257543415,19.86886162009163,1,4.484987190617787,0,0
TXN104609,138.3807707662753,15.784312406221588,3,11.425878278687634,0,0
TXN104610,58.20367589478246,12.078796724412904,3,3.4476543257564423,0,0
TXN104611,167.48673168323566,16.74156342389234,1,14.042925071776153,0,0
TXN104612,332.8270922645021,16.079910265392016,0,4.810266872292382,0,0
TXN104613,28.635277388608156,12.238461362418935,1,7.512728492465114,0,0
TXN104614,162.31782810658018,14.354767289590534,1,1.9056566767263348,0,0
TXN104615,67.18286173277549,17.691852521136788,2,10.99151441028697,0,0
TXN104616,308.84087262770566,1.7140525284747392,5,280.1655938026521,1,1
TXN104617,16.478601039577544,7.876369901522319,1,7.58409334478809,0,0
TXN104618,63.0301977809786,8.774028252405614,1,10.787963551075721,0,0
TXN104619,80.91142093774519,20.919836141291604,5,1.3078749624596573,0,0
TXN104620,114.20301932475682,14.506361428279156,1,2.6434332799521885,0,0
TXN104621,27.206743666765885,7.941971104026954,0,3.0325173877067195,0,0
TXN104622,51.41134518535918,15.836633143208473,1,4.77292873016037,0,0
TXN104623,61.929447998828444,19.1271761604935,2,12.552996403840623,0,0
TXN104624,241.78455093580976,6.611807452184484,0,6.9214712307769135,0,0
TXN104625,142.1565264362743,17.435659639049646,0,6.34610944259531,0,0
TXN104626,709.9405703009901,9.65431358980912,5,488.48691779798645,1,1
TXN104627,90.43902920152364,10.665548114648095,1,2.0455658931528387,0,0
TXN104628,24.554045394163055,17.013653764685916,1,8.246765296885027,0,0
TXN104629,40.87994020892069,17.950036279599725,3,10.61584738911456,0,0
TXN104630,21.713071917099143,14.425885237659326,4,7.415490591065295,0,0
TXN104631,96.38971995511929,18.836600115225806,2,0.4042798920011095,0,0
TXN104632,124.60001709276314,18.732336703962893,1,9.135211313544373,0,0
TXN104633,76.6414103905374,10.361153579863611,4,6.836376509096139,0,0
TXN104634,227.799255341155,16.95217642284949,2,14.198086107668468,0,0
TXN104635,114.57555237358815,16.299037262162596,0,8.608332709783152,0,0
TXN104636,275.0893744324835,10.749728696818986,1,1.6541119497883974,0,0
TXN104637,58.1874322599824,12.997986922707318,1,1.9466196338032915,0,0
TXN104638,86.00552272134692,9.862666919476109,1,2.6931823421026464,0,0
TXN104639,209.56684711245612,20.270815247255,2,10.912345948696558,0,0
TXN104640,27.10233653342124,13.560252094326836,3,8.386273126583202,0,0
TXN104641,26.687163918144712,19.32706068134946,1,2.1675199196801422,0,0
TXN104642,15.835107476370888,8.36360250755354,0,7.2814271924294935,1,0
TXN104643,63.416749851791046,15.154720579237818,3,2.8355295757300163,0,0
TXN104644,53.83014576740337,7.485489248975988,1,14.472558220443858,0,0
TXN104645,48.26839794927273,19.463937100518738,2,16.710567940708618,0,0
TXN104646,100.5748999118565,11.617376401467656,2,7.156349286271965,0,0
TXN104647,198.26080223501873,11.937223451965389,0,5.194467897625432,0,0
TXN104648,187.14117309775733,15.401352896290124,1,4.182183720641369,0,0
TXN104649,133.38026127142427,12.336151114807139,1,3.0341707979731023,0,0
TXN104650,33.815009480450286,8.6350440374605,2,3.8882727207136285,0,0
TXN104651,218.80185084186792,13.394657321961091,0,10.032192065637638,0,0
TXN104652,107.66593167539591,12.612129551746587,0,3.4485313595788005,0,0
TXN104653,110.53564351655129,15.671482439366105,0,7.750714568078447,0,0
TXN104654,60.114306570690715,17.224292794588848,0,1.5927443926639775,0,0
TXN104655,58.22176124876982,18.27413851569518,0,5.3216946291986105,0,0
TXN104656,55.86372693567923,15.170728527738056,2,14.176901057867848,0,0
TXN104657,60.558920064404504,21.653358976638117,0,5.770233665579134,0,0
TXN104658,114.27687017345386,13.786885820920629,0,5.7430372348054926,0,0
TXN104659,27.622554152381422,20.858429169286502,0,0.9533634324438588,1,0
TXN104660,32.76992383852943,9.468721636567668,1,8.738843169373837,0,0
TXN104661,103.36705094590985,23.0,0,4.056241654324059,0,0
TXN104662,145.62610252209134,18.080110514481518,3,0.2167308546374384,0,0
TXN104663,16.972777685223825,17.975694298327856,1,1.233755857460113,0,0
TXN104664,157.8262889129837,9.195599612623631,2,10.42299795523061,0,0
TXN104665,99.18696308718947,17.56482797018473,1,12.869878877481288,0,0
TXN104666,44.50614300031453,13.1641072412934,5,3.673388071133685,0,0
TXN104667,10.102267079626653,15.456256757852277,2,21.681305540094232,0,0
TXN104668,240.9199566960533,16.090067673426475,2,9.254919589494115,0,0
TXN104669,190.6126054639853,14.230950979422673,0,2.4621636839835297,0,0
TXN104670,85.93051867427909,7.573489971189686,0,10.248908836870863,0,0
TXN104671,114.42228217236465,13.81088324159697,3,1.2897868782562996,0,0
TXN104672,33.10861651478687,11.795968322453303,0,0.30429753388859626,0,0
TXN104673,76.10791964848828,9.324739914774291,1,12.271711172681222,0,0
TXN104674,88.882965052075,16.682456343153717,0,15.106385897373624,0,0
TXN104675,63.777422631634494,13.531595391552116,1,5.105160381628025,0,0
TXN104676,107.6922363773498,13.96924881576865,2,6.57339592347452,0,0
TXN104677,125.37568750226241,12.551964563939544,1,3.959603603398917,0,0
TXN104678,51.1980071711116,16.81438966388658,2,7.086680432106206,0,0
TXN104679,33.5254599412515,14.184626054198711,1,10.073526509093222,0,0
TXN104680,89.77812342155316,8.616761209110027,0,0.5926216391494648,0,0
TXN104681,45.87278694942799,23.0,1,1.9081250839099915,0,0
TXN104682,6.096864389908811,19.039387345890347,0,4.820491904663547,0,0
TXN104683,75.65282798139812,13.662731023943302,4,8.220596285150584,0,0
TXN104684,243.19542494248003,9.715299649044479,1,6.219874161287452,1,0
TXN104685,125.20051141578864,16.839188576391976,0,16.566727582900995,0,0
TXN104686,94.43124437591807,17.116012995529495,1,2.4887826901048267,0,0
TXN104687,167.84019989680004,19.128298037244427,1,1.5764269195543357,0,0
TXN104688,16.004784847679872,15.786906858295582,3,10.59979117810046,0,0
TXN104689,107.2958249651418,12.255967066981986,2,9.50771607596729,0,0
TXN104690,125.65364811832227,13.855815642808524,2,22.788287040707026,0,0
TXN104691,46.571525919847474,16.728342619239797,1,6.358837677572452,0,0
TXN104692,33.24803134653505,10.956760434522185,1,1.6119702698918896,0,0
TXN104693,35.85907960682549,13.492524895391895,2,11.190271099760942,0,0
TXN104694,10.855483693057739,12.851584578274892,0,0.2901295792023427,0,0
TXN104695,5.785779647360664,21.624223463021288,3,7.194004000310801,0,0
TXN104696,40.96167317087499,18.50727465099112,2,7.803866199650677,0,0
TXN104697,118.01759122781596,19.18994306578467,1,4.74468928578352,0,0
TXN104698,51.42826279377253,19.558031192912658,1,7.877816223543683,0,0
TXN104699,57.404061291739936,20.099247032480232,1,0.5240472258887006,0,0
TXN104700,182.59984804460152,18.08499894349676,2,4.682619119849637,0,0
TXN104701,7.67489106111468,12.113829242169937,2,1.3530742735643722,0,0
TXN104702,182.14668492208315,14.15478687020248,2,6.97565865092415,0,0
TXN104703,160.5920566375861,10.355691389395698,0,3.9667190080919124,0,0
TXN104704,143.87766269388771,18.09165072810223,0,5.816238363538701,0,0
TXN104705,159.2763383413041,18.276972530271582,0,10.189823575531683,0,0
TXN104706,85.76113477768214,17.492627644929108,1,1.5400269319360653,0,0
TXN104707,159.5832195553297,11.298871775971485,0,3.096652783409678,0,0
TXN104708,86.84798550226881,16.41328552219715,2,2.6407168421301455,1,0
TXN104709,91.2449442191347,17.712360339127223,1,9.54328111440103,0,0
TXN104710,140.97178061509806,14.442891497617314,1,1.9176007478278836,0,0
TXN104711,17.685820528524108,19.217038802295885,0,11.117834418654711,0,0
TXN104712,113.9761580007481,4.078375861994889,2,21.724478526260786,0,0
TXN104713,103.04272785267821,12.490807648556897,1,8.1833114266803,0,0
TXN104714,72.34389408965298,16.2169536617473,1,17.656009464302716,0,0
TXN104715,105.92129591474179,20.572394342639278,0,3.0268251673657947,0,0
TXN104716,103.03956938738453,16.83136905508582,1,7.379343722237657,0,0
TXN104717,69.33618983959151,10.265242778507233,1,3.039920932275461,1,0
TXN104718,98.93476697042802,9.384982985041166,0,7.648153943594252,0,0
TXN104719,20.388779177944652,5.7973088062045495,0,5.371574340345006,0,0
TXN104720,166.60077016844636,9.6274774217116,1,1.1208639093791224,0,0
TXN104721,167.40676344536794,19.221953214529982,3,5.067165491530336,0,0
TXN104722,30.506666745531362,9.606476440495623,2,3.5747995844751705,0,0
TXN104723,36.78876706483124,18.484721054927657,1,7.369513425584717,0,0
TXN104724,166.28442020444652,11.583453239330934,1,9.098450608273524,0,0
TXN104725,63.12684091669275,11.786341889425453,0,4.342630855591608,0,0
TXN104726,80.60105033653612,11.655622153673391,1,5.772253941899425,0,0
TXN104727,12.324584462850286,11.974106663540939,0,25.295441358975495,0,0
TXN104728,143.9272592864762,15.340912928784649,0,5.444368959376583,0,0
TXN104729,162.23478687186824,18.325677190493636,4,2.8213012228775316,0,0
TXN104730,113.40384451683745,13.27001085295769,1,3.5506279120646504,0,0
TXN104731,34.40289171173373,15.265863628162448,2,10.40214802109581,0,0
TXN104732,61.58069146160413,19.939123585830536,1,1.7325087981980667,0,0
TXN104733,39.471928865834755,13.001232697106106,0,6.010512269362472,0,0
TXN104734,94.16551999362096,12.12127159861002,2,0.9471650592194586,0,0
TXN104735,68.12422133951227,14.273694169177153,2,6.885533108299872,0,0
TXN104736,1637.2702718540286,0.0,9,630.5567100320459,1,1
TXN104737,10.798486729402528,14.455307469259024,0,7.252977100670899,0,0
TXN104738,58.87028389022814,23.0,2,9.088203363407125,0,0
TXN104739,199.81491003982168,13.55539335522608,0,0.7119695354355462,0,0
TXN104740,134.1155182596549,14.227816357974179,1,7.898596802608005,0,0
TXN104741,42.98620139740596,14.60451092794668,1,13.98902473183312,0,0
TXN104742,33.09717672111644,17.799481635608235,0,0.6063910494825829,0,0
TXN104743,25.457405320290963,13.572013671416327,1,2.737695401910581,0,0
TXN104744,89.45736138402538,18.250469571509285,1,17.36545914990636,0,0
TXN104745,69.07349553265098,19.50763261122577,0,9.014291137360264,0,0
TXN104746,166.81851314336612,22.512304548804725,0,7.781936533066734,0,0
TXN104747,39.06212826418208,18.526074585717335,2,1.6070192891006128,0,0
TXN104748,46.0821357541078,12.34707873442302,0,7.786113841895195,0,0
TXN104749,28.10157574194168,16.05491197518004,2,20.860890546377703,0,0
TXN104750,108.90924002540523,15.533152708074548,0,23.048088825673375,1,0
TXN104751,180.16050127125797,10.384617838654115,0,4.507919464483617,0,0
TXN104752,75.38782429088295,13.800869347348733,1,4.0230538185486715,0,0
TXN104753,147.57536359317064,9.859683179032475,0,10.794831709495051,0,0
TXN104754,88.20816753755301,21.32801314022293,1,5.997882114525228,0,0
TXN104755,127.67108165877826,13.948950365964809,2,4.007636587668245,0,0
TXN104756,74.64003798712677,12.994558151139078,3,8.075426200248009,0,0
TXN104757,20.351028262085123,14.430762601542279,0,4.886855199008452,0,0
TXN104758,160.3637149943791,14.845649367852914,1,2.2227668347531604,0,0
TXN104759,68.58117884799452,14.74162754152389,0,11.611654299237697,0,0
TXN104760,41.19546294761409,19.71117465552063,0,16.849570135816762,0,0
TXN104761,128.69153303239187,13.83086818172609,2,4.376751665422636,0,0
TXN104762,162.39617821349069,7.334889233674744,0,0.43929097914590826,0,0
TXN104763,51.09818741129317,13.882102544294765,2,4.877726908913981,0,0
TXN104764,266.86765445906144,8.568660756777595,0,8.335982494988619,1,0
TXN104765,90.76539410088583,12.357562545273163,0,1.4213082672973723,0,0
TXN104766,86.58452063597524,16.951561404866624,1,4.193069157933352,0,0
TXN104767,31.780253718332045,8.833856236079892,0,12.379425260075516,1,0
TXN104768,118.25455352676823,17.157974022297694,1,4.640509607104359,0,0
TXN104769,33.6345659837628,9.588265364858987,0,4.401667555365553,0,0
TXN104770,12.456367776798544,12.768483232428595,1,1.7764855364195133,0,0
TXN104771,80.31787872390376,19.12876810262914,2,7.616412442325574,0,0
TXN104772,69.43770091985142,13.14367823718615,0,23.12538224001318,0,0
TXN104773,92.15429280094216,18.76181589660761,1,2.9025292130013858,0,0
TXN104774,309.8911790400323,20.28384474221595,0,4.743823639002845,0,0
TXN104775,88.20397861576637,11.593997081425936,0,4.1407610307180285,0,0
TXN104776,104.03946590659822,12.18164082500538,1,5.399236111141539,0,0
TXN104777,1071.782580586261,3.842011090266901,8,351.17341462545426,1,1
TXN104778,46.30664003061595,11.167124965015406,2,0.5677702512012791,0,0
TXN104779,18.43246725664803,13.166288498836101,1,1.9419485698460504,0,0
TXN104780,61.171506927418406,10.416130870956874,1,7.847656828244894,0,0
TXN104781,147.6823008248091,10.164357718785304,0,6.308855772078469,0,0
TXN104782,141.7403368541612,15.608524695243233,0,10.76579492449804,1,0
TXN104783,14.771371080537154,12.71903736499557,0,11.493440976015588,0,0
TXN104784,28.521412581751147,19.65776615875624,4,5.276751068607037,0,0
TXN104785,172.1615446506056,16.09132638406181,1,14.855668759825257,0,0
TXN104786,213.78153734878674,13.65238361401861,1,5.770665171761207,0,0
TXN104787,106.79633575593606,16.946238499538158,0,52.097499274538976,0,0
TXN104788,70.50162434578071,10.679805977643236,0,0.9350651396317939,0,0
TXN104789,13.618546839435338,11.55657188243185,1,5.8505404946532105,0,0
TXN104790,27.55793929097822,12.171804406713058,0,4.496517844721532,0,0
TXN104791,113.96786872729379,17.023243443241014,1,18.564380886773193,0,0
TXN104792,148.18269704295207,10.851073571530453,1,9.741037700041215,0,0
TXN104793,100.4311273378249,20.49984655640769,4,0.8578577007267851,0,0
TXN104794,16.615201644234958,10.419620993046621,2,7.731187048749989,0,0
TXN104795,52.881666214365495,13.827451148048134,0,4.708781176416825,0,0
TXN104796,61.28214803308204,15.210434425859628,1,7.167762854040794,0,0
TXN104797,209.70383877217546,11.020204245987761,3,4.421415754694782,0,0
TXN104798,155.33560071987367,13.683000627087571,0,1.938297630444937,0,0
TXN104799,44.905606351962504,22.581673150504017,3,8.57476506826101,0,0
TXN104800,44.54332249682531,18.13857469330233,0,5.252679470928125,0,0
TXN104801,24.92872224337158,6.755860970963638,1,10.60994272731324,0,0
TXN104802,33.08656339491939,15.556526116757716,1,16.68202035641903,0,0
TXN104803,26.975823994826563,15.32546056461342,1,1.4696666930624298,0,0
TXN104804,74.43656390481416,16.7153198334162,0,8.500553251749288,0,0
TXN104805,84.16782057981037,9.142768212269223,1,11.944140793153759,0,0
TXN104806,61.60480055019984,12.206410895623623,1,2.546702076215823,0,0
TXN104807,123.5327698099608,15.672186615198267,2,5.534452691855321,0,0
TXN104808,61.629017609185766,11.786920355728085,2,7.513196283851419,0,0
TXN104809,113.13625366100234,18.012436894620944,3,26.89164991290371,0,0
TXN104810,48.19890894787652,13.887409474633536,1,14.012476750259125,0,0
TXN104811,112.65259381865451,4.870168146809398,1,1.4854795234112732,0,0
TXN104812,64.19418053999279,8.856222337184423,1,0.45203153288877473,0,0
TXN104813,46.128378312122024,16.59163925256716,0,0.6523982669035329,0,0
TXN104814,82.70955958971838,8.083720728214043,1,0.3759439539027367,0,0
TXN104815,12.674542727366273,19.237199129562356,1,1.315915335730776,0,0
TXN104816,112.4119464906279,14.316869807814879,4,0.8685004371335703,0,0
TXN104817,50.252064259637294,13.274443311416105,1,5.139355898653475,0,0
TXN104818,106.07039350339647,9.555846743097451,2,2.279525471131152,0,0
TXN104819,162.10665156806502,14.223543530845559,1,2.9711861539258733,0,0
TXN104820,75.35381196561288,17.242080791526245,0,12.793331881451607,0,0
TXN104821,47.61833008522207,16.709300055687077,1,1.968735771355449,0,0
TXN104822,23.884197668580263,13.06239248169742,0,13.43712177556872,0,0
TXN104823,26.305975752800535,12.299464335671049,0,1.10785941972325,0,0
TXN104824,87.8027749481921,22.610477209650444,4,13.459288807507708,0,0
TXN104825,74.62434663153913,7.39042344946428,3,12.97412064775056,0,0
TXN104826,37.6676488158703,16.643433910937276,5,6.211833409244996,0,0
TXN104827,119.27107744334536,5.521558389308295,0,15.080429349504108,0,0
TXN104828,53.76447925395182,22.7421998778794,0,5.978401747026116,0,0
TXN104829,54.47896302401682,14.770638600976975,2,10.404594843550086,0,0
TXN104830,16.2621383589721,8.428078509399839,1,5.518740247624871,0,0
TXN104831,1041.2333286257765,0.0,4,139.70616401291988,0,1
TXN104832,52.8963214612931,15.80601408050552,0,5.402232949529692,0,0
TXN104833,56.048570961358394,17.45079433968904,0,12.037596085771847,0,0
TXN104834,65.55191830843297,9.385553104233134,3,4.869051136614327,0,0
TXN104835,90.44694146364117,12.10053720198996,2,13.197962021950486,0,0
TXN104836,107.19682502441597,10.481035319172417,1,5.951006575308054,0,0
TXN104837,126.88051476633184,12.99317736657265,2,3.69091845613541,0,0
TXN104838,44.408917340261965,17.32583767803626,1,7.859443377961405,0,0
TXN104839,83.50778498107678,8.930404360161106,2,0.44011080090143867,0,0
TXN104840,153.97523347517273,21.051137309986284,1,7.245019118062226,0,0
TXN104841,64.85859468108988,14.674919151566275,2,2.7020739957096302,0,0
TXN104842,46.30638675329414,13.203815442737325,2,1.7655356763278127,0,0
TXN104843,77.31972780714389,16.433666154094777,1,2.1052081444916544,0,0
TXN104844,37.074242343776376,11.953358395383379,2,5.974987052242641,0,0
TXN104845,196.74789764134206,6.753312408078005,0,8.854060371328835,0,0
TXN104846,54.78578928556165,16.577834350933145,1,1.4005500729893288,0,0
TXN104847,125.32943477315058,13.807410560019184,1,4.061815999649171,0,0
TXN104848,13.81114067723665,12.84914816691898,2,12.859772424263056,1,0
TXN104849,67.60835531678975,9.287572935017895,1,3.039455902912666,0,0
TXN104850,42.527757549989516,16.82512134012518,2,2.1701551768269116,0,0
TXN104851,93.28813342666942,14.787029020453751,0,1.9686673203604557,0,0
TXN104852,218.59974237430623,13.858269541091259,0,8.946115822230645,0,0
TXN104853,266.56135009604964,18.32603558131651,0,9.527005423539066,0,0
TXN104854,26.596141886230637,14.467224668982144,1,22.772445894426646,0,0
TXN104855,64.72355235512943,14.807821247441975,3,8.432554181565271,0,0
TXN104856,38.62648921704317,14.95695248107081,0,35.33158823457715,0,0
TXN104857,34.08320134663783,9.840632485828575,0,6.353755313042986,0,0
TXN104858,56.74603818950249,14.796122636197905,0,5.2917793342344455,0,0
TXN104859,64.72376809167577,13.562432901375901,3,4.543212580054553,0,0
TXN104860,149.51880487449108,10.699936120080844,0,10.213920930667669,0,0
TXN104861,484.9154758009613,3.9929475508155554,2,64.26636207357166,1,1
TXN104862,176.7269626321635,13.944618422322574,3,5.892761037226708,0,0
TXN104863,26.830249680881675,12.79046012498786,0,4.0412058067194785,0,0
TXN104864,15.384995841351897,17.646224479790785,2,3.4913491736884983,0,0
TXN104865,150.4761676792839,13.653286430655601,2,8.618903301359335,0,0
TXN104866,28.245072151113867,16.00708010310733,2,7.4139515911951825,0,0
TXN104867,232.27784071121104,18.19275856595273,2,4.821640343686051,0,0
TXN104868,172.34951554164633,7.66640176830363,1,1.857353326626583,0,0
TXN104869,105.47380562683415,13.037133506568008,2,5.101895330230699,0,0
TXN104870,185.56143477723165,15.808856656647954,1,21.99309759739122,0,0
TXN104871,126.45941013283738,23.0,3,1.3228447557410459,0,0
TXN104872,83.32474439302322,11.087022266032946,3,14.222112150387503,0,0
TXN104873,52.042469601517986,12.66042351163227,0,0.633657761972183,0,0
TXN104874,25.582983973561202,14.630501303894592,1,8.040301014515187,0,0
TXN104875,142.55864657050302,6.41521496870275,3,5.194854096551223,0,0
TXN104876,21.340970747830184,16.254771071189055,1,2.380629274460068,0,0
TXN104877,80.0636498571441,11.60794918699276,3,3.0089574985436296,0,0
TXN104878,114.9862550679935,10.023057743443738,1,1.4514632274786914,0,0
TXN104879,63.53061390949911,17.924747817216073,1,9.582929946482606,0,0
TXN104880,110.08554584093432,15.16029481360121,1,10.966597908475649,0,0
TXN104881,7.96534939576349,10.731089897467914,2,8.54660355434792,0,0
TXN104882,199.4836074466122,9.802444910864981,1,1.6353179313088755,0,0
TXN104883,83.6141467822294,14.295175249922965,1,0.8521090797194761,0,0
TXN104884,48.57199144474008,11.585131755923735,1,19.877096287161194,0,0
TXN104885,99.3719146806902,23.0,0,13.397784074343825,0,0
TXN104886,34.62242798402566,14.024741675913814,0,5.012777283492992,0,0
TXN104887,22.52150706533041,18.376120906473066,0,9.385071467874997,0,0
TXN104888,117.16353784419354,13.981477296007204,0,11.179782528929776,0,0
TXN104889,456.9730424358896,3.536572318620751,6,104.77086344614732,1,1
TXN104890,139.63393738180957,7.912539301945384,3,2.298588153047087,0,0
TXN104891,108.66184245341806,9.422628300917719,1,6.320744767572613,0,0
TXN104892,59.504456161374925,8.569559195553097,1,1.6478171407854192,0,0
TXN104893,49.87011397283787,10.222455429990456,1,5.82973629965787,0,0
TXN104894,93.45070500529715,17.106179367764504,2,14.77586423838674,0,0
TXN104895,57.58701836449812,15.46439856435876,0,11.717661604845517,0,0
TXN104896,59.424109981174084,20.711307565551678,1,5.599279323626986,0,0
TXN104897,61.468624399362575,16.920368216887354,1,5.681635721160864,0,0
TXN104898,26.69521920782998,7.075478449836576,2,2.9789675694171707,0,0
TXN104899,81.70721183100582,4.783089036900828,2,1.7855533875268248,0,0
TXN104900,11.927723535498993,8.488340198109508,3,1.6202324347729358,0,0
TXN104901,103.70053021882944,11.377234657795466,1,7.644485810086493,0,0
TXN104902,99.6397555380951,13.62051934358297,1,0.7662170064035885,0,0
TXN104903,102.7542444021463,13.18618706158757,2,6.619380417438832,0,0
TXN104904,50.41150961595045,11.109326057780322,0,3.8497407484699835,0,0
TXN104905,51.62318535489385,20.576749115961753,2,5.488224061234074,0,0
TXN104906,11.995803737822294,17.053718430306404,1,7.65174346767958,0,0
TXN104907,36.43801431032231,8.513662300144738,1,37.565316180046885,0,0
TXN104908,65.16565888752294,17.559951659477775,0,6.902212095011705,0,0
TXN104909,26.52663272397914,13.236405557503128,1,2.7798947744273046,0,0
TXN104910,72.72645157853476,22.485949059495788,0,1.329717977735234,0,0
TXN104911,101.71123919741655,12.869427441897441,0,8.807902744817676,0,0
TXN104912,76.00574564160718,10.607264863863037,0,2.5940508381575835,1,0
TXN104913,92.19845042150062,15.996579875439618,2,3.3000478532699806,0,0
TXN104914,18.409441387521092,18.59289881042013,0,1.495929827642213,0,0
TXN104915,59.550217846855475,19.20782615790413,1,7.352105384406081,0,0
TXN104916,40.91366989589061,18.383143262491956,2,1.830252229252415,0,0
TXN104917,146.8747877653345,6.377283417374483,0,0.37170571427451,0,0
TXN104918,8.116890757051339,14.849297927610062,1,8.74356768265109,0,0
TXN104919,68.2704143029564,13.712420661420042,3,3.0867773123525337,0,0
TXN104920,77.2921678630813,14.38155395652168,4,5.496091178373883,0,0
TXN104921,31.46397013040856,17.049852909344548,0,2.755280064540627,0,0
TXN104922,49.841675584263314,13.399221501905892,0,2.0362930290406625,0,0
TXN104923,57.91050750557038,18.58423165160071,0,7.30912852871135,0,0
TXN104924,39.805421782537536,8.915421915602714,2,11.489428887194524,0,0
TXN104925,17.590480397539878,16.169008472692138,1,7.540745793507373,0,0
TXN104926,68.1477262934206,12.590688586653604,1,6.220988276329006,0,0
TXN104927,57.80436014102776,7.003822828229479,3,13.326037530867767,0,0
TXN104928,37.957182765691044,18.13648701585533,1,3.486874402014246,0,0
TXN104929,251.85374651400667,7.9848233126034565,0,10.021712582275528,0,0
TXN104930,116.80271873982818,13.396982508498976,1,13.995432793687288,0,0
TXN104931,29.536140558329844,18.099794796259896,0,22.940658595833263,0,0
TXN104932,18.205672422581593,13.605875539648496,0,3.261805692565062,0,0
TXN104933,81.2161039664832,7.376236342713815,1,10.245340814939421,0,0
TXN104934,27.76023647960426,23.0,1,16.152529456497685,0,0
TXN104935,63.23487085660193,17.81980547403676,2,16.494696405173322,0,0
TXN104936,62.60050044693984,17.8156331892783,0,5.939136143888918,0,0
TXN104937,68.33479968144673,16.88135671331443,1,8.048341000000356,0,0
TXN104938,49.72110515277891,15.367216900398702,1,4.265103575531445,0,0
TXN104939,211.03634386745713,13.22385993644429,0,9.96709816749644,0,0
TXN104940,51.39806580867628,17.7070596390317,2,2.392836517597336,0,0
TXN104941,23.419854388964673,15.620717464171546,2,7.889916438219124,0,0
TXN104942,49.46726868502894,11.501997902363296,0,3.397637674085945,0,0
TXN104943,25.870774853043272,20.14077050565575,1,5.161061630107233,0,0
TXN104944,40.02653360392185,14.61895590141957,0,10.067431627558147,0,0
TXN104945,33.74845896368919,12.189792567090615,0,3.301804209237302,0,0
TXN104946,95.09816114046538,18.002844194539556,1,1.1305535787968388,0,0
TXN104947,194.8830654754832,16.26204448661789,1,4.522474236993818,0,0
TXN104948,42.318116154684134,15.903778389015566,4,17.3177754999493,0,0
TXN104949,41.85501291504626,13.37976249918098,0,0.027949375981769574,0,0
TXN104950,53.82590760147544,18.67617985915512,0,9.412700113519932,1,0
TXN104951,64.266983117466,18.51074168499654,4,3.8251529280916556,0,0
TXN104952,39.079927425619665,12.392013348462735,2,8.24808777738836,0,0
TXN104953,50.09197600630512,16.03752940990418,1,8.433789472477596,0,0
TXN104954,71.16749001761389,15.949022276827842,1,3.3790944417845297,0,0
TXN104955,52.445625359356356,17.319525089975944,2,4.448643019396737,0,0
TXN104956,167.00257169072114,9.514578330397779,0,11.756238685480628,0,0
TXN104957,35.368065605716595,20.554312512269917,1,4.600314800621313,0,0
TXN104958,39.19952337364532,11.622889559855356,0,5.595234433177327,0,0
TXN104959,111.08904999951193,14.724019044668795,1,14.776337309446493,0,0
TXN104960,48.0394436708199,21.96403425400932,1,8.314711955641236,0,0
TXN104961,69.9482978693951,14.760286481976495,1,15.168074163065121,0,0
TXN104962,94.66202493727918,10.318374766920112,2,3.224116206276863,0,0
TXN104963,76.79863352074831,22.111230967889906,0,4.253736723483971,0,0
TXN104964,287.75393990327706,11.976212094498335,1,5.441949014767106,0,0
TXN104965,61.70179199328756,20.76483711268866,2,4.529266717557434,0,0
TXN104966,152.5142040745478,19.13173523411442,2,2.3815043762527974,0,0
TXN104967,85.32244584435576,17.255735471652095,5,5.233779015509905,0,0
TXN104968,76.23377737031133,13.243222320630972,0,3.596827643203681,0,0
TXN104969,122.48397351119779,15.312896837335042,1,4.261367281820598,0,0
TXN104970,96.83316221478537,11.426021752440553,2,6.461595905802184,0,0
TXN104971,124.21956310384752,13.445010609993087,0,6.013567403998723,0,0
TXN104972,97.62340143405508,16.469551098231896,1,32.08550128910299,0,0
TXN104973,54.179664917527205,14.233232149859546,0,15.474172241238612,0,0
TXN104974,82.79393340160692,12.103165290469535,3,4.732776783157878,0,0
TXN104975,130.76519776525765,14.399840479292106,1,4.053888020903415,0,0
TXN104976,611.0898853750301,2.0725189109884763,7,817.3217955643297,0,1
TXN104977,174.2841185707112,12.2341997662671,1,9.941775307351916,0,0
TXN104978,4.352068314140989,16.216138319205342,0,3.308532144663092,1,0
TXN104979,60.00371186179664,14.471312541113138,0,2.879205990922703,0,0
TXN104980,8.300708191405562,9.928265647950212,1,3.360981033162585,0,0
TXN104981,91.76365485392529,10.352853049289898,1,1.6855850104351953,0,0
TXN104982,98.46452601709734,15.677022766500512,2,4.891230227878286,0,0
TXN104983,89.6781160791991,13.868658719235167,1,0.6267590861070635,0,0
TXN104984,32.32907332296414,19.924489822233888,1,17.50198910672356,0,0
TXN104985,83.11811790583619,15.527552785900777,0,11.940380015553313,0,0
TXN104986,81.53980560045882,10.555240586342691,2,4.649701071262855,0,0
TXN104987,29.36773106642689,9.96798999370193,0,5.85743948426588,0,0
TXN104988,20.220621504812808,19.218494479421,1,9.51432354044632,1,0
TXN104989,106.5180783650624,21.74796262675311,1,2.932183144870037,0,0
TXN104990,24.044914924803678,10.79263714872531,2,1.3504937616355401,0,0
TXN104991,100.19792088189536,14.656026242192723,3,0.1456737895188764,0,0
TXN104992,5.400987531391639,16.410651618391718,2,9.485780335465915,0,0
TXN104993,143.4071182435437,5.722677536372628,11,531.2528401668735,0,1
TXN104994,63.18767621809133,9.904829215033207,3,9.87729742280981,0,0
TXN104995,38.43124587267583,12.38826445014664,2,10.540312446510926,0,0
TXN104996,53.57579417983431,16.078556727786935,1,0.8135234647227496,0,0
TXN104997,85.0436864527081,17.21531238065447,0,7.2191239726960985,0,0
TXN104998,62.541623317453045,14.174701661672692,1,4.592174214982746,0,0
TXN104999,200.16003303719248,12.280478710140628,0,15.537553201484997,0,0
TXN105000,25.235692904395105,17.926370295190743,0,8.166419210480662,0,0
TXN105001,77.73080220414252,17.18089218738039,1,11.463972892013514,0,0
TXN105002,80.01994304150742,6.6931338156523665,2,2.1084925490610646,1,0
TXN105003,71.79943589644412,22.87474869858667,1,2.0697776666265906,0,0
TXN105004,104.99790063607622,20.20488894554752,1,3.743114696538341,0,0
TXN105005,24.143852902552048,15.641909206314242,3,2.2379994960383254,0,0
TXN105006,70.1869622976965,10.381429140609889,2,0.9059303664643182,0,0
TXN105007,91.74229658821997,15.591409892026988,1,5.924103168281494,0,0
TXN105008,92.46087894114581,7.717904963227317,3,2.8015389229350918,0,0
TXN105009,99.94764138252519,15.108928069234718,1,16.258203011973748,0,0
TXN105010,112.35250909850136,7.470702800213998,1,9.253980832800778,0,0
TXN105011,79.08364447119014,15.02393961052138,1,1.1992588684417689,0,0
TXN105012,182.65418134847306,17.000630985046694,1,3.1303555869104143,0,0
TXN105013,12.010142325140459,14.572532950498076,1,8.336169797107285,0,0
TXN105014,49.73688991933035,22.43734185322583,2,16.277050485563194,0,0
TXN105015,45.66851800734866,14.887457353508719,0,4.1437981679614175,0,0
TXN105016,61.50450415548409,14.378792588198385,1,7.866653884235163,0,0
TXN105017,91.51516183941925,14.469845197809468,0,25.891360665556217,1,0
TXN105018,90.27818426993352,18.590931168582628,1,4.11008314483614,0,0
TXN105019,9.66870556888811,13.980707117802416,1,2.5478077673830217,0,0
TXN105020,67.58753064192577,15.997658133005967,0,1.1565550720264837,0,0
TXN105021,57.359571531959865,20.616670754850993,0,0.37525767806698396,0,0
TXN105022,45.13584722632394,11.147271909463852,1,2.9871447878663178,0,0
TXN105023,59.40244828136314,15.367171853318945,2,2.8428255954068247,0,0
TXN105024,32.88168928935379,9.466631587560439,2,3.2365559034954954,0,0
TXN105025,49.19444651110683,13.27804084530939,2,2.520882597462208,0,0
TXN105026,177.6092934376416,13.575863632600063,1,5.619526450221672,0,0
TXN105027,2.73916558947625,10.174738573057402,0,10.519634084844613,0,0
TXN105028,196.3899401155997,14.730400638514649,1,6.719961797890168,0,0
TXN105029,26.65994766415546,17.40143556805685,2,15.286725065884717,0,0
TXN105030,66.74312229162814,11.511353589088678,0,0.3371862104395116,0,0
TXN105031,23.41406375424823,12.423742156199456,0,10.207582561222544,0,0
TXN105032,110.2066585711056,16.06626819901335,0,1.4537919682246312,0,0
TXN105033,225.94316072946145,16.834246339349335,0,2.0440471137545497,0,0
TXN105034,201.26757608765968,16.51626718076609,1,10.322444211563088,0,0
TXN105035,36.49749822425918,11.658136186330594,1,3.9507884015164296,0,0
TXN105036,24.31470994686022,10.553311897052389,0,1.9959405152434175,0,0
TXN105037,109.8160583659215,14.801097600287944,1,7.456846995058413,0,0
TXN105038,10.805995296562793,17.256101179044403,2,2.602065507075013,0,0
TXN105039,56.73434058618221,19.36902290410653,5,20.876315605214582,0,0
TXN105040,23.27699336012232,14.775127388321522,2,2.2284214124198805,0,0
TXN105041,133.53261932804068,4.674813079116648,1,4.350125947560046,0,0
TXN105042,42.270867767835924,20.790244988321955,0,1.3039481537924167,0,0
TXN105043,49.12511681621134,11.66210506647734,1,22.622381046521646,0,0
TXN105044,72.68309621054604,13.776262032760766,0,10.331538778610312,0,0
TXN105045,122.96106815898312,15.75393612992846,0,4.244500602817607,0,0
TXN105046,221.12038183842657,13.571174014762766,2,11.43057337762247,0,0
TXN105047,577.9762549589491,3.3525020126038885,3,443.2157409909937,0,1
TXN105048,75.15797998894834,6.974992888359443,0,6.878691569674018,0,0
TXN105049,14.857725715153588,21.03583248252829,1,14.94327398989558,0,0
TXN105050,63.89934326565124,18.46002682915188,0,15.769276777849608,0,0
TXN105051,120.46788084260373,10.033501820952125,2,4.60303588985341,0,0
TXN105052,24.928603457424153,8.228919068553122,1,14.76610839014963,0,0
TXN105053,163.51974247383896,14.646789566395112,1,10.121148463980024,0,0
TXN105054,276.0015431059824,10.350914408764064,2,2.8285133437324723,0,0
TXN105055,31.323111868029805,13.954651981140413,1,3.4767734802804364,0,0
TXN105056,9.215236196273063,11.352130393111333,1,8.226461725750095,0,0
TXN105057,140.3374371152668,18.94751942725521,2,19.20970063440195,0,0
TXN105058,67.65211009636513,17.074128352764596,1,4.849507757960801,0,0
TXN105059,97.18057248493352,12.821695910872936,0,2.9909413479378033,0,0
TXN105060,153.83496660924467,13.523664649595231,0,6.414735890389169,0,0
TXN105061,279.83974346684187,19.752292747042215,5,13.98381610167593,0,0
TXN105062,52.34580922951565,11.091155340956528,0,3.157457382372286,0,0
TXN105063,186.1765184781262,19.806668170096327,3,1.750947329629455,0,0
TXN105064,68.00630809114769,9.48093409177463,2,8.043598492716779,0,0
TXN105065,37.96122070953152,16.516040990523937,1,8.391493532094414,0,0
TXN105066,58.42349967048303,16.760223044110266,0,25.638103377277588,0,0
TXN105067,215.5796271532128,9.135236891225738,2,4.035407575454278,0,0
TXN105068,29.12686126347896,12.265660002642907,0,4.762541193197452,1,0
TXN105069,48.39417523416454,19.92981024900822,2,18.609319724669028,0,0
TXN105070,81.1856512665802,14.717416349757016,1,4.879198131595228,0,0
TXN105071,30.839366697721708,17.1679733805211,0,30.56586987338305,0,0
TXN105072,33.23255974687095,21.699061126873744,1,0.6814424079358405,0,0
TXN105073,108.6685946190498,11.745191129623104,1,11.865029848063218,0,0
TXN105074,87.62934497541957,17.385684479779076,1,1.2183038851289312,0,0
TXN105075,170.98071758152085,13.273457385093637,2,4.144969609903498,0,0
TXN105076,201.9052904369941,12.094165776275617,1,0.6663550513872176,0,0
TXN105077,23.249932750098488,13.679272115668493,2,6.613811703075911,0,0
TXN105078,254.76192434864424,12.159260910526411,2,3.8030144580058867,0,0
TXN105079,74.80512311529273,11.365787889274902,3,1.4427165189856899,0,0
TXN105080,80.30638706690337,15.970909120867848,0,4.238873466080528,1,0
TXN105081,70.03789686374913,14.728608171627542,3,4.802418066688566,0,0
TXN105082,68.64729471996911,6.0722683055738615,2,7.357151672256012,0,0
TXN105083,83.72160545633669,10.743203570994424,0,13.996320690153388,0,0
TXN105084,67.08774369993455,14.202339707565699,0,23.357838994048883,0,0
TXN105085,222.29765743178152,11.521143983023439,0,0.4132378196165314,0,0
TXN105086,17.36794700590447,15.599263545582758,0,2.985855130305805,0,0
TXN105087,134.3644081172917,14.269950780366987,1,2.3272196668098513,0,0
TXN105088,64.16887608431715,15.88885545133354,1,2.5370714448491376,0,0
TXN105089,68.23297558904986,13.581737690008074,0,1.322313607016988,0,0
TXN105090,77.80624942503364,14.753458767472573,1,14.413466237688615,0,0
TXN105091,43.891864933309094,18.736867013489135,1,3.7761252104984067,0,0
TXN105092,27.87269759743551,12.242707273303651,0,10.900569747207097,0,0
TXN105093,146.3405640142258,16.116457850886338,1,5.392400564625336,0,0
TXN105094,25.38956855488765,12.80239042932342,0,8.10740686215382,0,0
TXN105095,634.1148209998202,2.5103244289500553,8,899.8644499533739,0,1
TXN105096,64.3313360420037,20.019713271251856,3,24.222253881047486,0,0
TXN105097,100.40194158021053,18.25167752557336,2,8.349997939445029,0,0
TXN105098,53.140539176362836,17.43386283649194,0,5.157926371131845,0,0
TXN105099,31.601127998960127,14.404835550730159,2,13.8167825195856,0,0
TXN105100,207.43771434471267,12.001276165595806,1,11.699022793639205,0,0
TXN105101,45.76835072623014,12.214190100400874,0,19.477713426653064,0,0
TXN105102,109.82294943130613,15.28396009301068,3,2.955430263121806,1,0
TXN105103,82.08890624066203,10.066363840893024,1,2.574092368754524,0,0
TXN105104,114.47335796333483,8.736548494550144,1,7.069571804406736,0,0
TXN105105,167.41750235123573,15.055746628993925,3,10.778468764951958,0,0
TXN105106,24.23555031210862,14.029504046339623,1,6.079356558620529,0,0
TXN105107,16.04364997354704,23.0,0,21.67468788400734,0,0
TXN105108,126.9046646218006,13.494966117245113,3,7.452825207314674,0,0
TXN105109,39.16240347538342,11.456669092014755,0,2.9062329235390685,0,0
TXN105110,173.01222629079913,16.080438382499306,1,1.599024066148331,0,0
TXN105111,55.40876511685363,18.663152357241334,1,5.6235291428157,0,0
TXN105112,109.51976807590768,13.691833347114354,0,10.498535572371683,1,0
TXN105113,106.12803498101215,10.89935690598262,0,4.306640044314714,0,0
TXN105114,233.759783281755,17.036774034154565,0,1.0284181663237986,0,0
TXN105115,65.08712410250625,13.841378881873522,2,3.907810460880719,0,0
TXN105116,127.35638555517133,19.27909418786189,1,8.772530438561855,0,0
TXN105117,45.714322802010216,11.95913878655479,0,2.5860976129267543,0,0
TXN105118,59.00208851702165,12.685212770782352,0,1.863365293169519,0,0
TXN105119,219.13364994947898,8.410605964554485,1,1.326454235902392,0,0
TXN105120,89.22629396126962,9.459143465758231,1,10.461431350446164,0,0
TXN105121,12.670264252400198,16.479025348790508,1,3.9623626499754754,0,0
TXN105122,35.29446583028408,15.622526619708912,3,1.2070203237577701,0,0
TXN105123,6.763528043252386,21.237642593741324,2,11.203987379444103,0,0
TXN105124,33.02084463021811,12.782838903683098,0,2.1528575962828214,0,0
TXN105125,20.480341058805248,19.16224274342354,0,5.577662175798793,0,0
TXN105126,47.36236632806927,16.987033677153455,0,0.5459243207805151,0,0
TXN105127,128.9420175746097,15.772209761605572,2,15.227546454093076,0,0
TXN105128,72.4388669013389,15.254500029456661,1,4.453094637005998,0,0
TXN105129,3.2393018514920096,4.482180142328383,1,17.607709406530297,1,0
TXN105130,60.45005713157836,14.84576832414092,2,2.966846668726123,0,0
TXN105131,65.06138198089091,16.180847133512017,0,8.795806389327115,0,0
TXN105132,116.74211892851999,10.390315074904265,2,4.331679096592364,0,0
TXN105133,22.792529449928217,22.345986333892988,1,19.59545275456647,0,0
TXN105134,115.98970281425767,17.496961051317175,1,1.4111645388095302,1,0
TXN105135,14.64506619089228,10.494311078157939,1,13.828929568910233,0,0
TXN105136,116.37866799592979,6.991584217481142,0,10.498646046192839,0,0
TXN105137,76.32008027258266,11.770607200672918,1,6.984739550578052,0,0
TXN105138,25.323161038097727,17.515110899849912,1,5.7357262690563795,0,0
TXN105139,92.8875042906151,14.248604367073465,0,25.212169230717766,0,0
TXN105140,72.15315421946949,11.45761278451834,0,13.75816726890818,1,0
TXN105141,64.8108718313418,23.0,0,1.3629855810118063,1,0
TXN105142,134.43508125862084,13.544940726812229,4,5.601908453030676,0,0
TXN105143,9.031236106302073,4.804947532883629,1,5.0641432983433186,0,0
TXN105144,83.20482816614471,16.74350666701456,1,3.794551265752169,0,0
TXN105145,97.72233619401146,15.889357965027923,3,14.802781219349132,1,0
TXN105146,80.05368392062971,11.039720259934096,0,3.2305521137462905,0,0
TXN105147,19.96993458034301,16.71943747997186,1,13.072225528632993,0,0
TXN105148,76.19066969783749,10.411863777437945,1,8.333573098606786,0,0
TXN105149,87.65992401564675,12.572263348626102,2,6.247936965761244,0,0
TXN105150,96.20209371112946,10.45310635894122,1,3.904067859666314,0,0
TXN105151,9.647894089331734,14.34110035986419,1,5.6564158180689015,0,0
TXN105152,11.336002059657444,16.890283289025415,4,4.120523385543915,0,0
TXN105153,33.72167203825293,13.9547121181198,0,26.341814252772032,0,0
TXN105154,76.43772996699515,11.805420115163713,0,8.53619708148793,0,0
TXN105155,4.00631591036297,21.133063440343946,0,8.787933865482685,0,0
TXN105156,36.379923879317595,15.3244893897807,1,1.9264268694791862,0,0
TXN105157,95.94938358433892,11.29960787505635,0,2.953589199148483,0,0
TXN105158,130.65582364945837,6.310099256771391,2,7.594630889296463,0,0
TXN105159,62.19456278869018,7.305624087231765,2,5.960114833708729,0,0
TXN105160,179.31630418225927,11.194635516222514,0,8.185691831479991,0,0
TXN105161,28.95018732823473,11.596487772377555,2,1.9200855959177188,0,0
TXN105162,40.917553179625386,20.52529367824463,0,10.45997340344445,0,0
TXN105163,25.615782586158705,10.387722724071779,2,6.771036973315113,0,0
TXN105164,30.74483706864864,15.651014706161012,2,0.5978977851971089,0,0
TXN105165,88.5085034202062,10.584314981414112,0,8.158241220819177,0,0
TXN105166,35.84122028614988,11.638139273395769,2,0.8745056700116072,0,0
TXN105167,12.60286197462615,19.736884718524358,1,5.604235802867286,0,0
TXN105168,89.54842707760636,23.0,0,0.4501168385610557,0,0
TXN105169,310.3030284640605,16.02075789167333,2,2.1434247701174987,1,0
TXN105170,88.09964352153139,18.783808904324527,1,4.042828562303672,0,0
TXN105171,33.12573338298532,5.193570991056431,4,12.86195179913152,0,0
TXN105172,51.8248313130689,17.848181543180463,0,9.470675281669484,0,0
TXN105173,55.00157846060467,18.43535800546572,3,4.293654062963373,1,0
TXN105174,57.411614823738894,10.192664946463605,2,10.589656842724393,0,0
TXN105175,138.70212099850062,16.840649913063,2,12.615596100285414,0,0
TXN105176,158.54891875178157,8.992658795049763,2,5.308931775621372,0,0
TXN105177,104.90469799506783,14.875486154033096,2,0.47546104093042435,0,0
TXN105178,99.28404559957534,15.355833068884298,2,7.904045069650559,0,0
TXN105179,162.31800142167185,14.717166696586277,1,4.893134535793371,0,0
TXN105180,67.54435179827497,9.758846024947099,0,0.8115585176206564,0,0
TXN105181,22.625863972618163,21.04979319178364,3,2.007664042447149,0,0
TXN105182,10.77844427094111,12.081266577867469,0,11.038614017830293,1,0
TXN105183,54.147930469487015,13.680949567286476,1,12.562460795139692,0,0
TXN105184,80.77137939934246,10.796120733623157,2,0.6487263969385427,0,0
TXN105185,16.755792247995394,20.221533561602932,2,2.7519254325212827,0,0
TXN105186,27.01985504525429,14.912296484026289,0,9.601181154914576,0,0
TXN105187,897.2214698691812,9.825273515827545,3,193.40129395037496,1,1
TXN105188,70.28316357631847,18.134081742385927,1,6.300506965661824,0,0
TXN105189,27.613074178975623,16.670425370150706,3,6.202847678324912,0,0
TXN105190,47.26072534388904,11.210413297252817,0,6.067875747433237,0,0
TXN105191,24.278289184161316,13.101334281510043,1,9.042767649882768,0,0
TXN105192,142.13274988831745,10.020394256771741,1,3.43755164728788,1,0
TXN105193,46.14493062041451,11.629022715147967,1,7.337179406572462,0,0
TXN105194,145.45046207654315,13.615352234081337,1,4.798223749215823,0,0
TXN105195,54.20696841299966,17.865928615685483,2,1.4418204330027073,0,0
TXN105196,74.61508437356669,15.987778321843072,1,4.598912492236846,0,0
TXN105197,151.25267795275005,17.7064434938379,2,16.19117076924702,0,0
TXN105198,245.18613630245864,17.40461061109481,2,3.9887617107916546,0,0
TXN105199,19.276500966891017,12.818975748843888,1,7.35949363282963,0,0
TXN105200,94.60834261260614,7.851214817986343,1,16.722097287389786,0,0
TXN105201,72.8132278583401,10.798042964570573,2,1.8733271487669927,0,0
TXN105202,661.2663092182407,0.0,7,97.6676130328281,1,1
TXN105203,189.99155412892432,10.103243757079378,0,1.3376837091959541,0,0
TXN105204,29.95903873850816,15.531964101398293,1,9.39038435993421,0,0
TXN105205,139.52455504398733,15.400493170490945,0,3.5455794820991193,1,0
TXN105206,20.82012095652469,15.019459540987146,1,7.622373745610226,0,0
TXN105207,16.75326822251893,11.452210193319358,2,3.2309769797192294,0,0
TXN105208,129.97418058442216,10.822941669751993,2,4.688712727726015,0,0
TXN105209,66.8628964739062,10.36777829769114,1,5.89222756665889,0,0
TXN105210,78.93261244120556,20.453874758289096,0,18.31313485631146,0,0
TXN105211,51.9147670098437,16.806929242604365,0,4.861422458836418,0,0
TXN105212,72.2189431918992,15.3662869194007,0,0.6796312130009996,0,0
TXN105213,93.18856469786398,18.39598817117642,0,1.6905009362609555,0,0
TXN105214,252.84022614031693,16.604721387656433,0,4.558285718108631,0,0
TXN105215,135.07835203464035,1.2581525902759108,4,95.74046728757179,0,1
TXN105216,42.32342175239364,16.474174175144295,1,1.007874725753453,0,0
TXN105217,49.2151718962462,9.87806160441389,4,5.659018542149869,0,0
TXN105218,9.303249959407019,16.62842435904385,1,8.14376473586529,0,0
TXN105219,15.549667708385108,7.489736502123831,0,4.903119043219955,0,0
TXN105220,30.31503982688597,14.828806793214037,1,10.460548296266285,0,0
TXN105221,131.993211868838,14.132582880693514,0,4.171711494085398,0,0
TXN105222,64.42120465055051,12.000508730551436,5,8.528418629979987,0,0
TXN105223,68.13643854417408,12.914736395355481,3,19.735496642628565,0,0
TXN105224,27.463712031492026,13.195962699505923,1,10.28752227947602,0,0
TXN105225,5.270361909119037,18.072295366252128,2,5.440175943854775,0,0
TXN105226,24.15140107168222,7.630344508617806,2,11.463469073065431,0,0
TXN105227,54.1970052262139,23.0,2,3.8176484326294178,0,0
TXN105228,75.3737926011524,14.148117430760612,2,5.377949525078533,0,0
TXN105229,9.254047258740606,12.35812342492964,0,0.9846602203685237,0,0
TXN105230,28.209165561822687,20.517132142487196,1,14.981692521364522,0,0
TXN105231,74.50704159868948,16.27264852767814,1,7.696286174900359,0,0
TXN105232,28.167207045485448,7.479327163671927,2,11.723433265216594,0,0
TXN105233,15.942263409169374,16.89100423079053,1,9.324433972447142,0,0
TXN105234,4.65026141480378,16.865494344611147,1,15.823502556019209,0,0
TXN105235,123.73806436003153,20.406181937542158,1,1.803238101119093,0,0
TXN105236,28.3434686163005,16.97038239208667,1,13.915894641898273,0,0
TXN105237,49.291894597734355,15.385873547102682,1,2.5659942629502295,0,0
TXN105238,132.9373103563361,13.533239760253371,1,2.782560606798523,0,0
TXN105239,122.95136074400646,17.177442342687556,0,2.3425230393020096,0,0
TXN105240,25.959148134384282,15.595755735092602,1,10.093880756555393,0,0
TXN105241,187.62060467063395,21.771994071961185,3,5.398152591040253,0,0
TXN105242,164.4767417356596,12.747976748574434,0,9.953977411907344,0,0
TXN105243,37.81381989799842,16.697398558266375,2,28.59904433301688,0,0
TXN105244,171.27420069939777,16.74418342090302,3,6.736444947030092,0,0
TXN105245,40.6710289991074,11.1016816391781,0,21.97677052848807,0,0
TXN105246,90.01601777453912,14.21703845319933,1,10.093043057952332,0,0
TXN105247,77.21348656489492,15.27678236168625,2,6.5663598876019496,0,0
TXN105248,258.82776315935536,14.490012932415269,3,3.252976664944853,0,0
TXN105249,19.70858103090619,13.391595919402135,2,11.722094037808038,0,0
TXN105250,299.47990132092525,5.803231933530785,3,4.587550537887024,0,0
TXN105251,79.33743431486687,11.487786947220728,0,10.238658179606999,0,0
TXN105252,32.51690078436924,12.015672010220605,1,2.2604707495210543,0,0
TXN105253,92.29556519721733,16.16464905951402,0,2.601832025243823,0,0
TXN105254,111.9719708863116,16.16564444335168,2,4.937630533149967,0,0
TXN105255,78.7783768953819,19.489345083818733,0,2.640210203294649,0,0
TXN105256,63.670465383778996,12.893177758590976,2,0.9981883254884418,0,0
TXN105257,96.61132011417664,9.47362853551311,1,7.177136113761492,0,0
TXN105258,58.77909112499283,20.193636931839503,1,11.163404826454604,0,0
TXN105259,116.2964004415964,11.546586954240519,1,0.16322341396198714,0,0
TXN105260,65.65656389019716,10.200107243937877,0,14.439810586065127,0,0
TXN105261,15.89825476478798,16.597324449118126,2,7.21440221088295,1,0
TXN105262,158.59443514407977,16.363199289934574,3,9.835351112702067,0,0
TXN105263,135.78314132526552,10.794472783826272,1,8.792713583845915,0,0
TXN105264,32.38075482601205,11.29737995176068,0,3.1383288600337034,0,0
TXN105265,29.29968611761715,16.200697285536645,2,24.21091517454657,0,0
TXN105266,33.88046266880389,9.716560296723957,2,4.7824008244744,0,0
TXN105267,49.40955178245555,19.01951243971751,1,3.134516249997935,1,0
TXN105268,23.993249415502795,15.862605436333416,2,5.850551774796958,0,0
TXN105269,143.19353163953178,18.97812872265787,0,2.7926146414010358,0,0
TXN105270,63.981038932835794,11.72188964906114,3,4.923435619820211,0,0
TXN105271,26.186346631577237,10.827887402673007,0,12.790051755374165,0,0
TXN105272,241.18080838727826,8.734548574491491,0,4.061988390188414,0,0
TXN105273,211.87943718132306,13.527382047022767,0,3.8258320082995856,0,0
TXN105274,104.44478686540234,6.00108341061723,1,1.1734526208320664,0,0
TXN105275,93.34302814720434,18.256458463678342,1,8.002884686452834,0,0
TXN105276,27.616021380992226,12.919177918349913,0,3.588080841934081,0,0
TXN105277,122.98922532180814,9.573962174796945,0,7.9083969641323755,0,0
TXN105278,137.18220106894785,10.627340589085668,3,6.570090977007986,0,0
TXN105279,1232.59781620431,1.0732196210470555,10,142.1371501683951,1,1
TXN105280,54.63238805180036,18.0738944801562,1,9.621834191140469,0,0
TXN105281,67.14348872947012,16.285219813744945,2,9.786360613441902,0,0
TXN105282,93.20567512808455,21.062945913965216,0,2.7137526607460387,0,0
TXN105283,265.2178653767198,18.284423395598445,1,7.753994683875003,0,0
TXN105284,77.58409772982053,17.652679549229035,1,9.511452364953762,0,0
TXN105285,104.93998951557566,8.705730936812603,0,16.953370653536155,0,0
TXN105286,15.692918655719641,11.333909356484682,3,7.340941814786132,0,0
TXN105287,62.682865375631884,15.519186780542423,1,4.665216301119426,0,0
TXN105288,105.84416326102257,18.48794318652161,2,12.937507049972934,0,0
TXN105289,61.158792042225265,6.9427777344958725,2,9.206017073585171,0,0
TXN105290,38.33263149379826,10.43306374460186,0,9.743485688289141,0,0
TXN105291,33.91585692920951,17.924242517893752,1,3.0002800117153168,0,0
TXN105292,60.47144121072722,16.857342989642415,2,7.66241761458466,0,0
TXN105293,203.970659670745,13.01071008719657,2,6.878816914584914,0,0
TXN105294,121.4221470152174,15.607463948471885,2,5.542916437958064,0,0
TXN105295,36.19076833213853,13.865772238503379,2,3.115031693014811,0,0
TXN105296,56.75098900427837,22.45145415067091,3,2.4994022588594413,0,0
TXN105297,103.44720537146286,19.874501318679393,1,1.740783421686726,0,0
TXN105298,85.09418014351448,13.70055534457346,2,6.295009915650718,0,0
TXN105299,80.84073851091675,16.07589518331043,4,17.22805011911578,0,0
TXN105300,24.903672840523242,16.989937179163242,0,13.809613297720322,0,0
TXN105301,69.27518370349985,10.498091079773136,0,1.4816433791035346,0,0
TXN105302,70.16246059846125,10.236822070809733,3,11.927269236300182,0,0
TXN105303,53.85952174317267,17.3926950021772,0,0.6706846792506077,0,0
TXN105304,50.345212345229314,13.706050908109265,6,11.017878508519058,0,0
TXN105305,37.14429146369636,18.015367801645972,0,5.711668736055351,0,0
TXN105306,56.91431469902679,11.395187070185754,0,2.1652096894769226,0,0
TXN105307,115.79005830741082,9.8380894625708,2,27.863144902709575,0,0
TXN105308,33.378271333065754,3.311608463005074,1,5.9439419245387235,0,0
TXN105309,99.92519329272824,13.277755386534809,1,8.502200734616604,0,0
TXN105310,166.1224501364845,20.164572709446027,1,7.119551244049024,0,0
TXN105311,36.57380919512476,6.056746683011824,0,9.036723095878045,0,0
TXN105312,91.99148666365343,11.17097757905733,1,6.812064587804275,0,0
TXN105313,94.66854429654524,17.94294038177101,1,2.5277922434907296,0,0
TXN105314,53.922777320509596,9.283138011115309,1,10.043842650423052,0,0
TXN105315,177.83380232657123,13.546706836871694,2,3.1867974457702553,0,0
TXN105316,169.850758916607,14.842267303895538,2,1.8874188512903558,1,0
TXN105317,52.10279767688632,17.856471914825818,2,1.3727393609634218,0,0
TXN105318,93.7284032895272,11.36989443463763,0,9.162614037783959,0,0
TXN105319,70.96612324633415,17.948390965536188,2,3.3653771293398718,0,0
TXN105320,126.54849564254371,10.642234421852088,2,0.3270782026284378,0,0
TXN105321,67.8083053884046,8.907027105411814,0,8.166041785907339,0,0
TXN105322,38.341804985355445,13.49838223506188,1,3.659914077142994,0,0
TXN105323,15.362152079064192,20.72640850951843,2,2.046295159640282,0,0
TXN105324,27.642759028720253,16.440513503427628,0,8.550246113711715,0,0
TXN105325,31.094763079758486,5.966705353010516,1,5.464243846445143,0,0
TXN105326,75.53951545304513,13.760375351599706,0,6.650969964224496,0,0
TXN105327,45.002751655733,21.87555127020086,1,11.711725825518442,0,0
TXN105328,113.1690933314105,9.833964469552544,3,0.5508636473432508,0,0
TXN105329,223.42982430619492,15.076823194092748,1,17.251444020978724,0,0
TXN105330,54.48117801353969,14.357860276924097,5,21.541190509631534,0,0
TXN105331,167.42279391475432,15.0108921757703,2,3.178786724490389,0,0
TXN105332,12.07270489392428,15.113700281401485,0,1.4202587878300943,0,0
TXN105333,121.621548360059,10.254811333689863,2,8.201048033442891,0,0
TXN105334,34.40532218392463,14.33457840889051,1,9.121216849269691,0,0
TXN105335,50.09546080773663,21.712001278928483,0,6.977029985194571,0,0
TXN105336,16.58865664461822,11.856132458009457,0,11.602582532180385,0,0
TXN105337,40.845636550520624,12.810183227933269,0,1.4862710103315737,0,0
TXN105338,38.01216371132453,16.108723243087894,1,8.521918144936883,0,0
TXN105339,88.74567534584384,10.932121122639337,2,12.216021084182527,0,0
TXN105340,5.351954592185893,19.322865786479625,2,7.302226635496611,0,0
TXN105341,214.92622053622964,14.617435193473653,0,27.823125226404063,0,0
TXN105342,49.518126273421345,20.69477905026345,0,2.686941099687876,0,0
TXN105343,69.70163294862594,15.762190745377257,2,1.6864782866864565,0,0
TXN105344,100.38700724142869,7.288841617795279,0,4.210217704702323,0,0
TXN105345,56.804404537259465,12.737744054944587,0,4.054409834694292,0,0
TXN105346,46.75574122176321,16.936463678977066,2,3.4349246534388147,0,0
TXN105347,120.1558024645624,16.681671811087732,1,9.326667055762703,1,0
TXN105348,148.97945011026928,10.767224850660961,1,4.7276112439545965,0,0
TXN105349,67.77299660599374,12.701022627819603,1,11.233876753515384,0,0
TXN105350,53.0457067349699,13.367945053910656,0,7.659095378894242,0,0
TXN105351,79.71148859739083,17.018426487836322,0,7.797375655003821,0,0
TXN105352,122.18774318804381,12.788569309919096,1,3.140217124076568,0,0
TXN105353,50.0384070409983,7.150428960438085,0,15.742180026967906,0,0
TXN105354,1028.427380402032,5.916906222778948,6,254.34570758056597,1,1
TXN105355,12.725818715298491,15.010520170013182,4,2.4063794859264815,0,0
TXN105356,10.56680371670409,17.684927709755478,2,0.9101847338219755,1,0
TXN105357,65.60139011973129,14.0265928060706,0,3.624492314825109,1,0
TXN105358,45.26813433087206,14.99066791395578,2,8.689740133919951,0,0
TXN105359,84.03750908639992,15.441994593198796,1,1.7173492756984738,0,0
TXN105360,62.05040781155134,13.762959710721594,2,6.776202692936364,0,0
TXN105361,162.6708216868695,14.7632850874597,1,15.8408830940375,0,0
TXN105362,33.95255095349059,17.77284226178892,3,7.968115777172854,0,0
TXN105363,109.68420747009793,8.12232450191338,4,7.358043130652407,0,0
TXN105364,41.18853207491612,16.65035904655123,0,0.3308351075100533,0,0
TXN105365,175.84982550638,10.57158622211711,2,5.009071328280732,0,0
TXN105366,65.20023947296907,9.51515002528929,0,8.317688369045378,0,0
TXN105367,127.01150010591577,13.02460718807038,3,1.0662139906860586,1,0
TXN105368,94.89779048474426,10.303182661787531,1,2.4712359672191004,0,0
TXN105369,169.33016454417898,15.917955172896178,2,10.965549777515353,0,0
TXN105370,88.46584655380616,10.004943889155467,0,8.055258342327505,0,0
TXN105371,93.50612949358006,11.133667081021324,1,2.1360438127912746,0,0
TXN105372,95.12062567984171,11.193582096186224,0,3.95738544624902,0,0
TXN105373,26.0575674060529,17.858496256860107,0,2.874359410512963,0,0
TXN105374,94.70138512997048,19.164561539472594,0,2.7635511776107147,0,0
TXN105375,96.2786105841048,15.313708101591477,0,0.9154218008227631,1,0
TXN105376,107.56842231582395,13.37409159497206,1,6.483888976596881,0,0
TXN105377,85.15954773636562,16.204820846293646,0,4.588826180288093,0,0
TXN105378,166.91225287338224,14.753855040834914,3,1.6354500783999673,1,0
TXN105379,991.2907886067744,4.39745417029969,5,324.5738266331765,0,1
TXN105380,86.86152664818425,21.091812216597955,2,23.37016673983916,0,0
TXN105381,34.21399053917139,13.463075737946484,0,3.807496765555145,0,0
TXN105382,467.77308847368755,3.6243384562358547,4,158.68196631792094,1,1
TXN105383,26.478239449367194,15.208797555468411,1,2.3930273545817826,0,0
TXN105384,47.08708915363693,9.919114566148,0,3.6297210575818717,0,0
TXN105385,81.70704082125258,14.43424517394406,1,1.3811641727531099,0,0
TXN105386,31.923451057790146,17.90773181421808,1,2.5147972144079795,0,0
TXN105387,153.12397447101253,9.922302806329874,0,1.9427163207312361,0,0
TXN105388,135.2077287532844,16.68307897122943,1,4.336386140972694,1,0
TXN105389,129.28708508181097,12.84137773689726,3,7.023416874031023,0,0
TXN105390,16.538079534067208,20.848363707577093,1,19.746330152467447,0,0
TXN105391,61.83682933355709,14.930629624192415,1,9.34630420476192,0,0
TXN105392,56.22412967743389,19.210102365000726,0,1.4780041756235036,0,0
TXN105393,101.63485145407878,13.021462800403189,0,0.7329236427911952,0,0
TXN105394,118.83506913562044,10.405840134148331,2,4.393013773784965,0,0
TXN105395,92.22453666963585,13.158798420852225,0,3.296508960541082,0,0
TXN105396,55.57499300142225,12.073825975977627,2,3.726763392707597,0,0
TXN105397,56.88415873651544,14.975249996266498,0,3.405885980135709,0,0
TXN105398,124.99278388488902,9.02235249636271,0,5.9334969697184325,0,0
TXN105399,34.09987145173042,17.624491354185196,1,22.656458284117008,1,0
TXN105400,19.03381095788538,16.626042067876142,1,4.521998677091971,0,0
TXN105401,95.77492413653192,7.934442838038524,1,3.032403341011765,0,0
TXN105402,13.409006534478994,18.32567161172279,2,1.9911969887613505,0,0
TXN105403,48.0895367565342,10.268127989518174,1,6.236736824085045,0,0
TXN105404,73.4886232122855,10.385063393937921,1,6.201060729997109,0,0
TXN105405,76.35369154383417,17.421214333283146,4,0.6761060236429756,0,0
TXN105406,47.01924640136297,20.08470951391623,2,1.4332301304188764,0,0
TXN105407,110.99517210814524,5.145701507618849,1,15.195973172159958,0,0
TXN105408,32.05148539618759,14.427792096870483,1,8.444071559037976,0,0
TXN105409,97.91934454736054,12.546878765802195,1,14.629732692580113,0,0
TXN105410,59.041157986904444,19.321286875305518,3,11.18747922216942,0,0
TXN105411,183.17333845236445,15.341935545139908,0,5.589815031886534,0,0
TXN105412,77.92244763449476,9.05887189528752,1,6.427060239613907,0,0
TXN105413,114.88208520734433,10.680609917922656,3,14.68395190629714,0,0
TXN105414,7.941269981426257,11.22769581020942,1,8.059446837648478,0,0
TXN105415,51.38181678639303,11.676174706175374,1,1.9152385584593192,0,0
TXN105416,62.073862563034325,10.453864701368659,2,5.3966595860456135,0,0
TXN105417,68.7671861688969,13.104029018830268,1,7.944217063554291,1,0
TXN105418,112.85370385062778,17.95942972751778,1,0.5567428652435674,0,0
TXN105419,139.36122176199126,14.644043768603295,2,17.337477618115123,0,0
TXN105420,16.273158034174543,21.615626118139566,2,0.08243458236753028,0,0
TXN105421,99.28556367801305,7.719677556245129,1,5.254062353988064,0,0
TXN105422,69.10357030144526,9.177518332959881,1,16.943586575741143,0,0
TXN105423,14.126900426117633,17.700993896270003,2,2.234895474411317,0,0
TXN105424,46.681167114557255,12.675176974659086,2,1.4541311863712947,0,0
TXN105425,59.78596585210862,8.889470579326236,2,3.8283374363109077,0,0
TXN105426,86.38978360046241,20.2053613948568,0,2.4427084268712496,0,0
TXN105427,52.07040443918979,16.75251527966103,2,8.7984630169065,0,0
TXN105428,33.58073170981592,6.140962648089779,0,0.10660169380700144,0,0
TXN105429,167.99761192928028,8.956106733550973,0,16.256393581774603,0,0
TXN105430,31.0777146149549,14.463970733249685,4,13.269365492201288,0,0
TXN105431,68.28742324824235,17.29579698876287,1,13.561332130045754,0,0
TXN105432,82.63035050347773,18.36627606763235,3,19.80979344420428,0,0
TXN105433,80.70030145846515,16.603025432060015,2,4.890166644218111,0,0
TXN105434,57.74398889464866,15.52295760858504,0,1.3231207518126071,1,0
TXN105435,123.16376048143093,17.852867464384786,0,4.408423287702908,0,0
TXN105436,32.98968717440214,18.284034164994594,1,0.4778185822888554,0,0
TXN105437,56.746251241406,10.56245216586375,1,5.73939514382953,0,0
TXN105438,92.07856675624639,18.098586962849026,3,0.7368525803426271,0,0
TXN105439,44.5289912976598,16.491001060250365,1,12.186140825287932,0,0
TXN105440,33.388723465373914,12.081142414715499,0,4.406069448444367,0,0
TXN105441,84.1150551199261,9.670630572773243,2,1.653932438017029,0,0
TXN105442,16.10805634962397,5.493514742492668,3,9.664154832700184,0,0
TXN105443,36.66044029157789,1.5568423343012388,1,11.308247109966455,0,0
TXN105444,99.14835520367829,11.410337399530007,1,0.6069209146371667,0,0
TXN105445,152.8357616403445,13.953913537953616,2,2.4903721063643394,0,0
TXN105446,154.94963224825796,12.93650501311393,3,8.552025624560027,0,0
TXN105447,15.30642315814918,12.719469237418808,2,7.60611761118835,0,0
TXN105448,31.674939373112366,9.322850408301239,3,0.9017583963148637,0,0
TXN105449,114.60507889450062,2.2665022534018173,7,71.4015160851613,1,1
TXN105450,64.67651013171681,15.726508003517004,0,1.4802730137244704,0,0
TXN105451,14.149812081822466,17.242646401182377,0,22.87529413506054,0,0
TXN105452,158.508437366589,14.884478121030753,0,8.495648616611133,0,0
TXN105453,40.050794595641534,11.888357929567725,2,8.32635226166442,0,0
TXN105454,10.511434916654137,21.13208308286233,1,2.0192465025779898,0,0
TXN105455,31.187790004686548,11.420843603396467,2,4.753906858382914,0,0
TXN105456,62.95093039828981,8.375875211343054,2,0.5863412114675466,0,0
TXN105457,46.333542553209966,15.996303669828524,5,0.37484987288323457,0,0
TXN105458,65.3689885033191,12.319489780390724,2,2.7611656910825806,0,0
TXN105459,92.98473679737869,13.943377446580767,3,29.845399768579483,0,0
TXN105460,174.8459123062531,13.010307377625965,1,3.444573194749924,0,0
TXN105461,51.963496469967524,15.463333170657258,1,4.042576375335391,0,0
TXN105462,349.65520420520534,6.835882414406284,2,335.0581113028128,0,1
TXN105463,230.6473742308351,20.377946295243582,1,5.861972180240783,0,0
TXN105464,128.5364249396873,3.0900339122877156,0,10.381434751739176,0,0
TXN105465,159.73435780510033,15.708222172980992,0,6.993825733343879,0,0
TXN105466,43.77856459625231,16.84617471569511,0,3.7210762401649378,0,0
TXN105467,67.88811365120304,11.318837175885317,2,11.452528559624469,0,0
TXN105468,63.46021239587809,16.009765940826895,3,3.629118728963338,0,0
TXN105469,99.00283821302523,11.73536631021878,3,1.504105477944374,0,0
TXN105470,187.2391734304151,6.269916774107743,1,18.469494958345905,0,0
TXN105471,43.05288331025849,12.075476117251116,0,3.128017063925697,0,0
TXN105472,40.64099027848032,10.44775471201843,2,3.4765718193076243,0,0
TXN105473,136.2013249004565,12.225267747226816,0,2.288104930842045,0,0
TXN105474,33.789992187742655,21.479553891385443,0,1.119145974384797,0,0
TXN105475,59.30246884590009,9.216298744699731,1,20.576023995787956,0,0
TXN105476,82.631170308521,13.88426294845947,1,1.6144765075896084,0,0
TXN105477,171.2532714670155,8.789377523451318,0,0.3836666468219466,0,0
TXN105478,31.225721382047546,15.496890495760992,2,13.267249747186138,0,0
TXN105479,107.9741350853712,8.845838043470396,1,12.51777452916276,0,0
TXN105480,49.98919486893064,13.240937353550388,1,10.146273682043274,0,0
TXN105481,87.09355385863007,9.566254140512754,1,4.8341172405115715,0,0
TXN105482,55.085086981005375,17.886532038972316,0,6.2925370131676575,0,0
TXN105483,56.12478088318668,5.587949908481738,2,24.564533303670842,0,0
TXN105484,53.03396447859345,17.499640241102796,1,0.4191569832966632,0,0
TXN105485,27.504807796112797,11.02805085516403,0,3.5265150789115958,0,0
TXN105486,87.38501065454184,7.551738404125877,1,6.6314664475719045,0,0
TXN105487,159.27629941584962,15.040544636492687,3,4.194739397305666,0,0
TXN105488,75.97694889753016,16.91417589369109,2,6.381248519824988,1,0
TXN105489,1033.932251032531,7.603357670740728,3,399.72687655567603,0,1
TXN105490,147.33355004245988,10.288626137833447,2,2.5613832447757012,0,0
TXN105491,60.175050726865095,16.16667660428052,0,11.665437021232473,0,0
TXN105492,141.6143293741913,12.143432588834346,0,6.098335420405309,0,0
TXN105493,18.194247477035496,19.350714644043006,0,6.771472720096986,0,0
TXN105494,53.71682805433808,4.929104900502445,3,14.334917682802137,0,0
TXN105495,63.68553144355975,9.893671690407514,1,1.926625838253354,0,0
TXN105496,118.20253359417946,13.36984306112283,3,1.9948775706258552,0,0
TXN105497,41.804872823004956,13.51540743482135,0,15.390474201140877,0,0
TXN105498,1011.4845830228758,2.1859429249107367,6,319.97957384772866,1,1
TXN105499,109.45407687369166,17.82908866111905,0,17.052420911658057,0,0
TXN105500,40.27218668163347,17.479636674264864,0,0.8390858783952182,1,0
TXN105501,76.82360451376219,17.299964333390626,1,14.135581084138833,0,0
TXN105502,118.8476523676323,13.7556328814202,0,5.745844224996377,1,0
TXN105503,59.02297965693458,13.38487328907463,1,2.6584354519616165,0,0
TXN105504,21.270445940331232,6.6949384324229,1,1.8589259832061211,0,0
TXN105505,52.68857725223832,15.2321517655986,1,1.9928279445409502,0,0
TXN105506,166.7617222302005,7.222595527154865,4,5.1257109092006985,0,0
TXN105507,46.74952980146307,5.036700843855712,0,11.584890928194266,0,0
TXN105508,15.355442195176304,7.683276338729001,1,3.0770371888813335,0,0
TXN105509,35.99011336968873,19.535246995422437,1,4.932038739096745,0,0
TXN105510,56.583557652158554,13.736464458180842,0,2.208273431631154,0,0
TXN105511,54.865104422011655,10.300705296080782,3,10.345599552570004,0,0
TXN105512,303.33342067644503,11.939943251011877,2,4.036166114934727,0,0
TXN105513,98.57074340539661,12.843633157851395,2,8.801229331881252,0,0
TXN105514,31.59952145976009,14.18148643584295,2,9.476325937500082,0,0
TXN105515,77.86973820591676,16.426931461533886,2,9.148517643182295,0,0
TXN105516,22.15378678533778,17.369604931918534,1,4.429206737457874,0,0
TXN105517,1132.769559101006,1.937105881467085,3,167.69802003788973,1,1
TXN105518,208.88763702331056,7.858774791355173,3,1.1489675267197188,0,0
TXN105519,41.63537503391577,11.920911381790965,2,1.3304893967930846,0,0
TXN105520,171.97674612447446,12.698950682826787,1,14.885202211858486,0,0
TXN105521,24.685379672083027,17.015763895725573,1,13.554168190008788,0,0
TXN105522,86.64579902291604,11.743420738788762,2,8.101559926795067,0,0
TXN105523,44.56768508150415,14.712199734854748,0,1.8026491239156293,0,0
TXN105524,177.0510385997414,14.758582086652892,0,2.18718980364344,0,0
TXN105525,74.83875426890232,10.474881454506725,1,11.875129153748185,1,0
TXN105526,13.986291243776778,9.163673196095798,2,3.202653952212371,0,0
TXN105527,33.446873276796815,14.843944028874358,2,20.124609283336795,0,0
TXN105528,133.4022741602795,13.796833288017588,1,5.561287191157987,0,0
TXN105529,33.49382911486165,19.012348802194655,0,24.708381996719435,0,0
TXN105530,58.49423981826418,11.376829458250938,4,9.572187495178405,0,0
TXN105531,126.3612591611753,18.200972182637237,1,23.198526558495086,1,0
TXN105532,53.67067256993642,17.777995038308084,1,13.476587146990145,0,0
TXN105533,51.76776454543416,17.97073934308212,0,4.469014429284791,0,0
TXN105534,48.31529035761518,5.1185306196852824,1,6.998359208857209,0,0
TXN105535,63.60855708063252,17.45702965873765,1,13.298030293485414,0,0
TXN105536,54.178743697725054,14.407015506105466,1,1.680887306929474,0,0
TXN105537,52.833667051815624,11.051312148250156,2,11.114735300775063,0,0
TXN105538,88.32973185263131,15.233961698273681,1,1.0428970283464871,0,0
TXN105539,34.90065504059069,13.7357978197414,0,2.018798933134001,1,0
TXN105540,183.63370482147846,7.064715476081699,1,9.14739720539928,0,0
TXN105541,37.72775041443624,14.649819493115714,3,0.13293629308619032,0,0
TXN105542,77.77513229412884,13.45065582813422,3,19.660113376127214,0,0
TXN105543,58.639687049338214,18.31579677782185,0,15.258915250545467,0,0
TXN105544,45.546684069507,8.118970125850748,2,1.1412815819547057,0,0
TXN105545,20.054272856359397,16.34633646390338,1,13.741983677294085,0,0
TXN105546,25.983859323983708,15.494999368275709,0,0.556245896784958,0,0
TXN105547,124.57220924679085,18.93369327348109,0,11.543852837520838,0,0
TXN105548,28.77525421360407,16.215060111730583,2,8.907395859001305,0,0
TXN105549,82.12324486038594,16.367174639966585,0,9.356772646522128,0,0
TXN105550,18.73989559452823,12.680090140798605,1,3.707107302264483,0,0
TXN105551,77.09086944555148,18.764983788785166,0,21.834737987510255,0,0
TXN105552,69.62690858380672,13.467079340760968,1,0.49781079411973633,1,0
TXN105553,35.91640907474793,14.114932129785672,0,3.642321125432151,0,0
TXN105554,215.32041549956628,18.5101173714868,0,2.585921547137856,0,0
TXN105555,43.150870107948876,9.032411870896652,1,5.889570590171499,0,0
TXN105556,11.605114155012098,8.615828830250155,0,8.535351588198347,0,0
TXN105557,174.3000015006201,6.726754734999574,2,7.381430433951212,0,0
TXN105558,65.80099618486739,20.4967198092817,0,7.041107051483787,0,0
TXN105559,25.52422411420505,14.866466197771565,0,5.0568922132742085,0,0
TXN105560,96.4122285151293,13.374404241600192,1,3.0422646037308265,0,0
TXN105561,42.241889770956284,18.75875014283372,1,8.334420874833576,0,0
TXN105562,53.9834887033782,9.596583193840003,4,2.5853223496346924,0,0
TXN105563,26.56365510770137,15.040070992613803,2,18.27295710111559,0,0
TXN105564,15.990716925006856,17.883275847955833,1,6.378397039936875,0,0
TXN105565,43.20627920863064,14.96337804397326,4,16.037318670649196,0,0
TXN105566,53.0113569999385,7.659096502803341,0,1.5123899492820159,0,0
TXN105567,22.621670068715154,13.7166260572678,0,0.7990811297599,0,0
TXN105568,39.67291086761209,23.0,1,0.6564462588912019,0,0
TXN105569,137.8381008218186,9.13888901680195,0,5.542171576137439,0,0
TXN105570,131.19968634252837,12.399005891419428,3,3.7359224279498098,0,0
TXN105571,87.4616212226041,11.193595677599683,2,12.98069760708666,0,0
TXN105572,80.46359459595604,19.477254609083758,0,10.223252254723983,0,0
TXN105573,189.58319115260733,20.860382706160706,0,0.3105981578658901,0,0
TXN105574,37.059318333008434,12.623458545518961,0,8.636732404931633,0,0
TXN105575,62.50511353085713,18.81396490209418,1,0.2182931733988019,0,0
TXN105576,97.5645337793958,18.283288860335045,0,8.420478173585474,0,0
TXN105577,53.270242560328214,21.429139621753958,1,10.96623891948803,0,0
TXN105578,76.09883063649167,13.39533052406948,1,13.763168937890992,0,0
TXN105579,66.19679675486387,16.32243803101179,2,1.0012953943615577,0,0
TXN105580,98.09410968464348,3.802492918397478,1,0.4583230706331829,0,0
TXN105581,93.53677624228271,16.97085363096796,2,4.566315477403928,0,0
TXN105582,1401.4846473705095,0.0,6,203.81134593534074,0,1
TXN105583,96.2038456602676,11.939167001072557,3,22.896628089062144,0,0
TXN105584,35.572874740911764,15.160430815073191,0,13.032284020196268,0,0
TXN105585,68.86750912454424,8.917782521356877,2,7.044112645519908,0,0
TXN105586,65.47406600946401,15.844722662219034,0,0.1882992853202285,0,0
TXN105587,186.50013732294474,13.850198917659265,0,0.938622148763083,0,0
TXN105588,35.33284942949383,10.86978046734178,1,5.442864330853597,0,0
TXN105589,93.60521758489418,11.114252031213159,2,4.766561022233217,0,0
TXN105590,74.80238811037316,20.711821639694897,1,4.587400373204157,0,0
TXN105591,258.4311665166665,15.721565065364782,2,10.078965483066238,0,0
TXN105592,56.55691730730005,18.358035456115484,2,17.101309052220344,0,0
TXN105593,58.582718136231065,6.824205279981252,1,10.722245833648403,1,0
TXN105594,161.27218727753873,5.11841245422352,0,0.4657697928629906,0,0
TXN105595,277.63179199951526,17.302990088624167,4,0.6337614022272489,0,0
TXN105596,59.61289635848765,9.985543228600623,2,8.230747358583056,0,0
TXN105597,46.29215299225081,11.035622841633737,3,6.62525651158321,0,0
TXN105598,78.7412376159804,13.240601974024804,1,10.995556511191733,0,0
TXN105599,122.11651354510374,11.390447255507437,2,7.361274706069677,0,0
TXN105600,33.577392845116115,0.4579493529972236,1,21.642906729343988,0,0
TXN105601,75.01942192270582,13.963428939706064,0,1.2779132406933267,0,0
TXN105602,19.694292689893853,13.868564755984574,0,8.919558873772619,0,0
TXN105603,116.46214252515556,12.211982716335912,2,4.732768288453893,0,0
TXN105604,102.23593708778417,14.900866460278182,1,22.03730915896173,0,0
TXN105605,53.508499376531375,16.572935859501534,0,6.325720362013873,0,0
TXN105606,57.699260581157304,11.885638168678582,0,16.051659763944212,0,0
TXN105607,174.3770006617871,17.341072318519736,0,5.621994822375064,0,0
TXN105608,106.01024319926198,5.55003983944874,0,11.44786119704742,0,0
TXN105609,98.2838860018761,13.727040379457073,3,3.089444696351019,0,0
TXN105610,70.88821467829567,9.121156088363797,1,4.435385510675459,0,0
TXN105611,43.75895973538522,20.64024293150524,2,6.908874905922874,0,0
TXN105612,248.60217820785113,11.099285866001075,0,0.5233965649483182,0,0
TXN105613,17.930055212389856,12.747233231837379,0,7.667301134458807,0,0
TXN105614,16.210365381070456,16.44884974180871,1,3.6913921206969547,0,0
TXN105615,52.653841938177436,17.248749791593212,1,0.5517375392447239,0,0
TXN105616,58.27623724177012,9.978566439205235,2,12.121645450025058,1,0
TXN105617,24.176060530504365,2.187618285020843,1,5.534414276079368,0,0
TXN105618,87.29359388393377,23.0,2,5.267130844510527,0,0
TXN105619,108.265235284004,12.932081275462776,1,24.245438050516405,0,0
TXN105620,322.73469659068127,6.245226944660825,1,12.10170412402647,0,0
TXN105621,140.32149637636473,15.116978916660093,1,4.084407770369224,0,0
TXN105622,40.65037353433405,12.90652925168272,1,9.838289522904072,0,0
TXN105623,46.54946009575187,12.585589134970228,0,8.356201642440816,1,0
TXN105624,19.20658557794997,15.3521454219627,3,10.540068449213067,0,0
TXN105625,66.08530796130596,14.807077677327118,1,2.050403828363683,0,0
TXN105626,27.35686701684422,15.177947523226408,2,4.80277985153026,0,0
TXN105627,134.89828013855333,15.716501108868338,1,9.480496008894116,0,0
TXN105628,41.640553363535524,13.465122082396839,0,2.84972455161083,0,0
TXN105629,115.20025625586479,21.374295337954628,0,9.106330430683641,0,0
TXN105630,96.71136049187076,19.893187582216818,2,0.2536785537147377,0,0
TXN105631,17.924508007465555,13.287859589677584,2,3.1868033995459744,0,0
TXN105632,27.220849490538185,17.494642038797647,2,9.006702869995767,0,0
TXN105633,79.23307767264563,12.822746502653489,2,6.723284160031417,0,0
TXN105634,175.3895251807489,15.265766499516923,0,10.00271670817561,0,0
TXN105635,98.10101160153047,14.893025675573385,1,2.50516256774734,1,0
TXN105636,61.51749256063375,11.997977359184164,1,4.878428062557113,0,0
TXN105637,18.346249406232886,11.126128609857362,2,13.242890283974688,0,0
TXN105638,27.373961255152782,16.590095819435334,2,15.32131632384677,0,0
TXN105639,102.69154650224138,16.736465061561468,0,3.939115221108029,0,0
TXN105640,77.27363538519256,17.010867115088544,0,5.422660370861475,0,0
TXN105641,17.24468310352548,16.481080369010346,2,4.733042623074294,0,0
TXN105642,107.6115276897945,13.863368741773494,1,4.118531701394427,0,0
TXN105643,96.31053114232111,10.08391292120284,0,1.9555623717313724,0,0
TXN105644,80.32172160526734,14.085720427782453,1,10.11510300203697,0,0
TXN105645,86.45922175762774,17.681989907097833,1,3.3405674250625026,0,0
TXN105646,23.69560875123743,12.66349723546526,0,7.948491583904245,0,0
TXN105647,79.93878880986357,11.220643203703762,2,3.0604704614694302,0,0
TXN105648,45.22753452780623,11.297412005796268,0,5.315735444034566,0,0
TXN105649,148.94885383439663,13.374660019957602,1,7.331420999099389,0,0
TXN105650,136.75252980885827,20.04735337150723,1,5.2349252480630515,0,0
TXN105651,92.9664415686331,11.842575416385568,1,1.0248312209481947,0,0
TXN105652,58.95034081511018,17.59413306645142,1,3.176556664218633,0,0
TXN105653,23.290277461477643,4.9828951124844,3,2.1163431979302074,0,0
TXN105654,87.63861992073672,13.284171029736186,1,11.324702261024246,0,0
TXN105655,218.76335889168442,18.617900990636898,2,7.041535145777469,0,0
TXN105656,114.26177216031138,5.683099233572423,9,591.5207957789032,1,1
TXN105657,31.325971441439787,11.31234253511928,1,5.947476311870725,0,0
TXN105658,102.05525510247222,12.235776536187299,0,14.907476706741686,0,0
TXN105659,115.3464706538617,19.119369241383357,2,10.059353879853848,0,0
TXN105660,114.66215756399409,12.36847914705662,3,8.925580238888992,0,0
TXN105661,106.07805116669267,5.175053935235637,4,9.55568864422579,0,0
TXN105662,76.89419521633229,15.46941259272495,1,7.624254832759025,0,0
TXN105663,20.368561451657634,14.646981731866415,0,9.2940160958212,0,0
TXN105664,92.72490182803004,13.7441906724867,0,11.3425576874222,0,0
TXN105665,141.93503052766508,12.88905975063761,0,1.4876566996600018,0,0
TXN105666,79.26101102270326,12.947465611186294,0,4.32974447255107,0,0
TXN105667,59.28976559198208,19.718198530741113,0,18.59768951168572,0,0
TXN105668,41.56542793166993,20.050188906267742,1,7.011188606124071,1,0
TXN105669,17.10416220615131,11.676892419201119,2,16.642839450985143,0,0
TXN105670,79.13517436783405,12.645781640055416,1,2.4543298209274806,0,0
TXN105671,99.40248844789771,11.605072007696059,2,3.9512263259907145,0,0
TXN105672,47.32767869465468,18.181099300662254,0,3.243505509351859,0,0
TXN105673,6.082552428785556,11.091621858420462,4,9.520207377179908,0,0
TXN105674,83.14965561140924,12.15798992976109,2,1.655506146449364,0,0
TXN105675,89.67497247388104,18.8103769230487,0,3.1316757704061176,0,0
TXN105676,180.82339592789114,13.135692887950137,1,0.9446316473054732,0,0
TXN105677,54.24210988738287,13.947490943022874,0,16.376377932414265,0,0
TXN105678,48.242410274126755,17.195321802417123,1,11.957379322248086,0,0
TXN105679,79.00684886882816,12.47791889967053,0,8.24391604695704,0,0
TXN105680,67.7673626088751,13.60636022506621,0,5.440165350614973,0,0
TXN105681,63.33382860759624,10.432456988903013,0,8.917801683335698,0,0
TXN105682,87.49217648275445,18.001323349254715,0,1.2889576107918297,0,0
TXN105683,20.104707667991107,16.918383001771712,1,4.5359118244788865,0,0
TXN105684,251.16365863469218,9.58167197767532,2,7.268080811380041,0,0
TXN105685,60.41879421666381,17.540646672438776,3,5.4780848924510215,0,0
TXN105686,53.09280373623933,13.28479408493264,1,5.718897855026807,0,0
TXN105687,42.9000767853772,12.211359628259066,1,1.7643354470976045,0,0
TXN105688,36.264102348650646,8.632385027736602,0,12.165124056869237,0,0
TXN105689,106.19055876151826,14.264513902111394,1,6.064923285243678,0,0
TXN105690,47.52560820932822,17.848608758174905,3,1.8416515752036577,0,0
TXN105691,88.32111777786601,9.38685092668361,1,6.892344094522144,0,0
TXN105692,32.826796417610936,16.519120031238018,2,9.539598389340085,0,0
TXN105693,131.58549318715052,19.0182105846081,2,3.9499566509775037,0,0
TXN105694,28.42471226240128,12.609335380816415,1,1.0425491589699696,0,0
TXN105695,7.403437294193152,12.356686125148702,2,5.362149799907499,0,0
TXN105696,19.130343178793773,19.589434455593633,2,9.911925909483697,0,0
TXN105697,72.72175177293352,13.320102859885452,0,2.032648545578295,0,0
TXN105698,77.72043082680011,9.819306820383137,1,8.608845943530321,0,0
TXN105699,51.884381155870265,16.715300063869574,1,9.145608387351363,0,0
TXN105700,43.44244391746321,10.524478186504519,3,11.468150712093607,0,0
TXN105701,14.086391234621765,19.431742008409664,1,7.995939960129914,0,0
TXN105702,13.799541345462927,8.42645515053008,1,20.98680228122162,0,0
TXN105703,73.31131008461728,10.937818584681903,0,5.760457809164055,0,0
TXN105704,6.048454944515999,18.599090360474015,0,3.0301644036461144,0,0
TXN105705,37.195475389465656,15.53153181081417,0,8.68656099684629,0,0
TXN105706,82.61585254222828,18.081708398152266,0,4.090328456437394,0,0
TXN105707,102.07331232272237,11.20882618212936,0,4.014264025635093,0,0
TXN105708,77.25477975214099,15.331657559186066,4,4.807609557733857,0,0
TXN105709,200.67573971279845,17.489448366453235,2,13.233359954899546,0,0
TXN105710,51.453512407267155,9.143852349898474,1,0.5855568827361862,0,0
TXN105711,74.8213864293339,17.019945457158524,1,15.570007216534021,0,0
TXN105712,44.424049966649434,8.591309142703128,0,4.720347952797005,0,0
TXN105713,127.2716659314066,11.130843214719057,2,4.803939607881999,0,0
TXN105714,45.5874726718436,14.98479881071518,2,25.423337322630893,0,0
TXN105715,61.01361728771846,15.908634877911858,0,14.377384192894747,0,0
TXN105716,25.12724538611539,12.209758557863342,2,9.173843053327293,0,0
TXN105717,141.36815514821882,10.951549239692238,1,3.7318793550610203,0,0
TXN105718,111.27940128522226,9.033455068931524,2,5.362987170766998,0,0
TXN105719,83.38293476772117,8.470925053134152,1,6.319751984449922,0,0
TXN105720,63.08295180497691,16.565248307811554,1,5.97087036290671,0,0
TXN105721,57.236825081136686,18.533198849652564,2,1.4020674173434586,0,0
TXN105722,31.553673768326757,17.516820441470394,1,9.495332298235402,1,0
TXN105723,4.907808493655644,5.071007478594813,0,3.3128180797478723,0,0
TXN105724,100.62600787140076,13.333245900475134,0,5.013575940217225,0,0
TXN105725,86.29637309597918,16.30725589998449,2,8.007280528383525,0,0
TXN105726,92.03627279567459,18.656638703632687,0,0.5499551570684471,0,0
TXN105727,69.7114477830928,10.699804567433942,1,11.335967316270452,0,0
TXN105728,54.24577612644059,9.101317714977974,1,13.01397482361525,0,0
TXN105729,114.36488014432774,8.7568765178338,3,3.521281857538416,0,0
TXN105730,20.76801307169169,12.275179169674468,3,11.311180578997684,0,0
TXN105731,109.10687484418416,14.479515484060867,1,11.824050011773899,0,0
TXN105732,94.88765820255914,14.053462308627319,1,8.500195672812405,0,0
TXN105733,179.2089432831153,10.190133741470364,3,13.79745964144776,0,0
TXN105734,51.84765484492995,11.473125195204151,0,2.9124401487879856,0,0
TXN105735,95.4380304776248,14.713279792684071,0,2.990289266656216,0,0
TXN105736,14.105788973152498,13.810011160552975,0,6.994133423617958,0,0
TXN105737,168.2441646578313,9.108912974387898,0,5.7865986210376,0,0
TXN105738,5.959542060353439,15.877584620919876,0,3.057219249685539,0,0
TXN105739,27.58399826045087,15.274106299567839,1,6.934274205515088,0,0
TXN105740,47.161235838350564,12.037136957174539,2,0.8443301903002208,0,0
TXN105741,92.38824578753534,18.55958286593686,1,6.315035036661659,0,0
TXN105742,89.35940584977116,15.900078613631699,1,2.462349214790235,0,0
TXN105743,109.96229755277588,15.8820584669231,1,4.728375082290485,0,0
TXN105744,184.61630594594942,11.78692306439504,1,8.717911025017282,0,0
TXN105745,100.50350632352901,21.066252777981784,3,6.823566230306359,0,0
TXN105746,1141.7008169143203,1.1912784609263682,7,417.95817060971086,1,1
TXN105747,69.0118979523339,22.988354971516248,1,2.207287209059798,0,0
TXN105748,41.86383804962184,16.21954689181754,1,16.656420813706603,0,0
TXN105749,82.23895092350466,14.074041143573059,1,0.21603316758375185,0,0
TXN105750,198.17380638611854,8.337573941752138,1,14.069155833227942,0,0
TXN105751,35.372171232385185,10.56947174096316,1,19.081235738251994,0,0
TXN105752,120.33784274016044,15.668999535329549,0,16.904671226900103,0,0
TXN105753,97.98951393742834,13.651107802468447,0,1.4524125574323938,1,0
TXN105754,28.946071788588075,16.336200737503383,0,18.32056843416737,0,0
TXN105755,145.9825222850576,16.555189944911564,1,19.207104514688066,0,0
TXN105756,36.03955901015938,18.352680191098507,1,8.694312403252043,0,0
TXN105757,7.817787445979102,8.419439476304689,0,13.729786006014027,0,0
TXN105758,75.86500071287433,14.978032535313362,2,2.6079618821332917,0,0
TXN105759,62.48243918858833,13.969141568472278,0,10.12688978589347,0,0
TXN105760,74.87656859856635,10.741630732533526,1,18.21996170008658,0,0
TXN105761,52.3297758601764,15.982804271312595,1,10.945632031413641,0,0
TXN105762,10.29665327123965,19.68523375989761,3,4.0762081707519435,0,0
TXN105763,184.2466135368633,14.14403217600027,0,2.341810599386436,0,0
TXN105764,28.808906603382788,16.861269960717394,4,0.7976351580751966,0,0
TXN105765,42.82310869875551,11.094041309197419,2,3.470116429841903,0,0
TXN105766,149.6979237360984,22.262967990000597,0,0.5029077843776014,0,0
TXN105767,36.294413643249975,17.05637326407257,2,14.44473116715703,0,0
TXN105768,89.04069298641323,12.307999459464998,2,23.188265156714877,0,0
TXN105769,58.17989752300447,18.2004586979609,1,14.604216986205039,0,0
TXN105770,50.819986701132464,11.76385777791244,1,2.100730888369579,0,0
TXN105771,53.88082047721581,15.160801215934748,4,3.7782955908046993,0,0
TXN105772,218.56024300586847,17.967838055858678,0,2.797802604903487,0,0
TXN105773,53.92950678176781,18.955583487105148,4,13.287118241593205,0,0
TXN105774,21.11301345575778,23.0,1,0.8733929948746976,0,0
TXN105775,86.51308965205996,7.443700003350562,1,11.826373205545115,0,0
TXN105776,20.92869120210835,20.79045466188557,2,2.7625384424441664,0,0
TXN105777,81.97781433323078,15.080467778686778,1,12.683616682392087,0,0
TXN105778,143.34672947238624,18.220786358549816,0,8.212292796314623,0,0
TXN105779,90.04136217939148,9.876384387204276,0,17.475051731985932,0,0
TXN105780,57.53866674962234,11.997252983130025,3,4.169317348128515,0,0
TXN105781,44.022526354280146,15.699754743186372,1,0.6495019150719684,0,0
TXN105782,66.01315370050197,11.276454283971376,1,7.998751539134599,0,0
TXN105783,56.855044605406434,12.263652098351562,0,10.629489092383784,0,0
TXN105784,41.84324269865872,9.92020941821864,3,15.277907599402788,0,0
TXN105785,185.59626787265807,19.73743942987558,0,12.756630534483476,0,0
TXN105786,129.42458487811007,9.99048437361451,0,10.097498768566552,0,0
TXN105787,50.80426807818681,13.716093061970444,0,15.80883016082211,0,0
TXN105788,73.74954040625104,19.732495766158916,0,2.998717698881909,0,0
TXN105789,9.78612747900911,12.636884189100565,1,2.9187645032055745,0,0
TXN105790,201.7097867301149,8.17297553233614,2,8.050987604080111,0,0
TXN105791,189.11891185148332,14.835235158360529,1,6.4793955408554105,0,0
TXN105792,134.6525504181053,15.061809258470053,1,15.034387948715871,0,0
TXN105793,143.44121110771906,18.190539508420585,3,15.859612205653395,0,0
TXN105794,103.71037957493485,14.964225915385837,3,8.719728099424696,0,0
TXN105795,99.58884230327521,22.000172206464104,3,2.0880658777314594,0,0
TXN105796,245.80511486533976,14.103738258262426,0,18.885831241621617,0,0
TXN105797,11.88699873026997,15.24177091388093,0,2.4465575130204122,0,0
TXN105798,24.098054018243992,16.33752733639977,0,17.860626579208315,0,0
TXN105799,57.11222436883788,18.42572967270103,0,6.951226715462643,0,0
TXN105800,316.65404579138675,12.38215309080312,0,6.398002988045029,0,0
TXN105801,65.09163109221697,16.855803306280492,0,7.033587206880964,0,0
TXN105802,120.28128645784503,17.34278359224376,2,6.15674078111954,0,0
TXN105803,28.94244719101396,6.806268842969261,1,7.139332364963835,0,0
TXN105804,73.86937418783748,15.844276110222221,0,11.567515252408773,1,0
TXN105805,84.44420694482076,11.364930749476777,3,0.5641406190081648,0,0
TXN105806,48.983135866142305,10.151753209721363,1,7.987037138541387,0,0
TXN105807,63.5426132645142,15.5635857274728,1,2.7503089140753065,0,0
TXN105808,605.7881945049553,2.4800375977550417,7,439.93749186072256,0,1
TXN105809,71.71756314136164,11.919917650736624,0,6.708396883355475,0,0
TXN105810,199.646747622892,14.339804901182482,3,12.815866143934969,0,0
TXN105811,148.72447783828005,16.457731842403117,0,10.000838322865256,0,0
TXN105812,86.27332040386742,10.510018480176877,0,3.58338767730562,0,0
TXN105813,69.72091684774922,7.108939117349255,1,14.69263751589498,0,0
TXN105814,8.879930016403076,16.979617198492694,2,5.800320221977984,0,0
TXN105815,34.51612834299433,11.612275724795476,1,5.685938533501936,0,0
TXN105816,83.17293525215811,7.890425751467924,2,5.616388151585422,0,0
TXN105817,110.82532178112908,14.208956739465505,2,6.303177088083832,0,0
TXN105818,219.72476684894306,9.253949052320973,1,2.4964528573091678,0,0
TXN105819,54.32908405879467,12.548268503544067,1,16.104178222223982,0,0
TXN105820,71.4495678676696,13.12335079000137,0,4.049264079256332,1,0
TXN105821,79.47563391803173,13.08193400529842,1,6.322471789649102,0,0
TXN105822,411.84606272676575,6.860671444265595,1,18.584576228269796,0,0
TXN105823,110.7135397993093,20.397747618054023,5,2.8023863324496907,0,0
TXN105824,126.30774477780508,14.010755044316541,2,2.430084011605111,0,0
TXN105825,20.043323654320922,13.15497173359618,0,4.472960923323683,0,0
TXN105826,77.93875268419023,17.965312873733843,2,7.777483625535679,0,0
TXN105827,122.71734206433037,13.209125206672095,2,10.380098035029961,0,0
TXN105828,28.850049803481497,11.783241811752529,1,3.297025779820358,0,0
TXN105829,45.28383503331666,8.553680825159896,1,3.0677634299605465,1,0
TXN105830,75.39225553653152,11.50213082264156,1,4.087250391338145,0,0
TXN105831,40.9536070433394,19.420467562023397,2,4.572263965368354,0,0
TXN105832,23.63344070670947,15.956821144090624,4,3.415904237788237,0,0
TXN105833,106.94147104907717,13.614629555236245,1,23.69776095028635,0,0
TXN105834,43.53174335896024,7.733004037425461,0,2.5146662506780375,0,0
TXN105835,62.31229345563491,18.486277743627195,2,1.0298669159795124,0,0
TXN105836,197.3776852093843,16.104016331643855,0,12.493219473916582,0,0
TXN105837,69.40191346164161,17.132468858134146,1,13.136611089461642,0,0
TXN105838,110.5461503903919,6.534869400174398,0,8.959461493621184,0,0
TXN105839,89.88195929322606,7.275452130889202,0,5.730995946254999,0,0
TXN105840,94.57933699103887,21.246628746143806,0,7.821221475909374,0,0
TXN105841,41.92526976151033,13.395666890646616,0,20.45404328539185,0,0
TXN105842,23.808152437199894,18.201981613341385,0,1.2204801838052841,0,0
TXN105843,96.24725729452564,14.79266935863994,0,19.574858343361516,0,0
TXN105844,47.806241733883994,10.379515231545525,0,1.887092692148315,0,0
TXN105845,63.358031492063816,9.42125406206387,4,18.201926780292528,0,0
TXN105846,213.55007093465673,10.995062722107882,1,18.016235276895603,0,0
TXN105847,64.68713279476893,10.084189349200344,3,5.503601973972049,0,0
TXN105848,19.855365664211128,15.993566738974188,0,2.0187570892444686,0,0
TXN105849,63.31559974316615,16.695459065487704,0,2.481995956453747,0,0
TXN105850,75.2357513881654,13.038747522537188,1,5.461913240943362,0,0
TXN105851,201.7419475144679,11.001497466952198,3,3.670501286512486,0,0
TXN105852,51.13392334293907,15.846129937031511,2,6.2013192487733795,0,0
TXN105853,39.86363952459453,1.247414688247284,1,11.847408230715555,0,0
TXN105854,103.07944600415755,17.520699432892602,1,3.849830405606336,0,0
TXN105855,61.82062882878033,12.666218547943362,1,8.444874753648913,0,0
TXN105856,55.28213065382999,14.540070573864154,1,9.423183208830634,0,0
TXN105857,37.85398860019231,13.910191886011273,0,9.276834669835583,1,0
TXN105858,17.748703626237127,19.6719454769765,1,1.0946714979040033,0,0
TXN105859,40.33688750917727,4.3549063065675195,5,2.783808796895001,0,0
TXN105860,221.6638957840601,15.181873437087395,2,3.1997183439671733,0,0
TXN105861,60.505830506085616,16.280008604894938,2,4.600871811101506,0,0
TXN105862,12.892116749128732,16.733632110667127,2,1.0555433940519314,0,0
TXN105863,82.01794159024172,8.485808500064874,2,10.664670302602616,0,0
TXN105864,112.00522538010998,14.317924707193468,3,0.5013971609844021,0,0
TXN105865,118.89168982252718,13.324448238874087,0,4.813985493003808,0,0
TXN105866,103.44693645812627,11.192295521805358,1,15.382710570644889,0,0
TXN105867,50.286717921027375,13.84269659927344,1,6.09230667501455,0,0
TXN105868,95.87503793778785,13.158402464374404,0,15.439972364550803,0,0
TXN105869,18.644968963575113,14.219265953636718,2,12.535733154287716,0,0
TXN105870,94.85383111786179,14.88648863151073,1,12.562669458765578,0,0
TXN105871,71.20698035913651,15.752999968295375,0,1.0297973674055854,0,0
TXN105872,45.245993259703454,15.748938175460689,0,12.520679723727259,0,0
TXN105873,59.31017900848274,14.277194670595541,0,7.939531432258137,0,0
TXN105874,23.421035460560397,16.390324101724552,1,8.60864733869169,0,0
TXN105875,75.80679738230883,13.152999719052236,2,0.3280412518517139,0,0
TXN105876,41.6082587454978,12.414715520372784,3,5.734507542906867,0,0
TXN105877,45.915272402996365,14.993647693267556,2,3.945685435482926,0,0
TXN105878,43.9620765889462,13.714113633430832,5,6.226778355066896,0,0
TXN105879,165.47838402908707,12.703836247866807,1,7.170683963819952,0,0
TXN105880,120.73366178264278,13.013003579631226,0,0.012896352685334784,0,0
TXN105881,45.15924315051357,11.12495355204495,0,3.4776883173318285,0,0
TXN105882,57.534815191968335,17.87819725573967,1,6.488250116446305,0,0
TXN105883,104.65372289134504,17.72083682649248,1,5.87816883886571,1,0
TXN105884,36.20064051904756,15.370822984448727,1,2.1165445514199277,0,0
TXN105885,90.40530112175799,19.952467746277343,2,13.236937349540646,0,0
TXN105886,101.2010705139525,8.013730220230597,0,2.1487049456856444,0,0
TXN105887,71.56805260487972,15.305704851680158,1,3.3339835062212293,0,0
TXN105888,86.94901913977274,13.017944439362894,0,7.702988605388571,0,0
TXN105889,52.380083091407066,11.47101768528621,4,5.509870140445764,0,0
TXN105890,137.13762312117458,11.774130712288464,3,1.6546925074152652,0,0
TXN105891,76.946999966837,12.706809197604468,1,2.9493152113715375,0,0
TXN105892,145.07948564156155,21.555952854494468,0,2.531810470781728,0,0
TXN105893,48.3353271191353,16.4512327233037,2,15.888201604013734,0,0
TXN105894,86.14732787209104,12.42855113875925,0,6.492533600394515,0,0
TXN105895,107.76227047520698,18.223857707856222,1,4.484611786615516,0,0
TXN105896,83.38073232132086,14.143509498141727,1,4.748642840534194,0,0
TXN105897,18.836252876300893,17.92279691900144,2,3.9645586216526967,0,0
TXN105898,52.53863455548836,11.284176156995422,2,1.4406924330196624,0,0
TXN105899,54.39325422546393,19.85911108652347,0,5.7626388562485475,0,0
TXN105900,177.5105906418337,19.852464089475173,3,3.912443698556686,0,0
TXN105901,21.250354970056208,14.140673927443185,3,30.958610048638246,0,0
TXN105902,152.98270632736202,12.416586255245562,0,6.159661934632772,0,0
TXN105903,29.63850047937594,12.084328588671365,1,0.800764210746636,0,0
TXN105904,44.007504178846155,14.843415528559113,0,3.9176183435799885,0,0
TXN105905,63.26864496573805,8.3740790319804,1,7.903867489942474,0,0
TXN105906,138.3243790244876,15.167181846321236,1,4.611762399843358,0,0
TXN105907,144.44511381418232,14.134267004646729,4,10.893765867705538,0,0
TXN105908,44.90068036884554,15.698577581762724,0,4.425796035821325,0,0
TXN105909,239.13877178591335,16.218643613276978,1,5.767117821163699,0,0
TXN105910,47.73206120932913,14.957720282322265,2,1.9910736058006613,0,0
TXN105911,73.27804293030681,19.548361335827956,0,7.673031373784333,0,0
TXN105912,59.83245650943695,20.82117227510597,0,1.5907944304614365,0,0
TXN105913,44.79164807183723,16.88059159515503,2,5.484097322749788,0,0
TXN105914,83.73268162090334,10.962663608711958,1,8.41047536320776,0,0
TXN105915,61.518237832236935,12.689995732695245,1,3.079877945363691,0,0
TXN105916,96.57345098107888,6.309363651494539,0,8.922710311448686,0,0
TXN105917,94.98455588280316,14.563809489749616,1,9.318331515797844,0,0
TXN105918,21.997233756247155,5.073063987109647,0,8.982842220543702,0,0
TXN105919,34.890883396174715,16.096237489379373,0,9.228897021142071,0,0
TXN105920,159.49858350267584,10.831604683768846,2,9.469605463377027,0,0
TXN105921,111.06102791836925,10.859226334975581,4,12.664374621529756,0,0
TXN105922,85.06054952179045,14.314583696726597,1,10.390519628982481,0,0
TXN105923,133.53361239921105,12.584201026831215,0,2.1346675723179116,0,0
TXN105924,96.93955237392984,18.994218229806414,1,5.439161596523688,0,0
TXN105925,77.74251668324231,10.78420676182795,2,0.5684741425023546,0,0
TXN105926,201.56426371877305,21.997612191118595,3,9.581263932624372,0,0
TXN105927,70.6170262943474,8.357379593848115,1,0.6331902964011675,0,0
TXN105928,43.49486831833399,9.308274864447041,2,0.234057813253183,0,0
TXN105929,26.06081865235307,14.74681851925539,2,15.864814644820406,0,0
TXN105930,46.06616358507381,13.398379141575418,1,14.239506646084115,0,0
TXN105931,94.64217028883277,20.25104700097384,2,2.0063675692099445,0,0
TXN105932,34.179674836525116,11.013536073408025,0,10.533782677620092,0,0
TXN105933,71.91132079497693,14.131090325153242,0,3.5334296580680356,0,0
TXN105934,298.1113358943783,10.102316715481146,4,28.34592494593815,0,0
TXN105935,72.9429106604832,15.344158123920106,1,0.8731658641205424,0,0
TXN105936,766.0569699530756,5.024040009187423,6,58.747151857616906,1,1
TXN105937,117.52678696221336,9.029260226310399,1,6.823571764236849,0,0
TXN105938,47.00777270134458,11.403066568072866,1,2.2565001625790253,0,0
TXN105939,32.84723407362084,21.048805795160725,1,4.502729666272051,0,0
TXN105940,45.69310752314412,8.738110880047548,1,1.3486829896627057,1,0
TXN105941,8.383817962282297,10.734549900450567,0,1.5370862535909833,0,0
TXN105942,125.25101284558295,8.99532192776363,0,9.41007370246506,0,0
TXN105943,112.9838761213802,11.14822443373836,0,7.259109970298323,0,0
TXN105944,53.6824148584025,13.52664149302511,0,5.681685214063862,0,0
TXN105945,46.44800747762776,14.194024172017699,1,20.43974432748758,0,0
TXN105946,114.54840186326402,12.92051483837367,2,1.8205410040231726,0,0
TXN105947,16.860506739433458,12.110720738746606,1,8.515538800031608,0,0
TXN105948,28.97796913465428,16.006151166208163,3,5.732631181891309,0,0
TXN105949,87.31173447196221,11.906702458931932,0,14.196922115531239,0,0
TXN105950,84.92131540175242,12.4999594436635,0,4.625135708589595,0,0
TXN105951,137.9652691378955,14.221267304098019,1,5.85724330693222,0,0
TXN105952,145.6554621768246,13.645147877151862,1,4.874132731968452,0,0
TXN105953,124.89252790351186,10.685577886097798,1,0.15853419748496872,0,0
TXN105954,34.71721456486604,12.50606793921731,2,6.990442168017585,1,0
TXN105955,103.64355420350185,17.417945607320014,0,20.36834786117154,0,0
TXN105956,19.627630084698687,19.740320072002813,2,4.306462036598321,0,0
TXN105957,1590.9090091385135,0.9322405289226108,6,321.62794472064513,1,1
TXN105958,146.73295636274366,9.757132347483498,1,8.436962123998919,0,0
TXN105959,79.70012620799824,16.324332436094863,0,3.8952320630130517,0,0
TXN105960,70.61412631402028,7.095905712939237,1,8.600226773357225,0,0
TXN105961,148.3255335527917,7.641236894157559,1,11.81377483402656,0,0
TXN105962,38.89963917377094,12.870592044420569,1,5.168718927506354,0,0
TXN105963,104.94462880413813,23.0,1,5.184624277496041,0,0
TXN105964,111.0551859895957,16.22002297992935,2,15.944677536248946,0,0
TXN105965,87.13729388878981,14.545610653779928,0,3.2315843652413827,1,0
TXN105966,41.757054922452014,14.96852011480135,0,9.997038128633456,0,0
TXN105967,114.93138706605414,2.2258796882677725,2,16.168738199097092,0,0
TXN105968,41.09350073475739,23.0,1,3.7846893863630693,0,0
TXN105969,13.364741590582863,14.287260902040055,0,9.759161301021033,0,0
TXN105970,100.89547370158583,12.742692525869055,1,14.156951606506595,0,0
TXN105971,144.20368447780515,18.950280264468745,0,6.086165682548489,0,0
TXN105972,58.48139431945056,21.085701052475144,3,4.8061315001684,0,0
TXN105973,37.11094865386825,16.87799047442418,3,1.0229316300566904,0,0
TXN105974,32.07986672648316,16.339855721861557,3,5.7618895018419645,1,0
TXN105975,149.8664557896809,9.050594009977853,1,1.364024145623731,0,0
TXN105976,65.18026728648272,9.81726544948053,1,16.622090670797053,0,0
TXN105977,121.94315746560727,17.69963931343779,2,9.122856426234303,0,0
TXN105978,105.45208868711912,10.676571429338551,0,13.530439088845627,0,0
TXN105979,82.10127227510405,13.787098328507783,0,17.541105870104875,0,0
TXN105980,97.1468655920759,13.597372722736761,0,4.585702666452109,0,0
TXN105981,140.44319078826925,6.657978591431559,2,0.40454497773316056,0,0
TXN105982,88.23694014450041,10.221301960273802,0,13.164044983865006,0,0
TXN105983,949.562549669337,0.0,7,370.6001522507998,0,1
TXN105984,94.24046849150542,12.858139248140635,1,1.774635522149006,0,0
TXN105985,202.6459037995836,15.556598774120994,0,4.307856622540399,0,0
TXN105986,209.03101079408236,1.5416217127966783,4,601.9227794081094,1,1
TXN105987,77.71421819718665,19.143086817347953,3,2.177591235004581,0,0
TXN105988,111.3493067170462,11.092588527279453,2,3.3937387833801025,0,0
TXN105989,4.7367559430562265,15.232718520794712,2,0.6443338710897073,0,0
TXN105990,52.25970939165925,23.0,0,4.696109425194356,0,0
TXN105991,30.75426352532096,6.392055111064585,1,3.1794972478969767,0,0
TXN105992,83.87591042274767,23.0,1,34.11479611411552,1,0
TXN105993,41.87854223548189,6.281600400399754,0,6.804158016859598,1,0
TXN105994,164.80908765519,14.743304813001922,0,1.145086217203108,0,0
TXN105995,148.4542502102437,17.809806668431822,1,11.8443740310014,0,0
TXN105996,141.40858528502494,17.472181073085167,1,3.052819262359858,0,0
TXN105997,75.07560204131933,13.630447600796371,1,29.263820983632417,0,0
TXN105998,83.17502871503281,16.120631637966245,4,3.7906604773280805,0,0
TXN105999,52.764008997501364,14.601569572094617,5,2.5664441883761464,0,0
TXN106000,11.587874927556538,22.389616312705446,0,2.4976506033807793,0,0
TXN106001,81.13428822440623,11.600363526150385,1,12.073593990095826,0,0
TXN106002,152.66396868761873,19.21786152423861,0,15.141075289183526,0,0
TXN106003,51.755903647361315,16.492008485207304,0,1.6749287600812193,0,0
TXN106004,22.945283015981573,19.64533837483584,1,4.767102050077769,0,0
TXN106005,57.23439865518513,13.016460927318791,0,6.8979387791248525,0,0
TXN106006,52.2084821420915,17.42222611268878,2,12.32554278822942,0,0
TXN106007,107.72140485392113,16.026495288773585,0,12.254407275925285,0,0
TXN106008,167.77516373179853,14.338478859330348,0,7.9527873431829965,0,0
TXN106009,15.886418394725085,11.270996804260294,0,0.780532951208269,0,0
TXN106010,41.06987070683491,23.0,3,27.812211023274603,0,0
TXN106011,67.50179217265764,6.71450842983817,1,13.635526194440812,0,0
TXN106012,36.85140196655968,2.8631664922139084,2,2.852252299561761,0,0
TXN106013,42.535495292817096,17.574228085433287,1,1.6611813127841604,0,0
TXN106014,70.48781606220226,14.273277657823646,1,10.956097691146775,0,0
TXN106015,192.27263557233798,11.9857242744655,3,3.4652845856729018,0,0
TXN106016,30.57799857224986,12.79107580362966,1,2.1865057178555034,0,0
TXN106017,329.0310039600995,4.733120144971137,6,610.0819922003194,1,1
TXN106018,187.60238201137287,13.455994257891422,2,22.745130511168075,0,0
TXN106019,105.16619039667317,20.268069490390268,1,5.286352787143354,0,0
TXN106020,82.25436548443125,13.376598090448557,4,7.791541710661621,0,0
TXN106021,110.82141443145657,9.55580949596082,2,13.403217043827041,0,0
TXN106022,53.394578370830274,15.215931802208427,1,3.9283482149623916,1,0
TXN106023,8.606423372827003,14.95549729977938,0,5.896495723691821,0,0
TXN106024,85.42029374990938,21.001177890471887,0,3.806795274956568,0,0
TXN106025,267.37279841735347,7.4165420998352385,2,11.288545914683228,0,0
TXN106026,129.27236607809675,12.481179550340855,1,1.5847082543374724,0,0
TXN106027,39.784987182923885,21.23802325624301,0,9.097113720924296,0,0
TXN106028,60.963802794166895,19.87857483329408,1,7.985444205832857,0,0
TXN106029,58.90064925123048,9.96791793147376,3,5.776295280908891,0,0
TXN106030,104.69466469562049,14.384539894982996,2,2.9868134468247605,0,0
TXN106031,87.73036657252024,22.260536665587367,1,27.582020033471835,0,0
TXN106032,48.43968522495302,21.07832835327566,0,5.409881523245975,0,0
TXN106033,59.730918943264385,8.381928429713765,1,7.573962754376236,0,0
TXN106034,230.67803586912905,19.833756870022402,1,8.343158443938274,0,0
TXN106035,43.81719947413947,18.75547551366951,0,7.077783934814173,0,0
TXN106036,99.88468409802893,18.172481802077108,1,10.778054040530282,0,0
TXN106037,115.64151152762327,5.558972098115973,0,5.497046421581126,0,0
TXN106038,111.45395169630943,18.844058091298457,1,0.39802028303721115,0,0
TXN106039,76.80512012400553,17.210840750799935,2,2.0295554306973242,0,0
TXN106040,56.95425935595506,14.553452632115077,0,33.9383893492499,0,0
TXN106041,28.966422889945438,14.860880914161546,2,4.968741605955732,0,0
TXN106042,74.0553024091648,19.74650791785678,3,5.9630781849582934,0,0
TXN106043,96.55564467773225,0.14254644988020715,0,6.898709791703071,0,0
TXN106044,135.6019943721879,15.531821373848638,1,7.048170368637159,1,0
TXN106045,76.86124219264218,13.413813794583172,2,4.729848418361423,0,0
TXN106046,2.248468579222288,16.523334507077173,1,1.334077499126449,0,0
TXN106047,217.1236488238854,14.896727278633591,1,8.812656675060603,0,0
TXN106048,79.99187657339193,17.022318553162577,0,5.899265660921347,0,0
TXN106049,79.00732940893933,16.047253163681585,0,5.300020820586031,0,0
TXN106050,149.70628860189458,17.11407730694808,0,1.4687211476188433,0,0
TXN106051,116.59089723286152,9.911505968911055,2,3.7738784395316296,0,0
TXN106052,175.00721444839803,13.490692724010081,1,17.520381909455274,0,0
TXN106053,17.051262385144973,14.758294776651482,1,11.577064379143899,0,0
TXN106054,20.486812890243407,13.701444992108005,0,22.055726340936836,0,0
TXN106055,57.71148888010885,19.685097915993367,1,26.83921237189889,0,0
TXN106056,44.70007085321703,11.459259348926906,1,1.3151980477788152,0,0
TXN106057,44.55803992971979,14.851606654519623,1,7.342638445974613,0,0
TXN106058,28.87417826622775,16.18288798102791,1,4.742051896531042,0,0
TXN106059,47.858970219402025,19.3432675264169,0,5.858461313451732,0,0
TXN106060,99.27800339228169,20.03595289524709,5,5.4114433660869565,0,0
TXN106061,389.17833674256116,13.190599517011947,4,3.701745608363823,0,0
TXN106062,152.93590067169728,19.475117469525838,0,6.19438471940716,0,0
TXN106063,35.85277559093163,11.133356958615021,5,13.96595716374113,0,0
TXN106064,23.208051718608885,18.154356908178467,0,17.729836163442755,0,0
TXN106065,206.1112510326932,9.294733038313247,4,3.958906934201468,0,0
TXN106066,128.48984285391663,19.692010084578413,1,5.789930243671303,0,0
TXN106067,71.36554588691419,14.26427473570597,1,0.12668165137049037,0,0
TXN106068,248.63315680410463,14.38256586638937,2,2.9178111673135003,1,0
TXN106069,19.847035950812433,14.519163677558284,2,5.62893289063905,0,0
TXN106070,77.32880920472135,15.536494854950789,1,1.9949013338971096,0,0
TXN106071,71.64949024302278,9.693594006985684,1,14.504678908330762,0,0
TXN106072,1157.2745453745456,5.886492373902668,6,456.1785937326055,1,1
TXN106073,129.10355820976636,13.172907640934461,1,7.799067133996135,0,0
TXN106074,82.56720752181684,10.539501479119565,1,0.9474139558611963,0,0
TXN106075,83.85908065594906,22.706080075369044,2,44.5691280108736,0,0
TXN106076,179.98293309385213,17.326993363196294,2,17.0641938232307,0,0
TXN106077,85.65753867516767,15.576250293538923,1,21.962967680758453,0,0
TXN106078,17.133003501359376,19.409532396918667,2,5.58755589238957,0,0
TXN106079,35.830265386543985,19.92988754854635,2,7.369074979241903,0,0
TXN106080,86.77067753160549,12.49834262886198,1,5.435771384459498,0,0
TXN106081,103.76635351643317,13.96182469111115,2,34.663004538286174,0,0
TXN106082,112.33535530392666,14.226397799868705,3,5.021198400460055,0,0
TXN106083,39.19355271936705,15.317696889498723,2,10.498242112740101,0,0
TXN106084,17.038064469762137,13.049979683672305,1,1.0654238714400022,0,0
TXN106085,37.28154552909362,14.139718437826035,0,2.2335061324445284,0,0
TXN106086,11.070472728690287,9.99286692320392,2,1.783952887773147,0,0
TXN106087,96.18189311557514,16.595782283462178,2,8.873553237990652,0,0
TXN106088,12.624709120269051,23.0,1,17.774646484789724,0,0
TXN106089,67.79344460020758,11.06079502332657,0,7.302097624971316,0,0
TXN106090,28.054343306477747,8.388296261977674,1,11.57105162816899,0,0
TXN106091,176.97980798367126,14.108789417105253,1,4.195519082730283,0,0
TXN106092,94.31492588815294,17.570424209031486,1,2.899818235996836,0,0
TXN106093,1292.3855854980816,4.805714164724402,5,907.8953914161708,1,1
TXN106094,154.47859104173642,19.57773922867873,2,11.251077842184142,0,0
TXN106095,47.31125935189223,13.88443437738151,1,7.970025977118835,0,0
TXN106096,111.24741542056448,12.637461401131286,0,19.123064126200603,0,0
TXN106097,127.51890005050004,10.384063902529768,0,4.521717005167703,0,0
TXN106098,14.309368125673949,17.62739260165919,1,1.9655651265863527,0,0
TXN106099,13.34832063634953,15.828500715809211,1,8.948540128709032,0,0
TXN106100,28.219017979280032,13.191584443281693,1,0.6425325323947322,0,0
TXN106101,16.419150391227188,9.637428102962621,3,3.6068733819983736,1,0
TXN106102,187.22438744088504,20.007960745204894,4,2.129924543344693,0,0
TXN106103,124.55912344042386,16.41575372272246,1,12.468946148046676,0,0
TXN106104,31.93678746822521,3.942929319148332,2,6.337950820344166,0,0
TXN106105,69.45954907422367,16.666104962126354,0,4.294336169186325,0,0
TXN106106,43.085793710777345,11.557177548061423,3,22.49474656567496,0,0
TXN106107,49.957331345129354,16.849014865604193,4,11.43416956948618,0,0
TXN106108,8.99817787982723,11.46595071163291,1,4.058083003465994,0,0
TXN106109,46.944699936356464,10.528256666819473,1,2.0674038671745807,0,0
TXN106110,27.584330873012497,18.904088712195474,1,16.13164811884647,0,0
TXN106111,119.30470971640104,14.7652777477219,1,14.675252100072907,0,0
TXN106112,61.19120260264417,18.20757096031868,2,4.122484489915675,0,0
TXN106113,39.611982504559506,14.928874023324777,1,8.066776307299662,0,0
TXN106114,27.535414199100288,12.413402893502695,0,3.377503354085985,0,0
TXN106115,98.52016956459146,14.9266516387703,0,7.698798497359643,0,0
TXN106116,17.691848588422648,15.618070752939042,1,3.0643017254546527,0,0
TXN106117,12.846331329502211,17.142086803648414,1,2.770731832530325,0,0
TXN106118,119.59403024863846,15.484187941039117,1,3.7400358350632867,0,0
TXN106119,533.8044160590362,0.8839298740207338,12,661.0813450706058,1,1
TXN106120,93.3685183293976,6.113952336900187,2,22.193149251188103,0,0
TXN106121,96.7172895150934,9.971504541590582,3,9.315039113071457,1,0
TXN106122,122.84699911943234,23.0,1,6.715561214605687,0,0
TXN106123,133.38491494227856,7.839356358958886,0,6.687028483770191,0,0
TXN106124,45.823470334394074,10.421206232904186,2,3.0691088379835625,0,0
TXN106125,10.376075543299484,17.27719805489059,3,3.2893839651681933,0,0
TXN106126,301.9496292086302,11.139676865944008,2,9.670154388269577,0,0
TXN106127,9.191530676239903,11.415042434446606,1,0.5739664556327175,1,0
TXN106128,106.03041544177044,16.537903753069532,1,2.5757097569013725,0,0
TXN106129,106.989387374285,18.08304537123459,1,10.378779088956787,0,0
TXN106130,125.62068888850015,19.765348351507356,0,0.6431216206860725,0,0
TXN106131,90.66329365805836,14.462712591621111,0,2.7233687857190363,0,0
TXN106132,75.98569272968123,10.59607839186958,0,7.041470109207805,0,0
TXN106133,58.727032827097,14.905217755117507,2,6.8274290719452955,0,0
TXN106134,155.46405285355223,18.543124575514966,3,3.512622297963727,0,0
TXN106135,222.37214132411782,22.576810708874685,1,7.612480311552594,0,0
TXN106136,66.75567128075528,8.80073232212709,1,2.6349200346567825,0,0
TXN106137,25.231252067152635,11.170429057468617,4,3.1880424629190003,0,0
TXN106138,117.13082173883541,17.884018014936384,3,15.473847010290244,0,0
TXN106139,131.65720632340467,18.06122513049927,2,4.8393028155680256,0,0
TXN106140,20.368702097425597,15.138478829170065,1,4.4441356421909735,0,0
TXN106141,99.27130704200164,13.15943600243632,0,16.546626993756302,0,0
TXN106142,41.638768199260234,19.723843195615547,1,4.711920007663172,0,0
TXN106143,63.77717609662906,6.077547363044115,2,14.821874730938696,0,0
TXN106144,41.428586877840196,8.12527526653286,1,0.40459168366491116,0,0
TXN106145,65.93193481666745,14.836400376699913,1,3.543390026088437,1,0
TXN106146,15.091566497177421,12.372082098721126,2,10.199266514785705,0,0
TXN106147,73.12463824056732,18.483788176627847,1,1.4593957341924504,0,0
TXN106148,61.238760881614894,15.595110977460099,3,1.754948552836848,0,0
TXN106149,121.2165852401802,15.374845637167443,0,2.8286763248193108,0,0
TXN106150,129.92995148054075,15.588381428440751,1,6.5210940722969815,0,0
TXN106151,85.31381645123278,9.886713797913176,0,10.08436968000029,0,0
TXN106152,191.28900402835168,12.881547620047048,3,3.225151272033941,0,0
TXN106153,79.28444172290725,14.599154962317925,2,3.006333713303415,0,0
TXN106154,256.88037150097324,10.333222544490239,1,0.7157700128335098,0,0
TXN106155,78.14792693277055,18.231946722918025,0,5.127186223627972,0,0
TXN106156,84.22077533639909,13.93492134692081,0,1.673371956839895,0,0
TXN106157,46.27804954612222,17.163906052655467,0,25.891421149369314,0,0
TXN106158,40.40176839771056,8.88631035367333,1,7.463857195530405,0,0
TXN106159,136.84792923026697,15.840250442595705,1,11.824259058844067,0,0
TXN106160,1248.6346814635397,1.0340478738407923,7,174.88706781450537,0,1
TXN106161,135.94697823497242,12.650596183055066,1,4.829825874899848,0,0
TXN106162,28.25966803982429,19.396552447984927,3,15.494927778666803,0,0
TXN106163,46.13299743306406,15.117169351728597,0,4.773946167053717,0,0
TXN106164,322.39964263369575,15.556840968835118,1,2.5848216681861653,0,0
TXN106165,88.3572774409212,11.437738557364119,0,1.7378244230815079,0,0
TXN106166,52.13010004504486,8.716117376364437,1,15.109927342030796,0,0
TXN106167,8.200397770492042,9.319384244317858,2,4.733043333354176,0,0
TXN106168,13.037815682712651,14.429586297545457,1,4.192191509098878,0,0
TXN106169,74.82667630947337,12.255577469238425,1,9.07387465587875,0,0
TXN106170,20.67964024615683,17.782774436239958,2,4.800031835714871,0,0
TXN106171,74.51566818927805,19.51375496102758,3,7.212607821427504,0,0
TXN106172,111.47861932484707,15.808591540731754,0,17.128533841630823,0,0
TXN106173,20.738764040293105,18.43823226698697,0,5.085312946219607,0,0
TXN106174,68.31003202684725,15.526134524945963,0,11.7758297798539,0,0
TXN106175,14.961011536964172,14.118624162833427,1,14.567880912586107,0,0
TXN106176,133.64951708544626,9.571184621548689,0,1.467419035547381,0,0
TXN106177,55.38873940750011,13.54319053959257,0,3.455259731768605,0,0
TXN106178,41.464314762942465,14.478830145797252,1,2.0984809732498246,0,0
TXN106179,93.57197238755008,15.515929034280276,0,6.893956534358142,0,0
TXN106180,96.39888205556426,10.112248679428602,0,3.844256998473161,0,0
TXN106181,10.648750416356968,4.273038116492552,0,4.728174656931047,0,0
TXN106182,135.56851140411618,11.148524454421745,1,23.51484952487857,0,0
TXN106183,84.63154409324687,15.885297526918091,2,2.605360152158762,0,0
TXN106184,77.16727764148405,5.749183787255021,1,10.618464107876207,0,0
TXN106185,100.24197093421186,9.099136816414639,2,6.405899356716525,0,0
TXN106186,393.8074457518059,7.072431331914336,7,154.10972185273243,1,1
TXN106187,47.5900362015028,13.173956193719992,1,2.9413166933885697,0,0
TXN106188,98.9617282333765,12.091964765982297,2,12.297561644542029,0,0
TXN106189,451.18400415275266,0.0,7,365.44671217078417,0,1
TXN106190,68.05335244329362,20.37069696519797,2,12.1763612783152,0,0
TXN106191,167.0719740214443,15.13518084728788,1,7.33807502601611,0,0
TXN106192,140.58140408012858,10.225899836364034,2,6.568096817629644,1,0
TXN106193,81.3287145974458,9.240247065522361,2,7.415251967627502,0,0
TXN106194,126.26297382698247,10.991376917684356,2,5.795143495083682,0,0
TXN106195,76.72068028409856,17.928491299415004,1,13.502950430111987,0,0
TXN106196,42.03021775484781,13.432825771651308,3,16.855146248437897,0,0
TXN106197,36.467707903099374,12.649803018495762,0,2.8076311726838235,1,0
TXN106198,47.52929224452476,9.660685948002115,1,24.670577172293058,0,0
TXN106199,242.31880129618855,17.485324736043797,2,5.258628104380488,0,0
TXN106200,68.49074407302135,16.855576619992554,0,2.2781770778555592,0,0
TXN106201,131.7522815565344,14.047412270640734,0,1.8326155322265147,0,0
TXN106202,72.79051261250035,13.480059736949856,1,7.8014286617774005,0,0
TXN106203,94.12591579116054,14.32414423500975,0,9.34530748781691,0,0
TXN106204,32.69501259201278,13.798669743762357,2,6.0148521644635755,0,0
TXN106205,32.774821477475214,11.682027117509229,0,1.4150149257860167,0,0
TXN106206,26.953484751659214,18.36955426996318,1,27.960083328262254,0,0
TXN106207,238.99718829592797,20.978747557801732,1,8.62224856562906,0,0
TXN106208,66.2054375971889,9.377136075198141,2,5.587935496330598,0,0
TXN106209,47.94311971103794,13.827895932157704,0,7.171887090507438,0,0
TXN106210,217.36795917137655,15.546999263658835,1,1.1820845026281632,0,0
TXN106211,109.83633862168566,12.624546612317989,0,10.223261842671786,0,0
TXN106212,37.30622603448625,18.94009184241128,2,4.832664637564074,0,0
TXN106213,63.540199215203465,12.656532260618281,1,6.088093684040326,0,0
TXN106214,19.34056471826192,16.137758610734608,2,0.7329375599338821,0,0
TXN106215,117.36908397344462,17.046000888695765,0,1.468611965944072,0,0
TXN106216,200.9056498629862,8.874849104187764,2,4.493696716570938,0,0
TXN106217,45.980448234242566,13.826594597115239,0,1.320341208689726,0,0
TXN106218,141.5299029976308,17.625904400706695,1,6.930991540238067,0,0
TXN106219,110.83500309297057,16.716632415547572,1,21.715540832288774,0,0
TXN106220,70.67387921924465,18.218398423335493,1,9.343786314516022,0,0
TXN106221,165.6205707565385,5.840157312992021,1,12.052823428056765,0,0
TXN106222,65.70259143224342,13.205428971259757,2,12.0426734050719,1,0
TXN106223,49.13806263957005,16.054029213950475,1,5.303309564183171,0,0
TXN106224,117.14299792202391,9.137915686103119,3,1.9240017525214212,0,0
TXN106225,31.936121398613967,13.710692239693152,0,5.364018488220471,0,0
TXN106226,67.59417335396749,15.84588505805838,1,13.181170018835314,0,0
TXN106227,16.179668845239966,13.36853755510635,0,7.821275652250459,1,0
TXN106228,10.137719692069755,19.056527625074633,1,2.560575155560926,0,0
TXN106229,149.85461701944723,13.950870786776061,3,8.56021931274179,0,0
TXN106230,49.26860062253846,15.91947392536314,0,2.9021492517475815,0,0
TXN106231,51.25947460721746,12.365970653757415,2,11.169867309506623,0,0
TXN106232,29.729423584018846,18.556936745259204,1,7.26606450090244,0,0
TXN106233,37.71946061382032,15.16986180272314,1,11.259852909024266,0,0
TXN106234,75.9226870648067,13.352098806958336,1,0.04812950234801511,0,0
TXN106235,170.63403203590323,11.020267851394074,3,2.363784815344647,1,0
TXN106236,102.48715882442875,12.466349837480578,2,3.871945081194652,0,0
TXN106237,89.50614236650583,9.133933396799602,1,4.759608513000831,0,0
TXN106238,127.41134529189446,6.474426717843352,1,1.9627556549140963,0,0
TXN106239,114.84790350017435,13.874739975428408,1,6.723994149507496,0,0
TXN106240,88.75379451574283,17.560996988002255,1,6.7302037435003035,0,0
TXN106241,125.66169801497543,10.248262603156952,2,40.66594908120283,0,0
TXN106242,42.56024304061954,10.711758566241642,0,9.916044957490318,0,0
TXN106243,28.272176119137956,8.6092394166341,0,7.890242768111091,0,0
TXN106244,31.914587381695046,10.274698191600915,1,10.35977707693874,0,0
TXN106245,56.48015135013967,16.20980298753601,1,6.130065086383077,0,0
TXN106246,83.86202710511552,20.255088964530046,0,5.484110647023115,0,0
TXN106247,66.4277070880602,12.680409029991123,1,8.630724532219519,1,0
TXN106248,56.85419249921105,15.04723915621968,1,6.1428733358905845,0,0
TXN106249,64.56052521156553,12.036087597894653,1,24.952323829365447,0,0
TXN106250,74.76786303272621,16.48228346453142,1,5.634030137041645,0,0
TXN106251,8.1724008355498,14.83562704521662,1,2.807246035637058,0,0
TXN106252,186.520524782437,19.436691754661013,2,4.687272141769274,0,0
TXN106253,40.101216777975196,13.696659933264678,1,1.259519843694227,0,0
TXN106254,37.14785958185731,12.220761812802259,1,7.213379620704346,0,0
TXN106255,198.40652246498888,18.789243415421037,2,4.35727250961224,0,0
TXN106256,73.45620562303512,13.313856684093533,2,4.16650711669795,0,0
TXN106257,33.49162339716864,23.0,1,6.742818397521689,1,0
TXN106258,97.95587699490638,13.073529657712598,2,9.26722046992612,0,0
TXN106259,80.45399600309332,14.034401884250059,1,2.915187492259057,0,0
TXN106260,19.268914145346557,14.347188154905021,1,3.0322952019879246,0,0
TXN106261,26.985272495592945,13.67574922894143,2,12.638577642676086,0,0
TXN106262,78.65267538205214,12.542131119547603,3,1.4608922321051465,0,0
TXN106263,27.66004149767945,16.021944458501356,1,1.2919938484143791,0,0
TXN106264,80.5604561259684,15.503693435397189,3,15.196823601873692,0,0
TXN106265,34.65802018298484,13.883501669600568,0,12.018177328830397,0,0
TXN106266,58.69157597265478,6.874295545052637,1,8.275312252698592,1,0
TXN106267,499.31169107504155,5.68612889350619,3,144.2611430779321,0,1
TXN106268,26.640926096080793,7.87909423362819,2,8.010702801892357,0,0
TXN106269,157.14872775038378,17.606810272546344,1,0.8230200815462417,0,0
TXN106270,77.21992319934381,2.663550337963546,1,3.57753748841208,0,0
TXN106271,39.05213247233456,12.221777552904491,0,2.59525572322828,0,0
TXN106272,38.76008691119873,6.683013351873417,1,5.839750249998836,0,0
TXN106273,243.73855731814697,13.807747250446788,3,5.363188928833113,0,0
TXN106274,87.07503014789118,11.061814838980311,2,12.562813164356331,0,0
TXN106275,4.522798183142964,17.218476563620005,0,5.032720173710238,0,0
TXN106276,42.95298331121622,12.063407008952217,3,10.128627096911895,0,0
TXN106277,85.26870244228019,15.786575762051044,0,16.440242359063127,0,0
TXN106278,55.64071232754455,13.85484350479812,2,8.7963493096419,0,0
TXN106279,44.630742412271985,13.920632611840066,1,25.844138955879878,0,0
TXN106280,106.99145118439864,17.054808698694817,1,10.728742789389631,0,0
TXN106281,162.3202834517241,11.821174309022597,1,14.589697895751781,0,0
TXN106282,18.574570925456626,16.94473713387166,2,4.4366781838431715,0,0
TXN106283,50.23137153023144,12.00221254833648,2,28.8193666211195,0,0
TXN106284,111.62736138829332,12.34813441833891,0,15.480549646822155,0,0
TXN106285,11.027718271559678,14.774879279918387,1,4.718674655610727,1,0
TXN106286,532.0994023108378,0.0,8,409.6598470933087,1,1
TXN106287,57.072808212808035,17.489616746313118,1,6.344612399892835,0,0
TXN106288,11.603938495190215,9.600542841826663,2,7.711996722570645,0,0
TXN106289,21.83832285998197,14.758304271689903,1,6.532543803076636,0,0
TXN106290,73.97250581221316,17.697934275479078,0,8.176182324534686,0,0
TXN106291,104.97698229499252,16.860089534666194,0,11.119159256098797,0,0
TXN106292,123.74869127428002,18.659852669639605,4,0.3198389714003642,0,0
TXN106293,190.27339131889332,16.420774848874725,2,6.02593199537675,0,0
TXN106294,212.49906701321066,13.80230928129052,0,13.499566664640861,0,0
TXN106295,81.38101070125964,16.55842606014189,0,4.550931646608932,0,0
TXN106296,25.039933982320353,20.9531814072338,1,3.3578464013905593,0,0
TXN106297,48.67244616518174,17.344136695709164,0,4.19516667047015,0,0
TXN106298,61.056074527510916,13.74564135772948,1,3.762167741507298,0,0
TXN106299,120.83630448335069,16.44299544254378,2,2.2446872700128466,0,0
TXN106300,25.689807600748477,13.547142556351131,3,4.769327269782302,0,0
TXN106301,21.94929450126029,16.398757108255896,0,1.7420184716226719,0,0
TXN106302,75.427401904133,13.919159656635744,1,5.135659088704092,0,0
TXN106303,24.17958667640509,23.0,3,2.081855877279105,0,0
TXN106304,56.1493958094585,15.434390103939293,0,3.2482994062748776,0,0
TXN106305,66.59415934030234,13.477597507506585,0,4.403284785159823,0,0
TXN106306,35.44163673974132,14.333168312032258,1,17.070407765444976,0,0
TXN106307,35.21301127602254,13.459753187462654,1,0.8269022063541911,0,0
TXN106308,44.93886737445901,12.751820740768503,2,2.570141923257992,0,0
TXN106309,16.832102550417453,9.87676781230289,1,16.91181271221153,0,0
TXN106310,223.60910896065573,10.053668752592479,0,1.510808114464222,0,0
TXN106311,85.19759928413092,15.268709865487612,4,2.3558850139412573,0,0
TXN106312,27.52726502507897,15.69759391469463,0,5.603407702513087,0,0
TXN106313,676.5529075490256,2.8289924829248196,6,1229.2452919448428,1,1
TXN106314,39.23514591282204,12.346858176245215,1,14.387742245897964,0,0
TXN106315,30.693961881518955,12.276526121062863,3,9.950592738612087,1,0
TXN106316,55.625082080503276,17.950071842924633,2,11.50639360320744,0,0
TXN106317,100.60269447191943,13.494927240378686,1,2.013354923360557,0,0
TXN106318,73.1255368389983,8.343971773834394,1,4.533645381366106,0,0
TXN106319,86.21687276718865,16.729633846152655,4,0.4129117826557869,0,0
TXN106320,8.49646618601744,16.144887037121297,0,8.127871397716289,1,0
TXN106321,35.55088133063543,16.276526276076083,4,2.688917696934645,0,0
TXN106322,225.3729973714948,3.2697350480944394,1,7.534771907563061,0,0
TXN106323,91.74777186031584,11.573104625521253,0,11.081752587318174,0,0
TXN106324,190.01699153599498,19.80208960052375,2,8.19287968635228,0,0
TXN106325,66.88935986291273,13.968329060362702,0,9.563665058543315,0,0
TXN106326,38.45193232171459,7.065050066406793,3,1.377173232513365,0,0
TXN106327,1460.2758886080337,6.17147329026092,5,444.58250374651857,0,1
TXN106328,40.33734916327377,11.632894216911097,1,5.925717667653131,0,0
TXN106329,57.352851093414834,16.704128431731565,0,6.473771665530238,1,0
TXN106330,168.50326988651517,16.65587575741244,1,0.7283416016261689,0,0
TXN106331,28.336104778644998,15.346195860640465,0,8.592427422657185,0,0
TXN106332,38.88324664241925,15.551820693128661,1,2.0803394592759523,0,0
TXN106333,15.780114375182087,21.11224643475809,1,4.667621986889731,0,0
TXN106334,152.4305219622369,10.08884272244331,2,0.12232786119462294,0,0
TXN106335,77.72005357144452,7.309211226607789,1,3.760841734614572,0,0
TXN106336,71.86468793236463,16.53984133862205,1,1.6260618164334861,1,0
TXN106337,99.0311719184051,11.031133088320834,2,1.9107978558010807,0,0
TXN106338,24.335392027114516,15.946687955950743,1,2.9528974779402177,0,0
TXN106339,59.82235987014808,15.993399473950909,2,6.152069927036395,0,0
TXN106340,105.90772765002043,19.431018651742683,0,9.933020756665709,0,0
TXN106341,26.34643353573054,8.140632750197817,0,8.358135826606416,1,0
TXN106342,33.57948640468287,14.720191663885332,0,16.798284879799617,0,0
TXN106343,147.11124438877962,16.826530530016885,1,1.2518357828809534,0,0
TXN106344,30.221179852241637,7.672254288272395,2,3.6234578558197077,0,0
TXN106345,47.146110970617386,18.743167808035054,5,3.3227789241105854,1,0
TXN106346,107.7898359209719,16.1813815678333,0,5.187197782760861,0,0
TXN106347,33.85044857555661,14.617380505866244,0,13.241028959491686,0,0
TXN106348,187.37365481130567,4.189451242937192,1,7.252400059936864,0,0
TXN106349,33.82138389725953,17.56157971900172,1,5.137418852513371,0,0
TXN106350,152.09437218913408,9.439303891566148,0,1.237374397279384,0,0
TXN106351,184.14989905033605,12.538483975544413,0,6.325707115937744,0,0
TXN106352,21.23762539112068,15.414980971935334,1,3.435840675428004,0,0
TXN106353,10.994850682687554,12.0794295418523,2,7.631785608231199,0,0
TXN106354,87.23996818457216,17.501422989880265,1,4.2979690115800455,0,0
TXN106355,103.820748286972,18.338025170378167,0,10.722122024385918,0,0
TXN106356,51.06259945036099,17.72184027915293,1,10.059948225366766,0,0
TXN106357,63.737748331546044,17.535582304979343,1,0.8488454953933423,0,0
TXN106358,27.092521402685648,13.000750685944785,2,22.640908355038118,0,0
TXN106359,32.52306740617573,18.080760557869777,1,0.3085735993495642,0,0
TXN106360,28.288427036838016,15.142987787165008,0,1.879433318129091,0,0
TXN106361,156.25054992776873,21.58227551083992,3,3.8916465661450586,0,0
TXN106362,99.46808854959791,17.30027638432822,4,0.38593849550686654,0,0
TXN106363,932.9970486720645,1.2064111270191047,8,90.05520495984534,0,1
TXN106364,154.3912981836276,14.32205383167282,1,14.255127721412515,0,0
TXN106365,14.822302118164718,15.07895473611234,0,0.589007371148743,0,0
TXN106366,101.91312703358938,11.797352204685954,2,0.9817276793027592,0,0
TXN106367,247.20950115764168,18.138153683845797,3,21.241369153737875,0,0
TXN106368,70.33944370174672,12.713048053551411,1,9.077750177698112,0,0
TXN106369,67.25945496145465,13.96511729914787,0,4.921931543862858,0,0
TXN106370,93.4281123518606,23.0,1,3.09376227527903,0,0
TXN106371,49.75041334818578,16.104027621764722,0,6.029296440272743,0,0
TXN106372,187.71529452873722,15.622306168009873,0,5.761503398139688,0,0
TXN106373,75.47446999794653,15.381874331382727,1,11.235724676812705,0,0
TXN106374,19.837948538656157,8.955587865608134,0,11.76686661379132,0,0
TXN106375,123.56237262864042,13.289202201689903,2,8.127034132694268,0,0
TXN106376,52.5327800862166,12.355388293059324,0,11.56746083967877,0,0
TXN106377,12.95387011532508,6.3424960299962745,0,23.922075012899025,0,0
TXN106378,10.223062034260714,16.137823287114138,1,7.671610965454139,0,0
TXN106379,50.68079017079106,11.50109806560242,0,4.655997824451228,0,0
TXN106380,42.79332309398475,12.156510747003768,4,12.877740252202202,0,0
TXN106381,66.88031563318413,9.045910372037815,1,10.843557411703896,0,0
TXN106382,136.90216698949206,9.27648896539393,3,1.5171934862251493,0,0
TXN106383,38.02451462740126,18.634002317620503,1,2.8777457373348296,1,0
TXN106384,23.300099801641664,21.63254171549477,1,12.919671486216028,0,0
TXN106385,81.7732591779446,13.496568436611888,3,12.127051777812913,0,0
TXN106386,127.70076755191715,9.295739644335983,1,2.2001724836113317,0,0
TXN106387,25.89483600060526,10.587848001146302,4,0.5168482418599338,0,0
TXN106388,76.19077930291863,12.56041038884179,0,23.29967072616416,0,0
TXN106389,113.23535784745948,15.964500052912383,1,12.89953308449303,0,0
TXN106390,63.112649574104324,16.702741543377716,2,4.591022726887703,0,0
TXN106391,165.45971971361953,14.140988415228088,2,2.9596319852670194,0,0
TXN106392,4.644639584572974,23.0,0,13.331141414881323,0,0
TXN106393,106.95554352269414,23.0,1,1.3190475641432227,0,0
TXN106394,30.02906836293869,10.783170400023277,2,11.01465601491607,0,0
TXN106395,18.05685733085819,14.62764984907756,1,6.39332488426181,0,0
TXN106396,55.139646573956355,17.84542379666918,2,9.869018706898812,0,0
TXN106397,159.26906518932958,19.700022241199083,3,6.748565243087738,0,0
TXN106398,65.80806656720377,19.764158985462,0,5.369439150387938,0,0
TXN106399,76.12654052140184,13.841389209406303,2,7.45647945546451,0,0
TXN106400,85.59963784087243,11.92248706059741,2,12.277752598044685,0,0
TXN106401,51.4018772799339,19.61011541108426,0,5.6193082751798595,0,0
TXN106402,83.48750393588107,19.71674512833939,0,29.151103312964494,0,0
TXN106403,43.98497930345047,15.269823739487958,3,8.066938093615656,1,0
TXN106404,33.937142128131036,12.892703665438468,1,10.220255902574118,0,0
TXN106405,22.367149004395532,12.600388417433019,1,3.7674766588537283,0,0
TXN106406,24.011540180795016,13.830828509949423,2,5.045511368692267,0,0
TXN106407,15.983428467839735,14.251036089776589,2,10.539674101240015,0,0
TXN106408,9.578293105124175,15.756671999040535,1,5.293720624736894,0,0
TXN106409,27.035695234782757,14.379350789960116,1,5.826421738442256,0,0
TXN106410,240.59952901528575,16.390591680524558,0,11.175744966767846,0,0
TXN106411,73.95131092933022,12.643786155482267,2,5.798991893987852,0,0
TXN106412,79.82420190839773,14.358054363251838,1,0.31011472003268054,0,0
TXN106413,69.30097065655966,13.11507006800183,1,5.648161485081321,0,0
TXN106414,132.38151330455108,13.029706473772485,0,4.643281727688116,0,0
TXN106415,90.53752758874407,18.986265637591828,0,5.0655162653392285,0,0
TXN106416,113.76746826135837,9.393219274351946,2,7.707753949827972,0,0
TXN106417,47.00404604535876,9.81899046016369,1,5.37177553011227,0,0
TXN106418,23.146913835310684,14.849789711078163,2,12.399499253420057,0,0
TXN106419,318.66248530616025,0.0,6,455.88285073956297,0,1
TXN106420,175.80563504210556,13.313897597312945,2,3.0478673066001623,0,0
TXN106421,63.04501498706373,20.177094186009803,0,9.323944746855293,0,0
TXN106422,51.29938955716416,13.245659785820012,1,3.8437407277273965,0,0
TXN106423,572.923631493778,5.748465775617667,6,378.5969135914071,1,1
TXN106424,43.38872744217878,13.65580373305324,0,5.101233121226409,0,0
TXN106425,29.445479384552883,14.200490143074202,3,6.499791243366849,0,0
TXN106426,42.747072674417275,15.173155445137409,0,3.5925555859558953,0,0
TXN106427,60.70022181109959,8.079183891837198,0,3.8350179299787457,0,0
TXN106428,204.63799377471025,13.415603308437872,1,3.4247534080653486,0,0
TXN106429,34.61495721158358,15.952226062209952,2,4.809634018371215,0,0
TXN106430,39.24310809414883,20.843392321469118,3,9.43559964222747,0,0
TXN106431,36.92170324453014,19.617953364211857,0,1.454648947185527,0,0
TXN106432,23.088843426054126,12.852611021038538,1,4.516562649031231,0,0
TXN106433,33.61870182944235,16.335586463150634,1,6.117350644431633,0,0
TXN106434,112.69354113106515,13.016932765698362,2,2.0572507569590153,0,0
TXN106435,33.467620322978455,12.4780939553742,1,7.1873264096322504,0,0
TXN106436,31.14749594194243,16.85680944575717,2,4.490519339220003,0,0
TXN106437,156.01476080494507,2.70193885418526,5,316.61686221671823,1,1
TXN106438,27.81929276795875,10.552162852286111,0,2.8165130337060704,0,0
TXN106439,27.68664451778493,17.795562418652633,1,17.90997740326417,1,0
TXN106440,31.54958381593156,14.607377836356974,1,8.581162054958678,0,0
TXN106441,103.82775596813111,8.024550959895638,1,12.530095863179307,0,0
TXN106442,55.35928660892229,17.999710586730735,0,2.3114680404334322,0,0
TXN106443,15.487560315065469,18.025753265020764,1,9.337864555742453,0,0
TXN106444,141.98787834775638,16.14513768468101,1,16.814711079078236,0,0
TXN106445,262.0749627761479,12.752065198966783,1,7.46045964160035,0,0
TXN106446,108.02158456787501,20.100603589403764,0,1.4300880025442693,0,0
TXN106447,10.037447838122919,10.841440990850508,0,24.333116250952536,0,0
TXN106448,15.067259500520315,8.701897193431414,3,10.449348793592627,0,0
TXN106449,145.1577425427396,15.547913291156396,0,4.933933812944206,0,0
TXN106450,48.35969236713416,9.687969144145711,1,14.820779101186595,0,0
TXN106451,78.69436986609686,15.696225104907624,0,1.1313090160588697,0,0
TXN106452,6.559060559297807,15.86186570934618,0,10.670260606415528,0,0
TXN106453,64.05056955159613,11.429254302670257,1,9.527661565492185,0,0
TXN106454,28.407181318052878,19.43036698714615,1,24.6002042039305,0,0
TXN106455,80.36182664835403,10.6650724928881,2,1.3853420102022977,0,0
TXN106456,311.71881161502665,14.663802021093913,1,20.37805095420982,0,0
TXN106457,121.87020517106774,16.14751062734036,1,5.210070087488335,0,0
TXN106458,106.43925653940903,9.885615623115068,1,14.676409065970816,0,0
TXN106459,131.15330019293924,10.434830882241373,2,10.784544660820938,0,0
TXN106460,266.20778079193155,15.909442729093179,0,12.705126826066309,0,0
TXN106461,47.07458422423269,18.751858301924667,2,1.3943676235429725,0,0
TXN106462,61.866195412286075,4.623369663632994,0,15.523081688539742,0,0
TXN106463,64.59333937011641,22.29487428629328,0,8.704152830834477,1,0
TXN106464,143.7041885920268,8.185269084129748,4,10.457277272124703,0,0
TXN106465,61.620287856828504,7.147516571678719,1,2.5152449409943505,0,0
TXN106466,442.9231207346039,1.0378196452505848,5,166.63632145178474,1,1
TXN106467,161.71971302477874,23.0,1,4.848247472635311,0,0
TXN106468,11.430600708097924,17.30073773504872,3,0.38211277137298916,0,0
TXN106469,28.657681028426538,11.187677696239696,3,8.731924625056532,0,0
TXN106470,23.836312802208248,11.788143344287326,0,2.8522968759977947,0,0
TXN106471,53.2452721586055,14.00760457935562,1,7.5800842115277325,0,0
TXN106472,119.21604596339276,16.007988351665112,0,2.705712444086978,0,0
TXN106473,104.5303608274059,8.538962172916229,0,5.232974052040042,1,0
TXN106474,146.606415777709,10.307550114454298,1,4.860030267475977,0,0
TXN106475,50.4832327504205,12.615354559600824,0,4.118651027048478,0,0
TXN106476,606.4339173395492,4.490334081451905,2,473.7427087741758,1,1
TXN106477,38.09553012449687,12.611128335348166,2,3.9994196253752987,0,0
TXN106478,23.761742114706514,9.754095399544502,1,5.133893664661869,0,0
TXN106479,17.476580948528053,12.286984086383772,4,19.78728649180188,0,0
TXN106480,91.94726468467975,15.196940095568051,1,1.500102127961632,0,0
TXN106481,64.75917358778001,12.960892146215762,2,3.990165857697458,0,0
TXN106482,28.567967809415585,11.098410915430634,1,4.085370011424692,0,0
TXN106483,536.9085985868528,0.0,6,312.2481074620529,1,1
TXN106484,175.13343661564718,17.958875850287487,1,15.552352874345022,0,0
TXN106485,51.11659941283343,13.758216813960589,0,4.479467008422036,0,0
TXN106486,18.601567426816388,11.997748227102964,1,2.3467710415248932,0,0
TXN106487,138.42375746314727,11.120385556998253,3,1.653449774960309,0,0
TXN106488,53.74076008583482,20.471220561909842,2,15.861396219548045,0,0
TXN106489,130.36296178650565,10.19470199571266,2,0.15400521476304574,0,0
TXN106490,141.51419233678578,4.003536641799245,1,2.838379359684367,0,0
TXN106491,31.83462495534785,16.9793053394741,1,4.727299019799134,0,0
TXN106492,148.59186729933487,16.119803094195685,2,1.3558537781850362,0,0
TXN106493,17.873362353273837,11.38367142703084,1,8.395422024075218,0,0
TXN106494,27.71124259696048,17.392301743916185,1,4.304038006716894,0,0
TXN106495,78.32849661714155,17.504930293388917,3,3.2970697910380133,1,0
TXN106496,49.344882021303505,16.263146569631587,2,6.802185782475495,0,0
TXN106497,55.20128477304126,19.238025217331106,1,4.849089219878825,0,0
TXN106498,133.49722013940402,11.198371294943524,0,0.9236742617252534,0,0
TXN106499,54.911884745086674,16.89219603903008,0,14.419933100875287,0,0
TXN106500,111.57473329100159,15.421783451380696,0,14.057408356937524,0,0
TXN106501,167.99774396953492,17.89232171586085,4,6.900663119279175,0,0
TXN106502,121.06069007121626,9.878839950925782,1,9.038981760499906,0,0
TXN106503,39.490208506716904,15.011808057438229,2,35.64054658738136,0,0
TXN106504,30.34468555437438,12.232716374013986,2,3.7395006024880075,0,0
TXN106505,35.86347951283555,13.440128386619115,0,5.849872223588099,0,0
TXN106506,37.33325495008546,8.836705059106045,0,3.416067426725909,0,0
TXN106507,178.12217243797377,16.90683668535105,1,12.2701713631135,0,0
TXN106508,102.41701820260617,15.749504572601392,2,1.3636305443080268,1,0
TXN106509,108.12930061886345,16.102334319413607,1,7.184959383202863,0,0
TXN106510,21.708169652743535,13.994701073093186,0,14.117848976754779,0,0
TXN106511,31.064794854402646,14.90337643679359,2,8.430069611114098,0,0
TXN106512,41.8315926879726,15.81734601218078,1,6.824905835467598,0,0
TXN106513,56.63339358847285,13.467498956233333,3,12.110356961631894,0,0
TXN106514,55.30343245726236,15.89057636227418,1,4.021055608014919,0,0
TXN106515,29.83366929275489,21.41943075768109,0,7.980253086660016,0,0
TXN106516,76.77141899983141,8.85306835047658,3,10.897476275269684,0,0
TXN106517,153.84015845631436,11.049858891164673,1,8.861837919141161,0,0
TXN106518,91.89345074217232,11.508803284375224,1,9.616790886051383,1,0
TXN106519,150.66245926560356,14.742321309640479,1,6.848249454477603,0,0
TXN106520,61.47555970082447,23.0,1,3.3104297754584473,0,0
TXN106521,76.481495247829,8.172992510193312,1,5.905307171044645,0,0
TXN106522,45.69253908612681,11.799096758383769,1,3.9522124670691423,0,0
TXN106523,137.63407829892725,12.331860087094283,0,2.370810816660221,1,0
TXN106524,161.53582510261634,17.524918206880532,3,5.135734705195168,0,0
TXN106525,132.54777517541862,16.935253644287776,0,1.9156493899516822,0,0
TXN106526,9.396857632026332,6.644724266148991,0,4.2616095029230765,0,0
TXN106527,55.44407813290284,10.486335413950279,1,23.364407898970722,0,0
TXN106528,29.266289030348148,14.890074678948883,0,1.622406022077014,0,0
TXN106529,63.79432926042222,16.86198254126586,0,3.2892778302707275,0,0
TXN106530,24.841915407936014,11.132404765334348,1,33.85497202703886,0,0
TXN106531,81.79346851325926,22.78097963583776,0,17.117070211703506,0,0
TXN106532,40.374847386712915,15.941828623817841,2,28.46309462646407,0,0
TXN106533,156.750824500702,8.69515173615683,0,1.6824106886545362,0,0
TXN106534,18.98152558680136,17.109628273770063,1,12.13652763814699,0,0
TXN106535,91.23403970044208,21.235870275061338,3,4.355594162479235,0,0
TXN106536,74.34388711682273,12.960303804981347,2,12.0207507075808,0,0
TXN106537,58.29864291597428,22.770852655788453,1,1.4943282469359382,0,0
TXN106538,103.01009628515622,14.235360754314508,1,7.335974723003745,0,0
TXN106539,5.7003109870831565,14.404038273498966,1,7.691321025791728,1,0
TXN106540,41.74435981013644,15.132602226602744,1,10.09382071954378,0,0
TXN106541,31.769450077622036,14.436109685373445,0,0.4187346951494818,1,0
TXN106542,36.49680867621563,13.269069024952918,4,4.864781850336443,0,0
TXN106543,44.02825233767377,14.654685789315714,0,13.055169432417017,0,0
TXN106544,45.39487400173854,16.22170453460429,3,11.41635641734036,0,0
TXN106545,20.565887216575724,11.669881027836542,1,0.17121011033644185,0,0
TXN106546,66.28957642676954,10.592678635214487,1,5.541942564030818,0,0
TXN106547,114.26119022442201,9.090407020834103,1,3.8092410136410497,0,0
TXN106548,52.855443508785584,18.223328607391107,2,4.565825257212881,0,0
TXN106549,46.81014148256794,9.922504163078251,3,6.246002360397221,0,0
TXN106550,108.9236127904651,10.904353601926301,1,2.565675533464093,0,0
TXN106551,82.73899533284258,13.191183164403588,2,10.214375964705908,0,0
TXN106552,45.868676761011244,14.471061628160554,0,13.356189928606653,0,0
TXN106553,56.1621718247256,13.674947698473488,1,8.24150282573002,0,0
TXN106554,14.980306974864074,14.563771666324708,0,10.854610363482395,0,0
TXN106555,13.739958701965016,21.318870365825212,3,6.430501035296219,0,0
TXN106556,112.69634949931256,14.32794477405758,2,3.566960221782463,0,0
TXN106557,7.793393917533324,9.723083310083126,0,8.094862891346898,0,0
TXN106558,103.4824739424815,11.693281445463013,0,14.21339720500785,0,0
TXN106559,64.05736266466148,13.81945760532903,2,3.7839377290376723,0,0
TXN106560,53.29010362723746,12.102121081612525,1,5.533887349446417,0,0
TXN106561,65.69120610600817,13.841429545257663,0,3.8967958415107162,0,0
TXN106562,45.48493616737309,9.542973829749467,2,8.272669253462578,0,0
TXN106563,72.94823406852156,7.9389060812237435,0,9.805736717281654,0,0
TXN106564,3.7605423196413867,15.290487540621804,1,11.630910676478099,0,0
TXN106565,28.45770848009129,17.277099261317478,1,7.99685132217455,0,0
TXN106566,175.76200618750477,13.747020746395846,0,11.218675959029092,0,0
TXN106567,736.5818698887849,6.157849422829244,5,330.12564164627116,1,1
TXN106568,40.71535778202004,20.72624088336289,1,0.6272147826219449,0,0
TXN106569,60.63437485622411,10.99143719716724,3,1.745141653626805,0,0
TXN106570,78.53744345886699,22.847637000784857,1,3.177544715786271,0,0
TXN106571,101.82322106970682,5.245003619552172,5,3.3661587146562697,0,0
TXN106572,110.23532198251361,20.153278546530384,2,2.0560217594379044,0,0
TXN106573,26.11818246062174,14.399501266974564,0,11.02586015948732,0,0
TXN106574,34.64365779139441,11.753727846633291,1,2.967836772929541,0,0
TXN106575,108.72928606024144,16.170622329125,0,6.502927182812987,0,0
TXN106576,20.485445761438,11.08960666893012,1,29.53682584542772,0,0
TXN106577,53.23087882852068,15.927214249614208,1,11.820124395039944,0,0
TXN106578,135.05676762578202,11.895076824551122,1,4.465821017926693,0,0
TXN106579,94.11445087714229,17.093805201883015,2,3.1886622726658365,0,0
TXN106580,140.9009266840744,18.429181172794724,2,15.121491873714504,0,0
TXN106581,84.44667560778106,7.442949640902514,1,12.785339511442505,0,0
TXN106582,111.51297167791941,14.148333277512778,1,1.6090644432190595,0,0
TXN106583,88.73485710327324,11.700430325782738,1,16.87143850036182,0,0
TXN106584,43.7474435330672,16.625012699582033,1,3.4013031537970884,0,0
TXN106585,100.00354742351249,19.62877456605925,1,3.92174053535559,0,0
TXN106586,57.095197151994356,9.896787237504228,1,7.479018856613564,1,0
TXN106587,54.070262453649185,12.811795687028518,3,4.524032177697337,0,0
TXN106588,92.90349041676727,12.854583200462603,2,3.1442434496786436,0,0
TXN106589,27.409468459808622,13.484159330697647,1,12.242710630755711,0,0
TXN106590,36.77443494773228,13.427941907771032,2,13.730951709283099,0,0
TXN106591,40.95099385906741,22.190020440394576,0,8.084750694312566,0,0
TXN106592,101.2818061462178,12.376743673700565,2,1.3179671945008864,0,0
TXN106593,18.999361304566506,21.439484272258657,1,8.647083966360455,0,0
TXN106594,142.44657447859373,13.956647972446818,2,11.250418083615985,0,0
TXN106595,96.48856058460001,18.860978412742323,0,11.679208253202336,0,0
TXN106596,67.28364247085321,12.527062065154928,1,13.472093053778238,0,0
TXN106597,16.053694721185117,9.696594045341818,1,10.94486215449175,0,0
TXN106598,44.16507572465164,12.42686171490777,0,10.37018091812345,0,0
TXN106599,271.63170589463505,3.450230330750993,7,307.778036186024,1,1
TXN106600,41.61116596167019,16.85736501104783,2,6.054015931207848,0,0
TXN106601,73.28628845366586,17.772436413246062,2,6.157761568335963,0,0
TXN106602,85.01497904344649,10.452019413272463,0,1.3439363562085553,0,0
TXN106603,45.53675823836638,11.714299304234387,2,9.209388451240683,0,0
TXN106604,8.162686641093664,8.040481757315952,1,2.0153900565879455,0,0
TXN106605,9.299483115353741,12.900786239168266,1,11.30809665382223,0,0
TXN106606,32.41587233457805,8.904166657147208,1,2.9715559353301617,0,0
TXN106607,70.09309512447929,18.1901678652116,1,2.5327076299094875,0,0
TXN106608,121.72632269060489,14.753143006720192,2,1.1938619818714125,0,0
TXN106609,81.15339375985265,13.49478731772469,2,6.8361570625657695,0,0
TXN106610,14.696455463577971,19.043230330217767,2,5.929182814439155,0,0
TXN106611,32.53620659384324,9.21509630229358,0,1.4310974202462237,0,0
TXN106612,29.173016075608675,6.318650126842965,3,17.639432343638788,0,0
TXN106613,40.915486702858786,19.09617064683668,0,0.11057280771142247,0,0
TXN106614,59.81784375067797,14.203745946228324,0,8.304476918334615,0,0
TXN106615,33.71179232198355,11.999064639012268,0,10.092154423973742,0,0
TXN106616,49.60832883752157,16.23988788548996,3,4.610468535945519,0,0
TXN106617,47.10790473302512,5.5554814963678005,2,8.81543701927383,0,0
TXN106618,11.661521955628134,20.12005862164365,1,4.220377568892378,0,0
TXN106619,16.90127256362509,23.0,1,13.025827866989905,0,0
TXN106620,71.53925583643469,18.354473842648904,0,9.920628886311219,0,0
TXN106621,17.09357610055867,20.82452160962652,0,1.6199150304747225,0,0
TXN106622,107.114523274629,10.738419627948502,0,15.890157552577202,0,0
TXN106623,50.86843105087014,15.04439628785282,2,1.1582184747792423,0,0
TXN106624,85.62480160247097,15.362647127038887,1,1.8615804055228602,0,0
TXN106625,5.677161502302899,13.378007653408522,1,3.878002647646779,0,0
TXN106626,297.57920741972686,12.370736341572973,1,7.223596856815012,0,0
TXN106627,137.82962694369448,14.859371904223314,1,7.415612373781969,0,0
TXN106628,91.11143494049627,12.726398907511406,1,1.8808444068607768,0,0
TXN106629,52.50054184608707,12.39871702090305,1,10.20939807609474,0,0
TXN106630,117.41417551036028,13.145904481056954,2,5.168752520772948,0,0
TXN106631,96.57457546100738,18.70981456651529,2,27.70520528963662,0,0
TXN106632,87.4743557401434,9.954626892629044,0,13.51933587868569,0,0
TXN106633,84.43358481915533,11.0263177509675,1,9.741150945944565,0,0
TXN106634,45.51456471513714,6.198601238429174,0,0.171216211981252,0,0
TXN106635,48.73955974328303,12.341253729225517,1,10.299416327120387,0,0
TXN106636,55.005393216404016,10.298692935710491,1,15.228306650984742,0,0
TXN106637,53.37139119054019,15.196076322527068,2,15.651258681680067,0,0
TXN106638,206.26673975896966,20.81305715621546,2,0.7620523327887825,0,0
TXN106639,28.027138772406296,9.610429276419357,2,13.832087208399667,0,0
TXN106640,10.079895886687156,15.294509650623745,0,4.39714113465325,1,0
TXN106641,41.77976548474794,5.9789155133262035,0,3.197545961994756,0,0
TXN106642,97.47509355446007,11.185993750195529,0,5.988937425054214,0,0
TXN106643,19.319618633683838,9.950808482087815,0,1.3108993822283956,0,0
TXN106644,147.9963547361186,14.69294092229446,1,8.47948571439273,0,0
TXN106645,39.871312574061086,18.363645202610243,4,9.787669581400607,0,0
TXN106646,124.6325729216731,8.374274978519518,1,11.942522525698195,0,0
TXN106647,45.881084957567396,17.822407241236256,0,4.806635927126951,0,0
TXN106648,81.62142381406456,14.489594766885997,0,0.1324362959592634,0,0
TXN106649,141.6431314626642,7.797786714657876,2,8.716048927260605,0,0
TXN106650,82.24706740122663,19.292475209001797,1,2.1930845536536823,0,0
TXN106651,80.91040072306369,23.0,1,1.2045429300523143,0,0
TXN106652,100.79000909328124,11.754183574377494,1,12.834180053118509,0,0
TXN106653,224.8709974333136,13.57329758379196,0,2.090969591085651,0,0
TXN106654,105.57878925728757,8.984548818040707,0,6.95555455953977,0,0
TXN106655,55.7548061876183,13.346314807496308,0,15.636850506188662,0,0
TXN106656,133.61172690423822,12.857591872514984,4,7.079713353251297,0,0
TXN106657,127.63280675943774,16.17139220334616,3,3.2381171799468604,0,0
TXN106658,122.15973573373617,17.567235935813066,2,2.787947616616255,0,0
TXN106659,78.03783634805637,22.15913415330009,2,15.68476789679416,0,0
TXN106660,76.85802671026278,13.320159995647826,0,4.953476572912549,0,0
TXN106661,117.44328327512508,9.659415774039854,2,2.6961792695617848,0,0
TXN106662,49.56989745681974,9.183109335974219,0,7.121620228220056,0,0
TXN106663,40.783641788351446,15.082632935408908,1,3.900662091447988,0,0
TXN106664,119.65262167055121,8.635739870116677,0,13.463329905012088,0,0
TXN106665,66.14152644709459,10.543764100266198,1,7.0580927213078,0,0
TXN106666,23.108525798001523,18.759684254816648,1,3.0878399271563377,0,0
TXN106667,181.26179603443632,12.636040176443643,0,1.0393440605082422,0,0
TXN106668,88.84062181497691,5.478439189162755,0,9.079944308504182,0,0
TXN106669,120.24057974305066,9.048938796007082,1,1.2052267083902377,0,0
TXN106670,99.50016076765243,7.016680858320383,0,3.7338089049333267,0,0
TXN106671,180.8529700971324,16.00602221281761,2,5.184891627494201,0,0
TXN106672,215.68723447187307,8.394996304135255,0,15.533194176365363,0,0
TXN106673,33.43976509144616,1.8102560210222727,3,0.7672645468493831,0,0
TXN106674,125.16843606647102,15.061948381265331,1,7.134265376222395,0,0
TXN106675,106.9798733494445,16.453854313351684,1,4.610892124621066,0,0
TXN106676,77.88735382466686,13.01315980770911,1,1.6763712978011909,0,0
TXN106677,133.6043353165228,18.93347383302129,1,15.42900915945151,0,0
TXN106678,37.15967368570825,11.442370703721235,3,3.3754331074852773,0,0
TXN106679,150.05677898199343,10.10713122053431,1,8.381826045890016,0,0
TXN106680,73.89022576815671,15.932564017918562,1,16.121745231036012,0,0
TXN106681,25.853869310008267,10.5401041925396,0,17.26244120603752,0,0
TXN106682,27.605544827380776,21.739784476038217,0,3.0105760352349407,0,0
TXN106683,29.167721704818273,8.889823344758817,0,12.454591651551862,0,0
TXN106684,48.08227088208703,16.59749943755347,1,2.701060175414992,0,0
TXN106685,23.778420159404234,19.917486891592574,0,2.61199613019951,0,0
TXN106686,77.98062181197446,16.04220446075998,2,4.423901978313579,0,0
TXN106687,479.2195608572831,2.7055516632343863,9,246.70523503237217,1,1
TXN106688,55.86849065223693,9.960256884110475,1,1.8554628931769137,0,0
TXN106689,185.38973445516777,15.669017887463923,1,11.718076954234133,0,0
TXN106690,47.08447417653992,23.0,3,8.250594794035655,0,0
TXN106691,229.1740104621502,11.925269883760974,1,6.391815261404364,0,0
TXN106692,104.97737594480482,7.539754603545732,4,12.661705789798141,0,0
TXN106693,29.524298537922398,16.920268709620803,0,1.0395216829520233,0,0
TXN106694,146.24447366299427,10.968726584088383,2,2.40971711339577,0,0
TXN106695,10.64256171235354,15.256799570160968,0,6.390594879097437,0,0
TXN106696,38.43661355953791,10.432396650369933,0,5.422458450727957,0,0
TXN106697,241.41314204038235,11.763884084843886,2,12.237610565293945,0,0
TXN106698,42.599607120543574,12.72518692641011,2,5.7920044255859136,0,0
TXN106699,91.5096588237811,5.920249806530331,0,2.6725474352011274,0,0
TXN106700,7.96443971094773,13.34358411530855,1,5.025904566178586,0,0
TXN106701,22.891550220465795,13.902876240647199,3,12.730205990391516,0,0
TXN106702,90.0768116725854,20.955907505175944,2,5.2686549288335724,0,0
TXN106703,48.410974756283984,5.676081136890996,0,5.306398935297274,0,0
TXN106704,98.43833126093125,23.0,1,10.346982536232744,0,0
TXN106705,60.06424704388772,17.819612049342727,1,5.917206489239732,0,0
TXN106706,99.84046872840331,16.02520642307488,1,7.559421666182786,0,0
TXN106707,84.65765805063273,11.28045148739027,0,7.400630344756438,0,0
TXN106708,13.39534471219817,14.21653099685591,0,13.922311616675781,0,0
TXN106709,92.78825466143562,10.464632712931879,1,1.7072283970597282,0,0
TXN106710,55.11564915596825,15.158661248457515,0,23.871612514657322,0,0
TXN106711,45.207691521308924,16.16842916311797,2,6.634837212835892,0,0
TXN106712,177.40257874748573,11.22860994034225,1,3.7032507765222733,0,0
TXN106713,63.32127892254359,16.777587893057177,0,11.77703757644024,0,0
TXN106714,31.0422660693991,13.510275452577089,1,11.86331194168607,0,0
TXN106715,87.49740122906793,10.002781840065635,0,5.551910185203935,0,0
TXN106716,23.216106256827914,13.748696730698793,0,4.089058874990071,0,0
TXN106717,48.68316295789719,11.348974813246173,1,9.4516481233749,0,0
TXN106718,71.57058421497182,12.994223728228484,0,8.18650133020827,0,0
TXN106719,48.65942956048532,8.128911498301889,1,3.5442033866785527,0,0
TXN106720,16.901239874996254,11.291432723479321,1,5.064128197829705,0,0
TXN106721,236.89659515487816,9.683235566830906,1,18.291559012961574,0,0
TXN106722,72.28550878308069,23.0,2,0.37302353056121373,0,0
TXN106723,53.57557524829709,12.853147059214521,0,15.089739902678472,0,0
TXN106724,59.07255785610745,6.011912440182774,0,6.460610217389123,0,0
TXN106725,167.64331240108544,7.579970532015182,1,0.27882536745916847,0,0
TXN106726,54.83522984495317,9.109554883009874,1,2.623055229772511,0,0
TXN106727,248.14746981525118,13.181147979450017,1,9.639730641518938,0,0
TXN106728,59.893681341688676,18.765610788726292,0,2.4105321787627347,0,0
TXN106729,75.06803422933332,17.95771624885766,0,6.802429038869867,0,0
TXN106730,122.87945709446075,9.200261483451474,1,0.21068762128493204,0,0
TXN106731,59.828427060713224,4.219054945352784,0,5.07963953582669,0,0
TXN106732,26.85444741875783,11.293771723362818,1,7.991241303782379,0,0
TXN106733,24.86064707842626,12.783264069631766,2,0.8218247142159145,0,0
TXN106734,52.75935671180933,14.084144573920522,1,7.8303055911750015,0,0
TXN106735,129.18633958148973,15.857155509786661,3,8.24282808240897,1,0
TXN106736,90.45124042790162,10.985603654116293,2,6.673018345416918,0,0
TXN106737,75.96571592801347,15.664020190615012,0,2.45433281949204,0,0
TXN106738,67.55256948784663,18.30789752970003,1,4.322300895883833,0,0
TXN106739,40.03429100841338,12.370984304126688,1,3.4559618713589826,1,0
TXN106740,147.1048479377963,22.14343795384277,1,0.9081142623812659,0,0
TXN106741,60.72842302593486,17.069106960347984,1,5.731429867821792,0,0
TXN106742,104.86513507430058,11.172820765487296,2,4.184995486067583,0,0
TXN106743,113.3163728865288,6.946364656423714,0,7.354417942453416,0,0
TXN106744,84.75642833805603,14.707659925235612,0,4.416381227276043,0,0
TXN106745,158.48139034123173,17.722849386218012,1,5.1984391081731784,0,0
TXN106746,14.705689244648351,14.533744631338775,2,8.79444369858134,0,0
TXN106747,156.92150899516497,17.078786233043637,1,3.4001825926292346,1,0
TXN106748,44.57687172773221,19.196123452198037,2,8.831617189218598,0,0
TXN106749,162.197036285922,15.966697721227387,0,4.308317584762377,0,0
TXN106750,61.467415198660625,12.259435717344207,1,10.119050938215072,0,0
TXN106751,66.1072373413717,7.475181221119761,2,0.8004518359521263,0,0
TXN106752,26.33563524506329,14.684319448407058,2,2.9979702239734083,0,0
TXN106753,155.66482482372786,17.091546641154064,1,7.513701233394735,0,0
TXN106754,24.421767363080114,11.091204085896644,1,16.461653428031813,0,0
TXN106755,145.23299294979228,15.125888688279616,0,33.60288914793222,0,0
TXN106756,257.85603197745866,11.687329872361609,1,6.663026257112148,0,0
TXN106757,216.06909175680553,11.335061506014279,1,0.5545226277453381,0,0
TXN106758,13.42269798529597,16.142796597209465,1,10.553228373518063,0,0
TXN106759,51.11762299220456,6.739860435255123,0,24.42290394733449,0,0
TXN106760,5.506526585899797,8.3922558100835,1,1.6307405786372269,0,0
TXN106761,181.03754930539594,14.478867026135786,0,2.2830894906092314,1,0
TXN106762,41.65997115200792,16.485268113986084,2,2.220039323796987,0,0
TXN106763,179.24287836700546,14.11697065543844,1,33.099643151611026,0,0
TXN106764,18.88211003367939,10.380231128731616,1,5.252164430456155,1,0
TXN106765,86.42498540442253,10.757927122577252,0,7.839263478735052,0,0
TXN106766,91.2678708928257,15.978678871496877,3,14.03648853933072,0,0
TXN106767,76.26042695844221,12.851035741700926,1,4.6115276501817295,0,0
TXN106768,260.39408508681504,14.964329203944295,4,9.241945278402238,0,0
TXN106769,39.7499043519091,12.769959766702911,1,7.081819320165836,0,0
TXN106770,93.23999251584523,17.54361000959002,3,1.036908404715078,1,0
TXN106771,97.04800821962604,12.908133998508408,0,8.06886649560467,0,0
TXN106772,4.609643944224652,5.908185824368777,1,5.247564851510079,1,0
TXN106773,19.73850658427305,12.412094337570165,0,7.249353082807052,0,0
TXN106774,167.96056908035237,17.467773807567497,2,4.458930020245856,0,0
TXN106775,190.10955990173716,17.257535658325,1,9.038745866916814,0,0
TXN106776,122.1172702629137,11.258672704356508,1,1.8674646153762164,0,0
TXN106777,30.133245021133828,12.882436689719164,3,7.768195607748397,0,0
TXN106778,23.61458123599366,20.552903921504555,1,0.5094313203691293,1,0
TXN106779,131.45550236229462,18.838272270765064,1,3.7893902053787816,0,0
TXN106780,70.77415941102478,17.22049408564139,3,11.749890431416611,0,0
TXN106781,237.8231651617361,10.806125283311202,2,2.968097381258656,0,0
TXN106782,104.64952963048104,15.19023252423163,0,4.189918644661014,0,0
TXN106783,66.69119786544654,11.807690148514347,1,3.331257019357594,0,0
TXN106784,150.84663516486808,17.463049926352046,0,7.558333966562265,0,0
TXN106785,14.413857070774243,12.992329111795339,2,2.5492703459852035,0,0
TXN106786,121.89472502534329,15.44741885202848,3,1.6029943965896472,0,0
TXN106787,93.84020315896191,19.09996990867729,0,14.078321298030348,0,0
TXN106788,34.94011034708949,6.761932667403673,0,2.979047098064667,0,0
TXN106789,50.329149434038804,11.454294213679733,3,8.927682327711485,0,0
TXN106790,33.35479697675649,20.0606468951837,0,10.624961935850223,0,0
TXN106791,226.0450865824581,15.629325856346414,0,14.61218608980605,0,0
TXN106792,51.63826094399985,9.95436510191303,2,6.553607404501786,0,0
TXN106793,21.503658504254076,20.89283539453192,1,1.4829549047900459,0,0
TXN106794,182.2548791509001,10.696657921252516,1,2.747953377992383,0,0
TXN106795,104.10803798059573,13.756015556905465,3,4.968738122238603,0,0
TXN106796,158.02786839141748,9.952523045462172,2,0.9478432237272922,0,0
TXN106797,143.4375009469237,19.391388164862565,0,0.7328258530275564,0,0
TXN106798,158.31550973939213,16.05588847107416,0,1.3701498188143644,0,0
TXN106799,54.26041619985923,16.14791247287767,3,7.9021040283228405,0,0
TXN106800,35.08063200849243,15.084249219190799,1,2.580499399009688,0,0
TXN106801,42.24236813768048,12.017690024745828,2,16.524897471029448,1,0
TXN106802,98.42269814862574,13.65312482767002,4,11.644258514351332,0,0
TXN106803,104.96114674905628,5.163315270394589,2,6.44183692057047,0,0
TXN106804,130.0391407114784,9.536168207603673,4,7.545346861146197,0,0
TXN106805,34.996751512273995,15.921717080130676,0,5.117019187456351,0,0
TXN106806,73.00934658818781,22.741087048461523,2,12.569020536236799,0,0
TXN106807,89.94290643318291,11.478978525486177,1,3.435119785317843,0,0
TXN106808,89.74174353209177,21.919212222406667,1,30.74425727228059,0,0
TXN106809,26.27192407198981,8.443859483503223,1,2.620789314436217,0,0
TXN106810,38.546499522725156,17.59192661694454,0,3.5273817432365604,0,0
TXN106811,141.98491566621786,9.023626721070386,1,2.680562814845644,0,0
TXN106812,154.05861277354487,15.18921698383783,1,1.2147650811348751,0,0
TXN106813,2.2998397977828584,12.247935403371272,2,1.3169642562561177,0,0
TXN106814,71.94731428769673,13.783134834872401,1,11.279336217425238,1,0
TXN106815,57.30842200624388,11.665460552613032,1,12.657808268922551,0,0
TXN106816,134.34054619548004,7.7224158835742305,5,4.35598274178297,0,0
TXN106817,196.52735941143814,10.841850156304194,0,1.3935098280236078,0,0
TXN106818,116.7779889636934,17.066646521901728,0,18.84165989143807,1,0
TXN106819,65.55860993427156,7.363937092362631,2,7.930267491464279,1,0
TXN106820,84.65193028758257,16.04103429878551,1,16.1626184506363,0,0
TXN106821,93.26089670858661,16.355034389838075,2,4.189622896018491,0,0
TXN106822,0.697942380417806,10.337265219304955,1,2.9794846351148814,0,0
TXN106823,113.40553804429463,20.484522571224606,0,19.421336430229026,0,0
TXN106824,24.45389190363708,11.561523869852994,2,8.274096346867042,0,0
TXN106825,108.12242406932619,17.033570097853953,0,3.033113746064754,0,0
TXN106826,62.45690215278526,16.924181492636407,2,13.215510525819997,0,0
TXN106827,49.21121350011632,12.677479872810666,2,7.00312235200403,1,0
TXN106828,77.59579766461943,13.533660256323532,1,2.3229066396034046,0,0
TXN106829,178.31768147192182,19.529452849804144,2,24.11784497018971,0,0
TXN106830,106.46364162931098,9.890301300529206,1,2.0308274506495887,0,0
TXN106831,42.18049738952637,15.332290828402094,1,8.078601185839853,0,0
TXN106832,45.75611546687071,12.718312604262692,1,0.514490211382948,0,0
TXN106833,811.0085709959037,0.0,5,1144.5538421835008,1,1
TXN106834,34.69775937987377,11.074504402112002,1,12.888889992130759,0,0
TXN106835,11.666896391004203,9.719983252673792,2,2.0602783235653916,0,0
TXN106836,26.12764634323234,19.931335970038244,0,9.510348413736876,0,0
TXN106837,99.6929447290586,17.110685218382926,0,2.528186645996877,0,0
TXN106838,90.21091504747426,12.143866537890238,2,3.8441769633733975,0,0
TXN106839,18.663566014565312,15.622930618682512,1,2.300129000837878,0,0
TXN106840,42.443621194593206,11.01918767000754,3,0.7348718350551497,0,0
TXN106841,31.61997860845664,15.383171603151293,4,8.21058948378335,0,0
TXN106842,231.43574334749474,6.934583080011542,8,100.03415723004979,1,1
TXN106843,146.19680290816325,9.48944658730584,0,2.1618197914706525,0,0
TXN106844,29.396494229256817,11.4042593745216,0,10.360291172733294,0,0
TXN106845,85.8589954402562,11.719950270691482,2,2.5317235451774316,0,0
TXN106846,198.26646171956384,17.672833006417452,1,18.075479831965893,0,0
TXN106847,114.75493439644744,16.149612342565383,1,2.589040357876717,0,0
TXN106848,70.53945409460412,21.369291205800888,6,3.3454725136489194,0,0
TXN106849,45.690025351231284,15.905024758749697,1,3.1886886401517605,0,0
TXN106850,13.435569430205279,11.458691469874358,2,5.048020627901302,0,0
TXN106851,12.523878593538013,14.515339593187282,2,4.38291762259295,0,0
TXN106852,148.59267736445895,15.09608323178676,1,10.967163533208957,0,0
TXN106853,230.87278581563967,16.243969340833925,1,17.365006316189525,0,0
TXN106854,46.824038735584175,15.357752421678487,1,2.1634196381831132,0,0
TXN106855,17.74616089869115,12.933434830208135,2,7.903580640403076,1,0
TXN106856,242.72874198488236,1.005042115291133,7,417.31958356180934,1,1
TXN106857,103.0259211810442,14.199769226029591,0,7.898481230526229,0,0
TXN106858,69.67547269663504,17.061376687658004,1,8.775489664377702,0,0
TXN106859,35.977897300746584,14.338003511500741,3,1.6678878880220562,0,0
TXN106860,38.640280951879134,17.798589939344396,0,4.317990637161378,0,0
TXN106861,46.26172589554045,4.188701696447209,0,0.9078965643748897,0,0
TXN106862,70.91647018626153,9.203343120055063,0,33.26056614498415,0,0
TXN106863,47.276115864717625,9.194885950845118,0,18.89211560237151,0,0
TXN106864,77.35316193838153,6.37144468928509,1,4.49815585886043,0,0
TXN106865,60.596316472052195,13.278272551724614,0,3.093600196218666,0,0
TXN106866,29.713685203921287,10.81474382267695,0,8.961421205583845,0,0
TXN106867,16.237261146361554,15.810958753377738,1,6.115290040666456,0,0
TXN106868,24.23797333814788,12.587334738572423,4,13.848234660742321,0,0
TXN106869,28.54746552842094,15.568864067748525,0,0.6430775889655116,0,0
TXN106870,930.9333463639296,2.8059153130732333,6,300.07844609638266,1,1
TXN106871,57.874251004062685,10.206141990090515,0,0.7382229451255451,1,0
TXN106872,18.458598492784446,16.077654316662432,2,26.304533796626703,1,0
TXN106873,101.82332414702938,18.918278950718776,3,14.921998510371598,0,0
TXN106874,245.99549406291987,6.729753104364167,2,5.6415686347564815,0,0
TXN106875,118.57644148413777,16.940237807177226,1,8.235792938268379,0,0
TXN106876,355.9286666362398,3.5018403775355225,10,563.1899208719149,0,1
TXN106877,60.687031011636606,9.571726763894935,2,3.3339923397443223,0,0
TXN106878,87.69453933764271,12.26639229749189,1,4.990535831832789,0,0
TXN106879,76.74332696004522,9.676119080275914,1,2.0181194086784213,0,0
TXN106880,50.794674898201364,15.852162844131874,1,5.9966500633676585,0,0
TXN106881,149.00302901513578,23.0,0,10.480796250462806,0,0
TXN106882,161.40806474626618,14.950975627909935,0,9.751915498858823,0,0
TXN106883,38.8087144789423,10.674321399707868,2,13.089981977003596,0,0
TXN106884,134.41655985948032,20.273163989359208,1,5.75426611740292,1,0
TXN106885,89.028122068704,17.774317426954646,1,11.97811549635069,0,0
TXN106886,111.19318842649133,9.806959025769931,1,16.86597261903914,0,0
TXN106887,69.98146625866188,12.69334324542626,0,7.953288674024098,0,0
TXN106888,67.09085465950126,14.79399246570534,2,1.1740194580884846,0,0
TXN106889,86.21766706166204,20.040691286615246,0,5.784633477629439,1,0
TXN106890,74.54944633648641,8.892243130709726,0,12.019896770534896,0,0
TXN106891,153.6902036158878,10.049876742225994,2,0.30117058177302464,0,0
TXN106892,285.0413394271861,15.576761024976575,2,1.0643349425673292,1,0
TXN106893,113.04157695518765,13.21788455703824,0,8.256594317829503,0,0
TXN106894,115.73202108360556,10.072059675495282,1,3.7548099256056133,0,0
TXN106895,18.11536582973282,8.241970248268897,2,5.741231390296066,0,0
TXN106896,236.76318081705108,9.942240253347467,2,10.231299020611978,0,0
TXN106897,83.65164168303083,10.847601415989741,1,5.917057056432472,0,0
TXN106898,19.98989431337264,16.308087683744453,2,4.5762488528168195,0,0
TXN106899,12.857364142847329,9.791401527806144,1,30.3878038728281,0,0
TXN106900,22.31881883182522,10.101700114338954,2,16.043659600732482,0,0
TXN106901,60.500795208662424,13.718503262706076,1,2.297749684250009,0,0
TXN106902,52.5377191679577,17.421989598454765,0,1.7812184232884551,0,0
TXN106903,74.59792436970365,11.568103973337795,1,20.027056419836782,0,0
TXN106904,22.71878623638081,20.443207583226425,0,4.9692945707026865,0,0
TXN106905,62.080225632000804,16.568869157809853,2,6.7547084729453575,0,0
TXN106906,32.11112823109363,8.932316010758399,0,9.914219933875291,0,0
TXN106907,227.22291742679357,23.0,1,4.2803094111844455,0,0
TXN106908,26.636906962671173,10.798969610853772,2,3.2918908655798615,0,0
TXN106909,47.13796538074859,11.847748247967356,1,11.134101751023135,0,0
TXN106910,157.09364138932207,11.33470313409887,0,6.844592226702607,0,0
TXN106911,93.44542683471202,12.170599430046213,2,8.064108125886333,0,0
TXN106912,82.46867642215547,13.645123174475271,1,4.589022762563035,0,0
TXN106913,51.216838354434415,14.495660722744303,2,10.1419940750122,0,0
TXN106914,86.27029817756927,16.36523665085129,1,11.270511704152128,0,0
TXN106915,112.88501402231644,16.8507369899615,1,9.396333358482211,0,0
TXN106916,20.384987687748453,9.071482426249258,1,5.696569720278006,0,0
TXN106917,16.987324278665707,13.761483696221998,0,10.180472692350385,0,0
TXN106918,74.85117000984897,15.878185641946175,1,7.563226522458835,0,0
TXN106919,31.67178425160763,11.457173097847395,2,8.24321424949469,0,0
TXN106920,172.0669042246845,16.847395377251335,2,4.03318037964311,0,0
TXN106921,45.12494820409251,16.47485993769832,0,4.95015633193119,0,0
TXN106922,55.24589575099131,19.95759516571548,1,2.343785112071544,0,0
TXN106923,10.962929610969365,23.0,0,13.126693902409087,0,0
TXN106924,16.19119850812467,9.511570650940865,1,6.297423530610644,0,0
TXN106925,59.49669129083862,17.394927015811675,1,2.1377806516097313,0,0
TXN106926,16.16979484986319,9.434497698068489,1,2.3065004829633633,0,0
TXN106927,23.326136435883488,13.537926477836056,2,0.3488294477392755,0,0
TXN106928,12.076638482337462,19.43262545880912,1,3.7083128198064945,0,0
TXN106929,31.604335918367504,15.061426023194032,1,3.183688115224575,0,0
TXN106930,88.48958942381005,17.965292329985484,1,2.5020369601467656,0,0
TXN106931,53.343147071795435,17.432330952378383,3,6.162650333883769,0,0
TXN106932,37.66660725598025,13.555495155431224,1,16.38577238453932,0,0
TXN106933,111.12177374225622,7.358531013379813,3,16.139748318961185,0,0
TXN106934,19.906351028498257,16.169337612024215,0,5.762762427240072,0,0
TXN106935,47.01148921762343,6.458637331402499,3,7.550295796162175,0,0
TXN106936,64.55674122586032,14.366788709649319,1,8.259189744078416,0,0
TXN106937,12.46960875109697,8.434285281580689,1,3.527089910413717,1,0
TXN106938,141.39325118509268,13.909502224174473,2,5.3741514159875745,0,0
TXN106939,104.83453468261663,17.547905392948127,1,13.234651493315235,0,0
TXN106940,111.75568369086446,17.392836208308985,2,1.519394675226323,0,0
TXN106941,97.48517668452648,12.210326857726052,0,9.43579348050113,0,0
TXN106942,66.79402740036723,16.04160708527284,2,16.61086044730602,0,0
TXN106943,34.54249005419789,10.88301240744564,1,2.8473167906274655,0,0
TXN106944,241.9473875763878,0.2377699528140318,10,841.7829486552736,0,1
TXN106945,116.02052203702924,7.414675522343352,2,5.447491232679993,0,0
TXN106946,14.131902591113894,17.094267072405785,1,0.535472292768539,1,0
TXN106947,6.762485062685085,9.01449179864138,4,9.84038804550138,0,0
TXN106948,13.581645385545455,17.10155181209965,3,3.2180204704303916,0,0
TXN106949,42.31331317380017,11.690586780317368,0,6.227478994424406,0,0
TXN106950,119.70598864085473,20.5845804036772,3,9.748014321017722,0,0
TXN106951,49.90505975225681,23.0,0,6.037644854789553,0,0
TXN106952,108.23035305647923,22.728392901084874,3,0.9164024846101314,0,0
TXN106953,13.477197958041963,15.58693511369037,1,1.3915667456101004,0,0
TXN106954,117.98383433591167,15.997226707763073,0,5.601342772696579,0,0
TXN106955,47.63455832599006,14.068448113788188,0,2.209887515353241,0,0
TXN106956,31.351173403737917,20.70821677642605,0,36.10450319669811,0,0
TXN106957,87.37745790511346,15.60398151603345,0,5.067027740844168,0,0
TXN106958,111.44410526660931,11.540714690075754,1,4.463005388763517,0,0
TXN106959,71.17371980843114,19.782407794157418,0,8.186718608967034,0,0
TXN106960,120.78277118006594,17.865167114771168,2,12.775437525751986,0,0
TXN106961,27.89999324512725,13.596075995428556,1,2.168284638710441,0,0
TXN106962,64.37702716772992,14.54429850609357,1,4.359928715619599,0,0
TXN106963,350.6165555485072,16.484190089261812,3,2.6075978089734675,0,0
TXN106964,89.28286479767473,14.412520430322266,0,11.56696554168464,0,0
TXN106965,101.38694166480195,14.821773537211303,1,11.25082915855948,0,0
TXN106966,170.32321997055035,12.75660438146764,0,8.565688969655866,0,0
TXN106967,259.33691067738334,17.264004313414134,1,2.420464273946255,0,0
TXN106968,51.75498079532773,14.10157090662503,1,9.177466980189537,0,0
TXN106969,106.89506868298645,14.387196247210886,0,14.069054711077488,0,0
TXN106970,63.45700750600208,8.9547864878964,2,1.8069779696799704,0,0
TXN106971,68.31047578769133,16.758346626119305,3,25.5743056953434,0,0
TXN106972,121.91126003608623,16.41470192862243,3,5.66714221475373,0,0
TXN106973,84.97615247681884,17.309367185695915,0,2.443464272000423,0,0
TXN106974,64.98676411223572,11.262690027736317,2,3.739755434597059,0,0
TXN106975,87.00691013741293,13.524113975504916,0,7.929811225663248,0,0
TXN106976,56.452047923414725,14.7928150980966,2,1.9572203491064015,0,0
TXN106977,5.799504162875866,12.406276408618066,3,3.3729053624228373,0,0
TXN106978,95.08379510269086,16.440811884224726,3,3.0117907368958923,0,0
TXN106979,35.81212554914093,13.934702412765658,1,12.501333540851522,0,0
TXN106980,81.8185200274874,10.505922922627036,2,0.9495399137538841,0,0
TXN106981,22.399472439965553,16.059085250348218,1,8.436262444426836,0,0
TXN106982,40.89685520837694,20.811444768822494,2,5.168065059166144,1,0
TXN106983,25.875766124006383,17.579495914544452,4,2.646790467823354,0,0
TXN106984,66.89957796234454,13.430172496248323,1,3.3773768000027466,0,0
TXN106985,21.58307528237163,9.572134801197691,2,12.795036647384022,0,0
TXN106986,73.97550693275308,15.92186838801298,2,4.859386728838178,0,0
TXN106987,166.32912244842558,15.026378465212241,2,0.48612232673312333,0,0
TXN106988,17.48899290252438,14.094341735533668,0,4.294330211655643,0,0
TXN106989,33.094845203899055,20.102347458121773,1,1.6472056635461878,0,0
TXN106990,171.37889838262674,8.117303414314428,0,7.423819084331759,0,0
TXN106991,61.83924103202094,15.522805949937778,0,4.8928515194144255,0,0
TXN106992,41.410015176454166,8.651993394050184,3,6.121376528174277,0,0
TXN106993,46.351292846004135,16.356306343398707,2,14.139310856501279,0,0
TXN106994,57.93714361537876,16.765451855099354,0,2.0602068849161816,0,0
TXN106995,20.669977017609288,15.267297943840271,1,3.8419734765309284,0,0
TXN106996,39.47192299695369,19.94475347697351,1,20.556445376450032,0,0
TXN106997,48.794260625342254,12.865830474308751,1,5.84975521205628,0,0
TXN106998,72.54339366619747,6.911059473158823,3,5.789646845916959,0,0
TXN106999,53.80399183473528,15.685680488161983,1,12.983062066406672,0,0
TXN107000,54.90664004446759,11.598172934728497,0,25.972836773335537,0,0
TXN107001,49.5187872261844,20.836685989636578,0,3.913556461096089,0,0
TXN107002,31.339873318801082,11.790399128988199,1,3.848308537174952,1,0
TXN107003,70.19640955207282,13.180240641243472,1,11.971415046895357,0,0
TXN107004,57.06642355390498,12.063896400343886,0,1.6732814606274602,0,0
TXN107005,109.48333708234503,10.131294855472765,1,9.09781770660276,0,0
TXN107006,40.73942377165188,20.27894539753838,1,7.744134384398105,0,0
TXN107007,74.6792391625873,15.384779809358303,1,7.411151163633139,0,0
TXN107008,15.277071865650374,19.13436405786075,0,5.853577902843659,0,0
TXN107009,35.9389852931979,12.949567967623961,0,19.73624408245805,0,0
TXN107010,59.86429855279263,17.82186961682372,2,19.736817207419126,0,0
TXN107011,99.82278059481068,18.259297767360337,2,4.3343302067185565,0,0
TXN107012,46.94423938233009,16.489814455331384,1,10.532992417826318,0,0
TXN107013,81.77981128533432,21.01847521392125,0,1.118705167601394,0,0
TXN107014,142.5420821615383,15.872181541729908,0,0.7511195121783965,0,0
TXN107015,142.27684925498804,16.694712949722362,1,0.2613740764052759,0,0
TXN107016,87.10313635539148,14.965237097524943,2,10.297665302896599,0,0
TXN107017,33.76844150634578,13.627622919337195,1,4.087491426338936,0,0
TXN107018,107.79221118767965,17.20385958095948,2,5.138367950923277,1,0
TXN107019,63.42830795828365,15.998834362832895,1,5.248037798580346,0,0
TXN107020,106.25610395566171,11.553729202809683,1,15.368164041970934,0,0
TXN107021,84.62131494936499,17.094138190511032,1,2.0427257386630773,0,0
TXN107022,32.390316744977035,14.436737244084684,1,8.009782725682712,0,0
TXN107023,69.66045207869401,14.239247144764713,2,2.442346956531659,0,0
TXN107024,83.04496320962905,11.489935597537636,1,7.303110077277315,0,0
TXN107025,19.41109130606716,13.825597059653026,0,21.68115825117743,0,0
TXN107026,125.73455200463557,3.011269173937208,1,0.6522665676535637,0,0
TXN107027,280.91554484379304,19.27613786466445,1,16.739503315648424,0,0
TXN107028,139.78923739390694,8.60442670488559,2,11.815185441878455,0,0
TXN107029,23.290998808454027,13.764019219852525,0,5.653586234362943,0,0
TXN107030,90.50204144208232,11.384813360385024,1,11.704178995574274,0,0
TXN107031,71.46323945687334,8.477902769739986,5,12.5864681634713,0,0
TXN107032,38.024222189909906,23.0,1,12.37204400296326,0,0
TXN107033,116.83975300101089,10.736910237533335,0,5.75101126321949,0,0
TXN107034,128.20031032980276,18.815156158399297,1,2.733702253688813,0,0
TXN107035,70.31056114444239,18.739300025992073,3,4.389229663731978,0,0
TXN107036,18.082891066643796,11.382181129620033,2,10.47861368808025,0,0
TXN107037,54.428076714320675,21.725955411866543,1,3.1261866345885405,0,0
TXN107038,86.1311876275663,13.14579419787886,4,3.369446188282037,0,0
TXN107039,57.89656813806631,13.090577619794141,1,2.957565336089276,0,0
TXN107040,12.817892793576549,13.767889016978597,3,3.3029424311837547,1,0
TXN107041,78.19347795336198,9.690596170826206,1,3.0198754662230454,0,0
TXN107042,138.61372526807773,19.240880576736984,3,8.689614661265248,0,0
TXN107043,157.92696313848032,18.316390523647904,0,3.479826387812643,0,0
TXN107044,148.96964023533312,20.382889934362474,3,4.0867448882034685,0,0
TXN107045,116.8118931303212,14.128837187640729,0,9.492716439742152,0,0
TXN107046,112.61943559688521,17.55872408487501,0,9.096465862164958,0,0
TXN107047,394.3882759062577,7.1027710098782375,8,625.3553262155368,0,1
TXN107048,110.93111269366528,10.603816309378258,0,12.720195129628252,0,0
TXN107049,53.573169545168255,17.3162464840535,1,2.816453020210519,0,0
TXN107050,227.09780871386846,9.301008965126146,1,6.81099356341845,0,0
TXN107051,132.12579976478187,14.44896385709018,1,5.735875496783822,0,0
TXN107052,79.73929589231953,19.756447788747856,2,6.027121172158468,0,0
TXN107053,59.234377357654,12.586346689774087,1,5.373059202824808,0,0
TXN107054,43.752526299674734,14.803616404770136,1,3.0839686656262155,0,0
TXN107055,27.23697722776238,10.167313007429714,1,2.7277675120855966,0,0
TXN107056,44.897432157374546,15.61113029516471,2,2.1025636207254546,0,0
TXN107057,105.59319418005897,18.594054002835463,1,0.4325051943282723,0,0
TXN107058,232.1000366638991,17.054578631730855,0,5.1205206748554986,0,0
TXN107059,64.82594089369563,17.92810295760357,0,7.93188139211969,0,0
TXN107060,114.02904915559274,5.55486279101979,1,0.5965548020308761,0,0
TXN107061,39.00730832326424,17.497635645407428,0,15.740846706792697,0,0
TXN107062,61.74244717086278,19.46418800952847,3,9.376842404671427,0,0
TXN107063,40.31160979692035,16.726727680752376,3,6.756673255684893,0,0
TXN107064,15.523089917004839,15.315590017842695,0,7.7436598155946,0,0
TXN107065,61.92709125925561,13.873928822743762,1,5.691202873222831,0,0
TXN107066,84.20236032499974,15.779143467376054,2,7.28676880472975,0,0
TXN107067,3.1056291721864424,19.86278822580038,1,12.143164897554461,0,0
TXN107068,49.62117367947108,22.945336056094565,1,0.994860067905169,1,0
TXN107069,96.04290351945535,15.943095099553716,0,8.043264331541764,0,0
TXN107070,152.24831777841257,20.959895205641857,1,11.064509524986043,0,0
TXN107071,69.64427945818171,12.910054941001889,1,8.200110282117825,0,0
TXN107072,898.0430561137541,1.8871706382512357,6,777.7878178490944,1,1
TXN107073,336.0131626061285,20.560731718264226,1,6.865120933368037,0,0
TXN107074,97.5765371574575,15.274914520269936,0,4.537142642802417,0,0
TXN107075,27.762976748046484,20.80758164853796,3,5.027707132390882,0,0
TXN107076,91.3467552278571,14.314538743573483,0,0.7192308386822963,0,0
TXN107077,47.22564216706801,11.514612077121733,1,17.937079913121625,0,0
TXN107078,56.85298081561497,12.864255001016954,0,10.052033863733257,0,0
TXN107079,83.53138368686541,13.787791745365235,2,13.325844799886184,0,0
TXN107080,207.84754578426146,23.0,0,6.538991819630633,0,0
TXN107081,74.1754242289486,11.593632358055052,1,23.16601682897978,0,0
TXN107082,144.75557434822096,10.923849185637621,0,7.104283165987274,0,0
TXN107083,26.948569887295694,5.565770797896423,2,4.591183510572697,0,0
TXN107084,106.93454456305705,10.926947652056066,2,6.110654256624324,0,0
TXN107085,27.92243332016977,11.680989332762131,1,1.969985593492531,0,0
TXN107086,67.69178402499972,13.934932328495082,0,1.4548838847444843,0,0
TXN107087,64.32043850879003,15.431666603412381,0,15.321256395662457,0,0
TXN107088,73.59399091017657,17.474003103333096,2,16.361382199212365,0,0
TXN107089,165.2742642790248,9.893949842324783,1,3.540453466754132,0,0
TXN107090,166.5950018172091,13.891088594079495,1,1.0865842194253563,0,0
TXN107091,99.82925302833192,12.332758507683907,0,3.5400810079248792,0,0
TXN107092,78.51989585944405,18.403220762439776,1,5.360399239986484,0,0
TXN107093,56.33716319540508,14.083338501743432,1,16.460129831036515,0,0
TXN107094,105.41643477393471,8.66854302842099,1,11.382753717896295,0,0
TXN107095,83.60284054825962,13.631093783979473,1,22.76107377475561,0,0
TXN107096,47.62397172738133,6.233166179758072,1,7.5301721318884915,0,0
TXN107097,42.42594719038482,14.26807596133335,0,8.431107481287869,0,0
TXN107098,119.5315967510009,8.984920466629365,4,7.899994333347918,0,0
TXN107099,32.750739736413934,15.123832264598022,0,0.26103527116793873,0,0
TXN107100,67.0536603624045,10.718928444177326,0,5.469292582008499,0,0
TXN107101,39.38432245902934,15.01746107542773,2,7.313352046868921,0,0
TXN107102,74.10723269991125,11.791258765767845,2,5.720518733579527,0,0
TXN107103,12.63447927688447,15.11886251316748,1,12.477449178540912,0,0
TXN107104,139.1900589236017,13.14156805116375,1,10.385028383482005,0,0
TXN107105,88.82584525226989,17.01995467188257,1,3.2442008292036157,0,0
TXN107106,40.36021450563151,9.898299282538781,1,9.230768823533994,0,0
TXN107107,37.6148270581603,12.650996175561898,1,0.23002256016348563,0,0
TXN107108,39.57276419858391,13.267287855168806,0,8.279324522651125,0,0
TXN107109,74.67817120283422,15.56280599787204,1,4.613394014655998,0,0
TXN107110,198.6274684291718,14.354104098087381,1,10.330989864932459,0,0
TXN107111,33.786346255490194,19.840934342490158,0,14.034661145150736,0,0
TXN107112,37.31833155469044,13.15545446260231,3,7.393723157714701,0,0
TXN107113,91.96516285818564,11.49533695774501,1,2.328767910440855,0,0
TXN107114,54.0901231730874,10.120035630624985,3,6.547380861686421,0,0
TXN107115,213.68035883849882,17.95707453368118,1,2.600891986789348,0,0
TXN107116,34.83440103457761,10.140819958929729,0,1.5256843687325987,1,0
TXN107117,51.52735577598928,14.153440572330588,1,3.922990825825399,0,0
TXN107118,59.6479014356924,23.0,3,0.7116267964311034,0,0
TXN107119,149.38372724894128,18.109582398004207,0,4.1512075756627205,0,0
TXN107120,121.02760045434229,9.634674211293822,1,22.567135518749097,0,0
TXN107121,88.70217113470946,4.987776129461162,1,2.5446543221912843,0,0
TXN107122,30.911945906807148,11.339388544775698,1,7.800967555182944,1,0
TXN107123,62.04276983593694,10.799579652169411,2,2.71763292278959,0,0
TXN107124,107.74897982582702,19.56870816454608,3,1.4899363367672989,0,0
TXN107125,134.56818801749938,12.405470834821093,0,6.111392528509702,0,0
TXN107126,59.62835952310262,12.204458477936923,1,2.901659201410615,0,0
TXN107127,41.527278962717716,15.608557114434285,0,0.6502920515058251,0,0
TXN107128,122.68710391820376,17.583461425183188,0,37.26069366979259,0,0
TXN107129,149.03402739888534,13.608418934648231,2,8.033517978724621,0,0
TXN107130,36.17561170915974,7.5910543686471845,1,4.832735778054726,0,0
TXN107131,57.027886987052554,22.683292009624893,1,19.674931646446844,0,0
TXN107132,158.98647383625894,15.72002777797577,1,2.530637422767645,0,0
TXN107133,26.90498978016262,10.563796046625985,3,3.314563763011842,0,0
TXN107134,46.67938173807655,18.864563858586266,1,5.332600152786489,0,0
TXN107135,63.803117318921274,13.400653656212878,0,4.990754843127139,0,0
TXN107136,630.372906711224,5.036991177158553,6,143.53108019911696,0,1
TXN107137,14.463182943736735,12.893524914045226,2,0.9384706132319636,0,0
TXN107138,45.46161026251154,11.225864524505957,3,14.169470373231466,0,0
TXN107139,42.126696097435655,11.111617251183763,4,15.705662030919799,0,0
TXN107140,44.42074855339854,10.5362553669032,0,3.86558046190463,1,0
TXN107141,81.74195404062542,17.578370424167105,2,11.771761058907241,0,0
TXN107142,42.91957694169143,18.097522923708503,0,9.550364370238444,1,0
TXN107143,117.55855958474841,23.0,1,9.151112557742477,0,0
TXN107144,33.94011335254113,11.390476760034456,0,8.315165582961935,0,0
TXN107145,235.11074077531322,9.056814788380576,0,6.930741511860782,0,0
TXN107146,20.7849987433327,14.703718714321255,2,1.096578698054397,0,0
TXN107147,131.76036944582384,23.0,2,7.95575894369541,0,0
TXN107148,188.68244536007364,11.37872036971325,0,3.1465451050903077,0,0
TXN107149,114.8601557945565,9.936017980136063,1,8.463891223657626,0,0
TXN107150,91.7767150217866,9.738402677589548,0,14.583231294805136,0,0
TXN107151,72.58557407483265,17.727792761090043,1,6.254579894498052,0,0
TXN107152,74.47330388155197,20.96383378552389,0,4.291985595085029,0,0
TXN107153,89.64553011118397,9.050272704943083,3,6.360276206506487,0,0
TXN107154,9.166195135966031,18.171779689050382,1,0.9397080822840382,0,0
TXN107155,51.23820860958961,13.559276313218048,0,5.925047249581762,1,0
TXN107156,81.46811347961113,17.53616203851772,0,5.381517861650055,0,0
TXN107157,113.4509989566142,19.448896990938035,1,12.166767077390466,0,0
TXN107158,44.61933483051187,15.459477710429674,2,9.223273703417751,0,0
TXN107159,66.03252250284339,12.224501828299491,1,8.372070658844182,0,0
TXN107160,59.11929499099186,11.028693563021726,0,5.823100358318487,0,0
TXN107161,16.268200297681155,14.811382793517947,1,0.26314555896147573,0,0
TXN107162,188.286098504208,12.754307023344856,1,13.103643120048233,0,0
TXN107163,190.20125397379758,12.607807852353831,3,4.004471223880642,0,0
TXN107164,456.091012220995,3.419399463591045,4,494.99680251959956,1,1
TXN107165,106.42778247898752,12.544072298709509,1,2.260820554263923,0,0
TXN107166,190.11725579743043,9.176102175477624,0,7.490668816571695,0,0
TXN107167,79.61182375936686,12.666566239066054,2,13.006835958217613,0,0
TXN107168,144.78040406851702,13.232982009864298,2,5.274444228793625,0,0
TXN107169,44.832158924372926,15.686714536493445,1,15.152351876595695,0,0
TXN107170,80.12456868783497,14.958403525928587,4,3.418730344204927,0,0
TXN107171,25.999336342485808,12.48209672553929,4,3.7212957614484483,0,0
TXN107172,35.73085765844248,9.788990280605017,0,8.095436544119329,0,0
TXN107173,108.12848055259438,16.598447880557522,0,27.309220116526305,0,0
TXN107174,50.843970447271005,12.864363438189294,3,10.864316792510834,0,0
TXN107175,231.3913511159433,14.390596351717807,2,9.01737729494539,0,0
TXN107176,853.837949405861,0.14931088494391886,10,566.1903060332902,1,1
TXN107177,149.99705114243542,15.608362828841877,2,10.174977222484468,0,0
TXN107178,42.506267484531634,11.491182343159561,1,4.830168480304914,0,0
TXN107179,12.392468369748668,9.286506884556875,2,13.04074727819231,0,0
TXN107180,185.4842052137185,10.573071320680837,3,9.164648263241677,0,0
TXN107181,91.66880845735115,13.46680111333676,0,12.027134823756608,0,0
TXN107182,40.48548095361482,18.08080816582434,0,7.722860212616159,0,0
TXN107183,90.79218693749041,17.231958319486626,1,2.8528122522855637,0,0
TXN107184,22.054851386039683,16.964253144180038,0,7.69371641600309,1,0
TXN107185,126.8591685466316,21.233792801543757,1,1.7097786944583495,0,0
TXN107186,132.3918398706932,15.132559412224001,0,6.879449553207869,0,0
TXN107187,62.0337086993091,23.0,1,6.0525069592855365,0,0
TXN107188,80.32350823858634,12.398390743549559,2,10.435269710666777,0,0
TXN107189,103.38995277923152,12.45994179446073,0,15.743565452938558,0,0
TXN107190,59.30885415226393,16.516209873375704,1,7.731937589709734,0,0
TXN107191,138.19566657519135,11.534033997569136,1,20.430934587390155,1,0
TXN107192,99.84733410414704,13.960928214019969,0,11.5353776896604,0,0
TXN107193,21.262978545045446,9.535993941531448,4,24.008238333131207,0,0
TXN107194,71.48801015519079,16.180340169016674,3,2.2932229329841096,0,0
TXN107195,68.60280880678113,17.856224521424227,2,12.449076916402182,0,0
TXN107196,95.40773517214406,13.234684241432506,0,1.3811531514847313,0,0
TXN107197,313.86157260101385,12.346741781262509,1,3.0816374227019634,0,0
TXN107198,87.59817580209635,18.80728879363803,2,16.289674148344993,0,0
TXN107199,41.532467775844026,13.565176126168941,1,4.128191546585751,1,0
TXN107200,39.18144473719522,19.461191064648446,1,10.57642404644773,0,0
TXN107201,55.58304045995964,11.211536616579213,0,6.698973771389486,0,0
TXN107202,67.08032922383238,14.826560296853934,2,19.55467242783476,0,0
TXN107203,34.30596860766534,17.47605170912539,1,7.547145340153115,0,0
TXN107204,102.40919129671015,19.107012358334956,2,15.149601660252918,0,0
TXN107205,599.3531035281749,4.546750869832705,4,557.2973623734877,1,1
TXN107206,215.90150718964097,12.05287510720228,1,4.05792356981429,0,0
TXN107207,55.75628953465535,19.9918254543143,4,10.171733008291872,0,0
TXN107208,33.05028725682118,16.211500653502384,0,6.939056545614706,0,0
TXN107209,141.99742045357232,7.322817673358099,1,2.012348074987211,0,0
TXN107210,168.9112395014824,4.975893024197362,0,7.858437327129496,0,0
TXN107211,34.37780648817152,12.352568335873707,1,4.70547987848287,0,0
TXN107212,97.7317182591184,4.26210766852186,0,2.3319904366009476,0,0
TXN107213,25.592228938192605,18.592829120793986,0,2.815731226374094,0,0
TXN107214,27.27375461158085,12.401064038444417,0,1.05460041127729,0,0
TXN107215,56.85388015832412,21.994231564274187,3,0.8609907324706433,0,0
TXN107216,91.72876491231631,14.371335809409878,2,1.6015379466416926,0,0
TXN107217,124.95039142121527,8.81741595731964,1,1.2478704087418826,0,0
TXN107218,138.76273589818635,16.848299327754084,2,4.313143751577158,0,0
TXN107219,74.06228819630752,19.396898189141456,3,2.101161889789372,0,0
TXN107220,356.07926108223074,0.0,4,606.1524689920266,1,1
TXN107221,84.12151878869231,12.119988960378192,1,8.167787993251753,0,0
TXN107222,65.14739209167058,10.618309629706262,1,11.272650859299285,0,0
TXN107223,54.36570265942955,10.903530204558317,1,0.365870603088184,0,0
TXN107224,118.75632763627111,14.754529230478743,0,10.3824965000445,0,0
TXN107225,114.55300723154316,15.266268811106453,4,7.910266973370402,0,0
TXN107226,47.471162172373916,22.60772879406924,2,2.2596523540393623,0,0
TXN107227,85.20006549110455,15.99352601244846,0,4.3364910859159425,0,0
TXN107228,100.40149852962901,21.375218458097535,0,5.598637374676069,0,0
TXN107229,42.670191542064785,16.49921334010203,2,5.1793419625005885,0,0
TXN107230,168.61061954487343,16.614646750172287,1,9.682582664649969,0,0
TXN107231,33.252559936493014,16.067499787279846,2,6.092664709397521,0,0
TXN107232,95.54952082009991,15.550281964536135,2,1.9595730462058103,0,0
TXN107233,34.58755538272153,14.67424100808831,1,12.127353441912192,0,0
TXN107234,27.663485623713985,5.525752054111583,1,11.026402430470966,0,0
TXN107235,82.58845152029734,11.77460607462702,2,10.555256923811477,0,0
TXN107236,49.46647387193154,12.848984387403128,1,5.141743214013963,0,0
TXN107237,143.91791917779904,20.918255395333624,0,5.79392366626365,0,0
TXN107238,137.65362209227226,14.208893753589074,2,8.31837739904091,1,0
TXN107239,84.8750366508155,13.800329254783808,0,4.895463928380124,0,0
TXN107240,45.18229659427575,14.501895193658084,2,5.2893334723375505,0,0
TXN107241,33.902798497411,8.533730460765998,0,6.268507383558347,0,0
TXN107242,33.74263440852915,17.76096445546943,0,16.174464276105958,0,0
TXN107243,63.99488750268092,15.755522539694784,0,13.776062676334549,0,0
TXN107244,31.653113176491843,15.097520575110268,1,2.924812796808202,0,0
TXN107245,93.76365322700482,17.247864383007524,2,15.10136642224537,0,0
TXN107246,16.240751636770927,13.822110226117378,0,4.352463358292823,0,0
TXN107247,112.59708373055604,9.896652953121412,1,4.954744030273101,0,0
TXN107248,89.53713840686903,14.715493857290431,1,1.184335642215538,0,0
TXN107249,17.419471536189263,11.464472569713758,0,6.500625721820027,0,0
TXN107250,25.607962559277055,16.633888092462136,3,2.6106711475600926,0,0
TXN107251,73.97096909160008,19.22221173071549,3,6.376431572499683,0,0
TXN107252,106.73750505546244,12.825753948137079,0,2.5508911115565374,0,0
TXN107253,28.888929251729344,17.952172764531042,2,10.348319256919199,0,0
TXN107254,157.34669720427667,12.99964300634652,2,1.6896971279940072,0,0
TXN107255,102.08704595512542,19.388273555768016,2,2.505549662333444,0,0
TXN107256,106.38743530574916,18.679251938909125,5,8.71101320329551,0,0
TXN107257,49.17843784708198,15.48124317503082,2,7.618071261786678,0,0
TXN107258,109.04102449400071,14.986367582036024,1,5.850812095533402,0,0
TXN107259,104.44453115327241,9.02890445552011,2,1.6521634937376273,0,0
TXN107260,81.94363389876258,11.068968137939926,0,11.470638737934063,0,0
TXN107261,71.03938168390103,16.488786544431818,0,1.8969918987764498,0,0
TXN107262,43.63194032924595,14.116901287581152,0,3.405816142689901,0,0
TXN107263,115.39492652006126,8.363943655772957,2,1.9805511627025782,1,0
TXN107264,22.207528296629242,16.73295262392576,3,10.524563124036856,1,0
TXN107265,145.56932408746917,5.2921496805611365,1,4.975063527452644,0,0
TXN107266,163.25251545318912,20.031577683913106,0,1.9890342999437105,0,0
TXN107267,13.301530129450445,15.517199754662023,0,8.177332299667512,0,0
TXN107268,35.54345606134399,9.932037489986097,0,5.781900687184782,0,0
TXN107269,133.43070270652694,12.07459519656036,0,2.371218421581744,0,0
TXN107270,21.930682354805416,14.915904620596987,2,6.545682187687443,0,0
TXN107271,85.68629117893605,11.825909695620762,2,12.790771661730364,0,0
TXN107272,34.87437374998814,19.239490491464732,1,6.868693553538869,0,0
TXN107273,13.382449213981344,20.268912254751616,0,10.503651352409689,0,0
TXN107274,167.34127016294497,22.526609696359838,0,8.634039017795043,0,0
TXN107275,32.10715220033513,15.33579528348671,0,9.493958879971412,0,0
TXN107276,115.79309106312951,18.495874217470778,0,1.8902337350380474,0,0
TXN107277,60.25161758157557,13.299428504302899,2,30.778232845869592,0,0
TXN107278,8.40339246851187,18.921595495247907,0,3.1879293443511507,0,0
TXN107279,129.9207791903223,8.204680909142198,1,5.775225063031217,0,0
TXN107280,105.76941595413177,12.565793386463397,2,1.2391504392944448,0,0
TXN107281,60.376592722372294,17.31063767551358,0,3.1395793166044323,0,0
TXN107282,70.49542733316738,7.207952905083861,3,9.797971953052526,0,0
TXN107283,9.425324860008953,12.448908338335887,4,6.375982344442664,0,0
TXN107284,121.22443799685914,12.035719150315892,3,2.258713525279978,0,0
TXN107285,171.50198437090594,15.43411350283831,0,6.855375509545437,0,0
TXN107286,37.08142093566147,13.167072984730831,2,0.8153043552188494,0,0
TXN107287,71.93673450834001,8.491974809045093,1,14.837782257335594,0,0
TXN107288,39.95790270157629,11.952452999646322,0,5.3577907313950055,0,0
TXN107289,89.53757498816748,18.574507060824452,0,6.221913525828668,0,0
TXN107290,33.87851885392951,21.33395913255295,2,5.946448299173892,0,0
TXN107291,53.926520829859484,9.30164001566224,4,6.373336917620383,0,0
TXN107292,109.48966508652614,15.500979238247039,2,5.038787426175593,0,0
TXN107293,117.20143006962758,17.99617379002709,1,8.102137949407656,1,0
TXN107294,122.88608932038832,18.76730127206439,0,4.264066676273368,0,0
TXN107295,185.06751619417633,20.81478519489936,1,3.653741797397356,0,0
TXN107296,101.18035760034337,4.665208101246137,1,18.75124017366188,0,0
TXN107297,63.41395107871686,5.3445180628812725,1,4.182648555818736,0,0
TXN107298,58.3382933410953,11.234672301329805,1,3.583393837464617,0,0
TXN107299,93.24294628237294,8.73164657208146,3,11.82659664667514,1,0
TXN107300,52.66505378528955,13.09933415353215,2,11.228544867845049,0,0
TXN107301,15.194196203173117,10.637985864160385,0,0.40269024841271106,1,0
TXN107302,76.44974223246521,18.24423136941811,2,3.4223812426395765,0,0
TXN107303,277.5739668885224,14.588875562241977,0,4.475691804499896,0,0
TXN107304,115.44928545392722,15.862442350636478,2,5.539469091313247,0,0
TXN107305,16.41624159198449,12.733318506614355,3,3.9539348914884576,0,0
TXN107306,64.84459266222363,17.96841729166042,2,8.165950885784923,0,0
TXN107307,54.712968837048386,19.387082676255993,0,5.5377754141469095,0,0
TXN107308,32.51156257095086,13.125532265359585,2,10.920810297737338,0,0
TXN107309,12.79300711898446,22.375670782218236,2,10.439806799248393,0,0
TXN107310,67.34304310892875,13.413095832991448,2,5.7383809388149505,1,0
TXN107311,87.57944393174967,9.330885059381691,3,0.7678196837257102,0,0
TXN107312,104.13170344096157,18.347850813993666,0,12.032728998567375,0,0
TXN107313,90.3637120945133,16.6814355088516,2,17.72025415297854,0,0
TXN107314,84.6662774411264,18.133745078410815,0,8.069278991518381,0,0
TXN107315,25.18871064875635,14.519500165561746,2,8.380652823689616,0,0
TXN107316,128.14611840141845,18.108691834305255,0,3.722090570808905,0,0
TXN107317,55.542116497633096,17.936133008536675,2,16.139275143385007,0,0
TXN107318,69.59892826432943,16.829235154169353,1,3.039620648316022,0,0
TXN107319,213.90370772296845,12.925087422699585,1,7.076471064287614,0,0
TXN107320,18.390233640045746,12.710373049912734,1,2.8915275367474953,0,0
TXN107321,83.4786965961303,11.894534195718315,1,9.31059736957028,0,0
TXN107322,222.5622570515015,18.088513082105095,1,0.8090996590208566,0,0
TXN107323,65.52162043269307,12.133884101232583,0,11.379572299276518,0,0
TXN107324,27.16433461926809,10.61654751419383,1,6.107000988745012,0,0
TXN107325,84.07325856798793,14.353802993850847,1,2.8533376048236225,0,0
TXN107326,83.0658467487965,11.449304701797159,2,4.8821528823093505,0,0
TXN107327,15.372048209253744,13.220105930037981,1,3.285423514238981,0,0
TXN107328,110.77267782375714,16.755244003260003,1,6.300433351453796,0,0
TXN107329,31.803991811107583,14.184716652960187,0,3.9567260166213454,0,0
TXN107330,178.86733033915527,16.471291241023707,3,3.780489022024624,0,0
TXN107331,38.63704308703266,12.12903132780956,1,7.462218017348751,0,0
TXN107332,41.41482169622493,7.144512377608789,0,0.560524867012369,0,0
TXN107333,43.87483883399004,21.826988708452227,1,19.238447081388816,0,0
TXN107334,99.38725260493548,15.654847130279126,1,15.25379999302248,0,0
TXN107335,9.473183088888305,11.420002447370544,2,1.9232089600270277,0,0
TXN107336,148.34969098013406,14.273826638424081,1,6.926205209727559,0,0
TXN107337,30.02869266827596,14.820616534292082,2,15.455326249282349,0,0
TXN107338,86.2199528155464,16.64951787164561,2,1.065934626341492,0,0
TXN107339,39.46130466082437,12.167283985272816,0,7.740120146891569,0,0
TXN107340,216.59429814982187,14.769809458866728,3,5.612963325420562,0,0
TXN107341,44.69959691890675,16.716555273300784,0,8.250149389659727,0,0
TXN107342,66.00074122541432,16.881751932339256,1,2.1522451174123183,0,0
TXN107343,8.693323867127061,13.938997096152745,1,3.4907718832123664,0,0
TXN107344,83.81645384555254,13.664563334510692,1,12.887974278059612,0,0
TXN107345,88.57253267437255,15.666879279140288,3,15.770615050087075,0,0
TXN107346,56.559100396347404,14.718372936311138,2,3.7684009725048053,0,0
TXN107347,5.348932081203316,16.13296055696449,2,1.8583241035704392,0,0
TXN107348,197.5393351616822,12.55042310522999,2,16.247389034483877,0,0
TXN107349,31.104736336369395,14.130330719372092,2,10.326281070330454,0,0
TXN107350,72.26560929683149,17.20975928098656,2,0.3615445520195288,0,0
TXN107351,75.22230217441219,15.469614270115295,0,3.110964168761678,0,0
TXN107352,36.188297734138274,19.926760683547904,1,2.612381179699338,0,0
TXN107353,169.31119929643216,16.729993726387015,1,7.48541391895584,0,0
TXN107354,139.50753367586282,22.82353250218971,1,5.964180051255634,0,0
TXN107355,74.50870235779014,12.357753870232385,0,9.77573683376518,0,0
TXN107356,166.23652449203422,15.34160530873214,2,0.3326699971127584,0,0
TXN107357,41.30093985413729,16.02956967737257,2,7.94525819727993,0,0
TXN107358,33.72498374506841,9.610238020235812,0,15.701567517105621,0,0
TXN107359,110.49929612173484,15.030660399619077,2,1.3892040614374763,0,0
TXN107360,109.04638406019083,8.212830557269971,0,12.224230055608018,0,0
TXN107361,61.51930221425908,6.885945778226417,0,10.741902362746991,0,0
TXN107362,85.55703033487488,16.91516553935513,1,6.227542037842611,0,0
TXN107363,30.82211194354718,7.8696730467653495,0,32.2521341011712,0,0
TXN107364,68.9720647336824,12.28740709428532,1,8.008826171796757,1,0
TXN107365,130.73398799770686,5.2096376286269415,4,5.306800524304739,0,0
TXN107366,161.16301908290112,17.79113463409537,0,0.5453018285744735,0,0
TXN107367,28.29605243165561,8.213512549743303,1,6.596970093354797,0,0
TXN107368,66.83745254086874,9.75526744198529,4,4.960705802346795,0,0
TXN107369,34.14866156615729,17.678836866409085,1,3.1710457158476557,0,0
TXN107370,88.75862972814495,7.833090505618502,1,2.7093583906571173,0,0
TXN107371,19.58910830071347,17.163255936961406,1,3.259630894759302,0,0
TXN107372,17.624371972611268,8.665063061869475,0,8.744220637065517,0,0
TXN107373,57.0533312529652,15.574680375409388,2,1.2790716754122107,0,0
TXN107374,115.17314073179355,13.25553589382125,1,5.931371816169744,0,0
TXN107375,16.66893613284936,14.867765209005036,3,2.448284223239337,0,0
TXN107376,41.909449464945226,23.0,2,4.167798365925409,0,0
TXN107377,73.55487535527938,10.919773161473486,1,20.802227342894682,0,0
TXN107378,105.7117167747287,17.355678217219356,0,1.2854919379786547,0,0
TXN107379,41.771980689593924,20.123541092527056,1,4.079337693503943,0,0
TXN107380,182.9562709205852,14.14061737791333,1,8.453222276070099,0,0
TXN107381,34.4200342283511,13.971893774134067,1,2.2256775326863214,0,0
TXN107382,32.79327316771395,17.3966107646384,0,2.03709606382851,0,0
TXN107383,103.25149055192662,14.142872367772611,2,17.95717387197322,0,0
TXN107384,43.17138037407942,22.18795552915867,1,4.314387719168665,0,0
TXN107385,68.74479711697647,15.3028686767473,0,2.7363933267297864,0,0
TXN107386,26.409014666205476,14.914311747005296,3,8.721302690707875,0,0
TXN107387,67.32789236072384,17.094162371434503,1,7.18369880169768,0,0
TXN107388,296.1949590690183,9.946200775053446,1,6.739051388101652,0,0
TXN107389,141.34124566887695,12.873074063946058,0,9.599971213839511,0,0
TXN107390,561.9073703490503,4.313660965245163,6,118.19393352876328,0,1
TXN107391,77.4936280481287,13.896308991680714,1,21.620628835274957,0,0
TXN107392,92.69402919323585,17.43392009704828,1,4.774277006213133,0,0
TXN107393,47.76263466483299,13.802065676991251,0,0.42583566749803453,0,0
TXN107394,33.21246605642496,12.713719327145593,3,2.822472163137881,0,0
TXN107395,59.62473588786109,16.92473331406803,2,1.8355696755983941,0,0
TXN107396,30.886818806463868,13.142656968821981,1,8.508250772750115,0,0
TXN107397,60.22971995883489,14.487371812699052,1,4.076513541533695,0,0
TXN107398,47.28696418287229,15.918657281116676,0,0.45653578663440214,0,0
TXN107399,60.0280488486617,9.88343218366396,2,13.109338603448561,0,0
TXN107400,51.668502987231236,13.153248202082858,1,4.975353694094395,0,0
TXN107401,11.407975008994109,11.421936514011946,1,4.177959298488879,0,0
TXN107402,42.36733982124866,8.439376726425609,4,5.04139362578997,0,0
TXN107403,137.94709778536225,10.129581814654411,4,14.217046787932226,0,0
TXN107404,78.38983325277961,7.33095853462683,2,14.20362794358659,0,0
TXN107405,135.9079714408362,12.358311158634308,1,17.491891059855668,0,0
TXN107406,43.46734414029999,13.590588172661928,0,3.3684014812205665,0,0
TXN107407,96.02888981269433,14.928532184056047,1,13.993391410784415,0,0
TXN107408,68.74106502758372,15.754211938892448,1,9.892116907411332,0,0
TXN107409,41.08280294152994,15.07428518072022,0,9.220653695042255,0,0
TXN107410,104.91348069095606,15.466213102266568,5,1.6908539682299604,0,0
TXN107411,61.19233368805432,23.0,1,4.227754022002015,0,0
TXN107412,62.29948219038136,12.610560959412759,3,9.625282151868038,0,0
TXN107413,29.34452752550872,12.68522837495368,1,0.44188620143489127,0,0
TXN107414,23.35159362152529,16.961134639277738,2,17.406999838559706,0,0
TXN107415,66.99670551225657,6.989945234509489,1,5.876606229314331,0,0
TXN107416,38.78696906065396,18.79219544421575,0,4.318513063478443,0,0
TXN107417,93.83447784166864,4.58862998837694,1,7.771804832183085,0,0
TXN107418,176.24497078834892,18.147893201991224,2,9.552313325214087,0,0
TXN107419,50.60614131530706,6.062496514194371,3,7.1315529171718115,0,0
TXN107420,138.32529502279385,11.966870938977607,2,5.52816524207815,0,0
TXN107421,99.20788798993712,10.363296808539031,5,8.155765438283366,0,0
TXN107422,286.3177736363099,9.326121364579855,0,5.582740581784137,0,0
TXN107423,80.25843152632103,11.171631132205993,1,12.534398828543322,0,0
TXN107424,181.1272599841774,17.18587738288314,0,3.4581508492944133,0,0
TXN107425,94.0830578861869,16.707622836318528,1,6.143724570864619,0,0
TXN107426,35.76938497400625,18.521568548201312,0,4.2434081283810645,0,0
TXN107427,169.64501709804034,14.711023220263622,0,5.345790581254138,0,0
TXN107428,26.286257796825005,7.218248945241656,0,12.873828560318238,0,0
TXN107429,81.99170140814174,18.319342315998718,3,1.4515003910365687,0,0
TXN107430,80.10442556519254,12.11101343245179,2,4.593425701376349,0,0
TXN107431,61.40059002521383,12.070754179232662,0,1.7101441734811313,0,0
TXN107432,25.40591542599259,11.859115184662693,0,16.600742379837637,1,0
TXN107433,43.677707910975386,12.414741585331168,4,2.4186257823036152,0,0
TXN107434,55.99572528824098,14.304420151820883,1,8.907387519162956,0,0
TXN107435,22.391880932935543,20.963326370326037,0,2.2418401880505674,0,0
TXN107436,43.10135133160617,10.3480945314506,2,4.119468931982247,0,0
TXN107437,121.11985012898542,12.669726700515263,0,7.4918201569086795,0,0
TXN107438,75.1797484190001,7.188124316858079,3,12.678116110594253,0,0
TXN107439,106.35929552839578,12.700021431053667,0,3.4118471593122974,0,0
TXN107440,144.4104848391672,15.415284396512593,3,7.3510337889248785,0,0
TXN107441,371.77851023651795,11.015312186895386,1,18.473355479729985,0,0
TXN107442,722.6172924980605,5.3455295436233605,6,369.4820063561537,1,1
TXN107443,89.2871693696955,14.947736003167085,0,13.343211836641862,0,0
TXN107444,30.66840348864559,18.447424358098456,0,19.559289183592917,0,0
TXN107445,59.464294767531094,10.802996110519134,2,7.479915911866169,0,0
TXN107446,66.35777847344117,11.196941448317142,0,5.742583837888305,0,0
TXN107447,12.742713877974154,15.082080868792554,0,7.821966006387657,0,0
TXN107448,100.79832642012653,23.0,1,4.377496398706532,0,0
TXN107449,58.07889372782676,7.756020044265202,2,19.61133575228559,0,0
TXN107450,161.2806270188721,16.01224152127717,1,1.8878408618986664,0,0
TXN107451,62.90772669661965,11.624430997950508,2,28.501891554235094,0,0
TXN107452,154.6653811930045,15.405309966928447,2,7.814072085536283,0,0
TXN107453,102.90519395034562,18.472093274126216,0,12.158862587719057,0,0
TXN107454,40.94421075264382,6.365438124129678,1,1.027458004395471,0,0
TXN107455,61.98071156510058,11.405310991301272,0,4.492322778543583,0,0
TXN107456,265.7113602046338,20.12325610638251,1,12.407746537658005,0,0
TXN107457,194.26305994581088,6.5327556535412,1,22.74403637325266,0,0
TXN107458,73.86281596250866,18.673043336904616,1,7.26132460907385,0,0
TXN107459,32.06494060718869,11.067902510531308,4,22.065230622032217,0,0
TXN107460,164.67656841920171,17.93875676998311,2,3.5343879017071815,0,0
TXN107461,126.35329744201563,13.093028992870028,4,7.305614239840967,0,0
TXN107462,45.50421236995365,14.461893568129433,1,14.133725677964783,0,0
TXN107463,42.68723112912552,10.56618329034305,0,7.780810183948789,0,0
TXN107464,584.6558700285449,6.441995256263343,6,279.4276776518874,1,1
TXN107465,49.612403329016814,16.136713971081033,0,16.546071435743308,0,0
TXN107466,119.332551543303,10.017599791060665,2,1.8090351140648728,0,0
TXN107467,46.27062372507722,16.3624707288735,0,6.096873278972792,0,0
TXN107468,38.34485738315027,7.07868634766716,1,2.132492033264484,0,0
TXN107469,145.66418318128473,9.683472834810274,3,2.6198202071593304,0,0
TXN107470,113.49714809455313,12.036471736602815,0,8.982029504421105,0,0
TXN107471,114.8018488180803,13.49620682710021,0,4.80091763576879,0,0
TXN107472,71.82465944161561,12.169352456964306,1,13.284593306511939,0,0
TXN107473,55.26204404002107,5.809642914070784,0,2.354512003683181,0,0
TXN107474,106.58682566043949,16.68594625123853,0,6.020221551322614,0,0
TXN107475,49.85581595171885,12.020802897901788,1,11.015521624743203,0,0
TXN107476,115.77753551008914,19.341450316360593,2,1.3891439847816176,0,0
TXN107477,108.95590756283389,15.232926838767707,1,18.58587150364025,0,0
TXN107478,78.46628521043445,8.595091272441962,3,5.550435271814519,0,0
TXN107479,119.70849664979882,6.936562515667172,2,2.7166459845601656,0,0
TXN107480,28.032223795458503,18.823878353324403,2,1.6824662989380865,1,0
TXN107481,22.696374833126434,14.48740693609993,0,2.3625654120204325,0,0
TXN107482,70.3696135343585,18.195407158898245,2,0.5673185026157438,0,0
TXN107483,74.25260399143605,11.534008854969844,1,2.0637518951141893,0,0
TXN107484,83.62901210772796,14.98936878202692,2,10.551633194346643,0,0
TXN107485,23.51879934124984,18.56080244305081,1,8.983536846352145,0,0
TXN107486,90.4907149581285,13.293432845830868,0,3.9586596966262544,0,0
TXN107487,70.84869489723572,13.774696787537772,0,2.875457959425702,1,0
TXN107488,49.90381304726374,8.065986379430072,1,15.743194131332332,0,0
TXN107489,14.693870583643136,16.16035612931531,2,34.01966470134092,0,0
TXN107490,145.59641985283687,10.090548602805427,1,12.787937685627478,0,0
TXN107491,11.375629365278126,11.924845273562465,1,23.857760206703446,0,0
TXN107492,46.94296510065985,15.351707803580053,2,2.0394739093158356,0,0
TXN107493,126.97512287878816,15.103724768314194,2,10.951038335709507,0,0
TXN107494,5.7927921715625565,10.230486031076722,1,4.7225095072933465,0,0
TXN107495,39.07296262648914,11.241586295662866,1,1.9946048159154517,0,0
TXN107496,84.29008918817811,15.037412137823878,1,5.187796652094479,0,0
TXN107497,14.09847714252795,12.448753808866812,2,9.303084244627534,0,0
TXN107498,5.410916672787568,14.239018988320042,2,2.620744520122547,0,0
TXN107499,32.09452553180694,15.20814421233616,0,7.329186245776728,0,0
TXN107500,91.17459372012826,15.255558560806001,1,0.9053843498641961,0,0
TXN107501,123.7720975276658,14.086243104306645,1,8.014987997149367,0,0
TXN107502,71.24596218946397,8.446631009457892,0,7.096497937507273,0,0
TXN107503,95.79354863207524,15.34617269107117,2,11.890914042136938,0,0
TXN107504,7.316547286081573,22.091019251496007,1,4.07142949531173,1,0
TXN107505,21.13950807888493,9.889587369109883,0,19.136522540947446,0,0
TXN107506,249.83059431681744,12.525349955036935,0,2.5112932648884874,0,0
TXN107507,120.77352791589844,15.145963015211567,0,8.845180938110062,0,0
TXN107508,27.826072649589584,8.531356269914342,4,10.864659068131656,0,0
TXN107509,30.741166744804566,9.680577811032823,2,18.66573113947171,1,0
TXN107510,118.03525977448052,8.71417956779488,2,3.171053552228615,0,0
TXN107511,108.01924413520892,23.0,0,2.452819562750311,0,0
TXN107512,37.02908070549293,8.88532328829936,2,5.656968269976826,0,0
TXN107513,71.5408590412389,14.45740403061511,2,2.8317760774318557,0,0
TXN107514,117.10548306478115,12.509646325771513,0,10.761881103957972,0,0
TXN107515,53.00889228269234,19.00188075123977,2,5.385066889229284,0,0
TXN107516,56.436992841232716,8.907197903871788,2,5.715012610376836,0,0
TXN107517,8.742486817659492,15.031706363125142,0,6.629467371509378,0,0
TXN107518,77.79851981224243,14.144589148098607,0,5.717977270553179,0,0
TXN107519,40.379339379114555,15.56272950008996,1,0.7739040178640534,0,0
TXN107520,38.617606700129386,15.321619814293499,1,9.759287086249977,0,0
TXN107521,16.012482424014834,12.910534627094307,0,1.7092428928580408,0,0
TXN107522,77.91987540701186,13.381663778237902,1,2.692165397547319,0,0
TXN107523,36.70142219508474,15.00906657864013,3,10.850191180472876,0,0
TXN107524,28.146958532500626,11.957103835096593,0,5.9196579431860155,0,0
TXN107525,104.18996534775715,15.364537774007859,1,3.620641074990502,0,0
TXN107526,64.44796418041568,15.770883507326005,1,0.6286317394851282,0,0
TXN107527,170.7531500450557,21.34567958072496,2,3.3782217021551904,0,0
TXN107528,64.13004358313148,14.762092656955454,1,5.687241527480843,0,0
TXN107529,34.994710059990155,7.532916275166331,0,1.831904084599242,0,0
TXN107530,2379.0306815840268,4.3181593458213126,8,1096.555433755224,1,1
TXN107531,99.75931832894912,15.153754866275076,1,27.145796935080885,0,0
TXN107532,253.53150471393081,16.06927580782853,1,5.857838789494711,0,0
TXN107533,81.7076742282297,13.430699766174598,2,19.182821621276446,0,0
TXN107534,89.35560706086258,8.183777597566365,1,3.2728856423931973,0,0
TXN107535,98.15457443800452,23.0,2,1.9786380692252106,1,0
TXN107536,151.13105197049424,20.61385291169327,1,10.42528095862902,0,0
TXN107537,61.1590560917353,11.121331691917035,3,3.8613161999662653,0,0
TXN107538,279.9084947880633,11.289836530652241,2,9.074498175318345,0,0
TXN107539,42.572245754598086,10.943405772314726,0,0.9293655229138641,0,0
TXN107540,22.696547743368125,6.256548986000292,1,3.92230731915423,0,0
TXN107541,102.54631755034646,11.317003571462502,2,22.77051268395148,0,0
TXN107542,246.80808146746466,12.580434683697646,0,7.783601445854286,0,0
TXN107543,71.8129018786556,18.434724371650894,1,2.51664750075189,0,0
TXN107544,23.520369353680124,7.443117292888341,2,2.931434926260732,0,0
TXN107545,61.80265877411691,8.040248321982961,2,4.821278084815,0,0
TXN107546,30.73258102652575,7.818650862863595,3,0.05474245191120123,0,0
TXN107547,143.73344940322062,18.528280530246533,2,9.038240838426432,1,0
TXN107548,24.93699674050914,21.094443586617107,3,4.233195894349747,0,0
TXN107549,100.78834743360459,11.345327330265405,0,8.024716087273832,0,0
TXN107550,159.7466653813444,14.066086414906318,1,6.460549660934234,0,0
TXN107551,48.58594558579803,3.095845266620893,0,2.6593637687551213,0,0
TXN107552,144.2233239504175,13.573273491309715,1,2.5038678978322033,1,0
TXN107553,251.81326229555998,10.688903922076435,0,6.392178737129678,0,0
TXN107554,88.02716187618927,17.307593309817403,0,5.460208348823966,0,0
TXN107555,82.26798461664379,3.291695277274714,0,7.802033203784017,0,0
TXN107556,46.038634506783126,16.96750576783669,2,0.5477239173356464,0,0
TXN107557,30.412781679959263,12.282891058751009,0,5.097513788040145,0,0
TXN107558,63.81702324412875,14.77519611396712,2,9.917676410830609,0,0
TXN107559,69.48288458236179,9.216555519861412,3,9.238997667752386,0,0
TXN107560,3.566719891457084,10.637950844133023,4,1.1228125852961626,0,0
TXN107561,96.53455286172628,14.661505225581871,0,7.052979051222797,0,0
TXN107562,48.98488847608033,12.437304392013516,3,3.3647809398686315,0,0
TXN107563,85.55676103283653,10.819344921339201,0,9.302220373211528,0,0
TXN107564,87.278520599848,13.093316644814587,1,6.46690857257351,0,0
TXN107565,87.84694896476933,13.930723876893659,1,13.852674334892113,0,0
TXN107566,54.064687584670295,17.72878540010836,0,3.6337965267687578,0,0
TXN107567,207.38284732979326,18.141538348182962,0,4.1994544710838575,0,0
TXN107568,301.5133018246578,13.444048695308629,2,2.8113376325889066,0,0
TXN107569,120.73364412154126,11.66597225914716,1,12.48619918823416,0,0
TXN107570,70.35323487050842,6.8806306380772115,2,3.7834997269995636,0,0
TXN107571,247.50685783887522,5.885368953813705,2,8.815701611567606,0,0
TXN107572,48.737872603011695,19.326747206148575,1,4.986712839088929,0,0
TXN107573,131.11993909529406,12.989315584858106,1,3.8672961886838215,0,0
TXN107574,16.234845376473913,11.239906522127235,1,10.199973926657751,0,0
TXN107575,82.11180085264269,13.03615068648352,0,9.962443221652087,0,0
TXN107576,88.32881372957576,21.151256517467925,2,1.8812535359734035,0,0
TXN107577,19.279343869687143,19.676521470217203,1,4.646000304600834,0,0
TXN107578,73.11440963435504,18.914347596006372,3,0.47945079958866593,0,0
TXN107579,26.05900473127402,15.802161630387062,1,11.438327027614822,0,0
TXN107580,232.38602288239088,14.327560174972989,1,12.44545520309334,0,0
TXN107581,230.3995855764435,12.431733891303542,2,19.88780866826099,0,0
TXN107582,80.06281379132908,8.183306902373893,1,8.331127795345193,0,0
TXN107583,109.57509276074141,11.974183190537731,2,4.766794338071203,0,0
TXN107584,130.43119720158575,13.559319154925928,4,2.1079087915886126,0,0
TXN107585,1560.775052308979,0.03474120129581504,3,582.683753791554,1,1
TXN107586,60.687501676563436,16.339087964510554,0,1.89525266736571,0,0
TXN107587,294.71822615146226,17.70619775931835,0,4.103869091611309,0,0
TXN107588,27.85231142241273,17.17264107493718,1,12.525669346499464,0,0
TXN107589,86.39598668469651,17.70812264855021,0,3.021163595338094,0,0
TXN107590,186.8307040897023,18.747491685043048,1,1.76746548410203,0,0
TXN107591,107.11445601593333,15.343693888962004,0,14.472318439239437,0,0
TXN107592,52.41194814243304,18.525603703901552,2,9.50705065313562,0,0
TXN107593,46.69478781848454,16.8978179106618,2,7.764496996816574,0,0
TXN107594,56.926907021862974,11.043958749767544,0,6.395987561531618,0,0
TXN107595,73.06751446266189,9.714123130315588,0,10.881453674147519,0,0
TXN107596,159.0523461072232,11.955555371331881,0,12.462651229252792,0,0
TXN107597,699.721727152858,7.963456662192402,5,571.133033824053,1,1
TXN107598,66.58552164979129,16.679154743565054,2,7.404926050936274,0,0
TXN107599,143.6646320710963,16.53769932676518,1,16.622696331515737,0,0
TXN107600,187.32238105220256,11.09147817927222,2,15.79436012697409,0,0
TXN107601,100.94205820681418,7.122167200715964,0,11.188796787281918,0,0
TXN107602,76.72377109609569,16.614733535355082,2,7.198245699179719,0,0
TXN107603,24.21435026789998,15.798789765590971,1,3.6072961683023728,0,0
TXN107604,81.04726338146628,17.715517135361235,2,6.850052540014838,0,0
TXN107605,144.32062172041753,16.45935756828367,0,0.6711402399477377,0,0
TXN107606,32.81635016972118,10.31512685251434,2,8.814658772222119,0,0
TXN107607,197.8945631445509,14.843600861827323,2,8.39944733557925,0,0
TXN107608,58.35946493991129,13.977554733084915,1,5.582048542213361,0,0
TXN107609,66.77770629476045,13.575927354724106,0,0.4793952223176256,1,0
TXN107610,14.838201590280368,8.20404686584638,2,13.589801516990752,0,0
TXN107611,119.89708035544479,16.300283689698556,2,4.47977783510331,0,0
TXN107612,125.59604843758736,15.208700520892055,1,10.793145357099254,0,0
TXN107613,165.83623548533183,13.587603877030638,0,3.0710855798323315,0,0
TXN107614,46.347026882515465,22.38194812173331,1,18.235048964724015,0,0
TXN107615,247.1437423264241,9.975432247731735,3,4.5463872763927995,0,0
TXN107616,135.96531390240014,7.44380395226679,0,17.390270887134033,0,0
TXN107617,60.7215761947613,18.3515318599283,0,7.259490222630926,0,0
TXN107618,32.51356795450259,16.31052916480362,2,9.012665009043433,0,0
TXN107619,247.01232559013437,4.017785993394613,0,7.080108654344808,0,0
TXN107620,50.10097119466808,11.080804980240908,3,2.5161311270272693,0,0
TXN107621,149.46185871452965,11.639678830970691,0,0.37249438761250764,0,0
TXN107622,15.877877195117966,15.03358816413927,1,2.6380437749607393,0,0
TXN107623,141.78579409122938,7.880432041832103,0,0.9887776497924772,0,0
TXN107624,50.135658443902585,6.306037257765734,1,3.411503515143108,0,0
TXN107625,273.682945575848,9.060947694699838,2,9.444309909840689,0,0
TXN107626,42.006945210246336,16.780015973865716,0,8.36639550883035,0,0
TXN107627,193.60862342792413,10.550825776701895,1,5.246879220546777,0,0
TXN107628,142.37717681689114,13.559036074253816,2,5.6025470432072355,0,0
TXN107629,34.50340721600973,14.605226160038942,1,0.7699893467625658,0,0
TXN107630,90.04517241789706,13.085794972110346,1,18.947228859679505,0,0
TXN107631,35.76958348202733,14.064864891581811,0,8.533431554420478,0,0
TXN107632,53.24203503366864,10.932394746106219,2,11.803144206981093,0,0
TXN107633,58.895257948054024,6.368701692773491,0,18.318568800842215,0,0
TXN107634,27.33532072555615,7.484728416242551,2,2.524863791692131,0,0
TXN107635,12.966780359285329,12.791688230070514,2,5.488154940716257,0,0
TXN107636,216.49131469078617,6.495579502255778,0,5.033952962881514,0,0
TXN107637,104.86767758051899,16.951551958193456,0,8.890061608767262,0,0
TXN107638,53.80709627036032,14.638900981554022,2,10.489908914445467,0,0
TXN107639,154.87172256085324,14.930650009071199,1,1.1273677874039443,0,0
TXN107640,15.995073395043562,11.35004269584917,0,6.076110192224741,0,0
TXN107641,100.07667977869755,14.578161150533113,1,3.379562195701229,0,0
TXN107642,236.32096052665054,11.358849851525186,1,5.393646963412683,1,0
TXN107643,87.75359171009106,16.21847778976114,1,9.870586721477823,0,0
TXN107644,126.92846815182342,10.801945259605501,3,6.212073956582117,0,0
TXN107645,170.68817682769878,13.17843822665003,1,2.5341075174935646,0,0
TXN107646,128.60393152394073,12.224351992425667,4,17.49594629049289,0,0
TXN107647,94.42939576565195,11.698248622404025,5,12.289123796292646,0,0
TXN107648,16.23019158865887,15.584942944005583,3,3.6801942578519604,0,0
TXN107649,184.54939620686736,19.52940006408866,2,1.8875821365500733,0,0
TXN107650,77.25785588376465,11.66159804936479,0,9.307193849102198,0,0
TXN107651,49.29739573035553,14.540027205639808,2,17.680114714169825,0,0
TXN107652,109.063046956931,11.01276644798067,2,11.700835885838286,0,0
TXN107653,71.76474389538156,13.484272716233722,1,4.454682064149136,0,0
TXN107654,55.45636479971448,21.478058645250037,0,11.60576741712922,0,0
TXN107655,46.402279117922795,16.162049575497143,1,3.3867804293105253,0,0
TXN107656,8.397473281989745,16.789024432982618,4,3.7559099710031334,0,0
TXN107657,96.35129044914706,21.625305591134,1,22.894099203341778,0,0
TXN107658,41.226387474814516,8.178468450357073,2,8.076613909869636,0,0
TXN107659,41.96423001679978,14.963099572564069,1,6.759208192814271,0,0
TXN107660,117.34869645414192,12.87032438737053,1,18.32246601068833,0,0
TXN107661,59.277229349526934,16.22626665893228,0,4.962706791549266,0,0
TXN107662,74.1529885757876,16.98151342516571,0,1.3749022290907817,0,0
TXN107663,89.9782625825585,14.436585272404754,3,5.092645811828756,0,0
TXN107664,10.391303195931233,22.26298332881386,0,16.07528553639514,0,0
TXN107665,20.678650005204908,13.241060408001074,1,70.20306117862887,0,0
TXN107666,108.04236017734107,14.524552365365734,1,5.673510463958592,0,0
TXN107667,62.09638474362401,10.468878235343642,2,1.5988338601480314,0,0
TXN107668,597.948036329949,8.089913450117052,7,573.8916518714514,1,1
TXN107669,78.74837268970265,16.755816505028008,0,4.641980939943487,0,0
TXN107670,74.5099607184015,19.574442735969704,0,5.98717968897358,0,0
TXN107671,124.29330886601315,9.199868679095509,1,1.0756497755918446,0,0
TXN107672,93.82508700863404,12.161916076347318,0,1.3786863766723432,0,0
TXN107673,27.889234506131157,14.1469239374862,1,8.930375408380332,1,0
TXN107674,17.657120742977817,13.170933246908872,2,3.1337289250785334,0,0
TXN107675,11.937738595269689,14.587987669154794,2,5.734112734922887,0,0
TXN107676,45.059681268848884,10.083989019198226,0,6.95056586277901,0,0
TXN107677,41.74959329140609,7.230918726938563,4,2.436337883220961,0,0
TXN107678,172.46225763847295,8.382229428637546,2,2.7704311013000806,0,0
TXN107679,109.41904952484879,16.317062880335325,1,20.874532228420563,0,0
TXN107680,667.8540823213799,0.08550893657041403,5,550.0599817143425,1,1
TXN107681,47.72315743708987,23.0,0,1.318869870429147,0,0
TXN107682,127.85423612409049,17.48799553317855,2,8.218397160160496,0,0
TXN107683,110.67984460696064,12.771751560946932,2,6.511286345352336,0,0
TXN107684,53.80912522347871,19.14309575583347,2,0.4176713983810897,0,0
TXN107685,57.47005421825759,13.418427272791222,2,14.171256960523968,0,0
TXN107686,24.863287500615524,11.098772678294996,1,2.2865645000175183,0,0
TXN107687,70.37242356288898,16.71088016975122,2,2.3575709121275294,0,0
TXN107688,56.367818967961256,11.125509603141388,1,10.489884198766612,0,0
TXN107689,217.07575945335068,21.43578235933563,0,0.36365276054791684,1,0
TXN107690,30.450288741279635,14.919075297397175,0,5.757500191618813,0,0
TXN107691,16.264532097030656,11.817889161730506,3,10.359491376967817,0,0
TXN107692,94.56421979082806,18.358884840242382,2,0.10061926085671585,0,0
TXN107693,152.39433303316272,5.808428197969917,0,4.830577141622276,0,0
TXN107694,139.5859045174613,13.510882624291613,1,12.207311358146239,0,0
TXN107695,90.14948345073387,17.61838507955652,4,9.854264214916121,0,0
TXN107696,58.4466975996376,16.547612629829874,2,4.323230037455264,0,0
TXN107697,17.983920131020167,15.667947792990743,2,9.846607670888334,0,0
TXN107698,53.92315786845429,22.29794565503196,3,11.97216134950957,0,0
TXN107699,122.55162479844593,11.060579718268414,0,2.8323364894362153,0,0
TXN107700,83.63864913182354,11.788487584753248,1,8.13066597024623,0,0
TXN107701,48.175223163322094,7.718479846308374,1,2.4913740359285637,0,0
TXN107702,109.35822090749801,13.045699346306936,1,10.68932044833537,0,0
TXN107703,38.71066790413517,20.306949542399714,1,10.67817256271843,0,0
TXN107704,70.57040133617289,18.93856747886182,3,7.877013759181615,0,0
TXN107705,45.469770109019166,12.408552813276643,0,6.9036903780679175,0,0
TXN107706,5.998363168504371,17.919359125791964,1,3.1884132030956773,0,0
TXN107707,103.31199339803553,15.393655796837226,2,4.747123300303235,0,0
TXN107708,55.688022280309994,17.899557428177822,1,1.1963705498079413,0,0
TXN107709,61.52065493012526,21.803939761204216,1,2.5574357336848923,0,0
TXN107710,171.7433752072534,17.349497137562476,2,8.749746840010575,0,0
TXN107711,14.009365160631432,11.165006269362229,1,3.7667412195750014,0,0
TXN107712,127.65798051751807,9.781994370455626,1,0.6601185413761534,1,0
TXN107713,34.54833655472036,9.720643459355648,3,3.79238185680183,0,0
TXN107714,24.477572449297398,15.089868303564762,3,3.7863489086370046,0,0
TXN107715,274.024190566369,15.948573103303696,2,15.276938957856894,0,0
TXN107716,61.23774835720603,23.0,2,3.058066735861158,0,0
TXN107717,43.499494523477786,10.751524850571698,3,0.8851838367911109,0,0
TXN107718,120.77580344003708,20.893696854428697,2,6.887602148004415,0,0
TXN107719,43.73948845432107,9.663945416766254,2,1.7171202273315718,1,0
TXN107720,68.55369244975056,10.22100956635574,1,21.620928286428413,0,0
TXN107721,77.89211331003548,10.398453724519122,2,13.41048491198056,0,0
TXN107722,20.81347168280012,7.390933306968329,0,20.839454579239252,0,0
TXN107723,86.10530923843771,17.546342244869972,0,5.1252936830864035,0,0
TXN107724,57.34054032701447,22.431262313321163,1,5.607215986173511,0,0
TXN107725,47.38380004290776,20.01902682269172,2,0.3685673939195924,0,0
TXN107726,88.60875158607192,11.530218927993921,0,16.053541281512555,0,0
TXN107727,13.176588021520368,13.004016228081746,0,19.16945918537231,0,0
TXN107728,113.10673590690391,8.145153218216642,2,7.443700842601743,0,0
TXN107729,72.39062021569626,10.820879149339106,1,6.337195855324395,0,0
TXN107730,113.38958576580464,8.38097383880351,2,10.551850513266958,0,0
TXN107731,36.70555784034925,12.334653242165492,1,8.170060903613882,0,0
TXN107732,43.23215160196745,18.23353254635072,1,13.004349907007555,0,0
TXN107733,70.75348291763352,13.075151423635202,2,12.211523650528527,0,0
TXN107734,35.028755376285574,18.42603199345818,1,13.139920912805962,0,0
TXN107735,15.242297132840314,13.222463100154032,1,5.310364853485051,0,0
TXN107736,46.467140980203524,15.268035046578818,1,14.551099861240797,0,0
TXN107737,42.58253147357881,15.258653716642273,2,8.221910507107635,0,0
TXN107738,61.429880659701574,16.090278796464467,1,24.081323604427336,0,0
TXN107739,74.37366868054323,10.58855492865206,0,1.6849138866364601,0,0
TXN107740,82.67224068339132,15.9553181849188,2,3.7133980113118503,0,0
TXN107741,41.04983248075677,15.285938639767354,1,11.773695196771472,0,0
TXN107742,35.20023435742192,21.029389900841196,4,0.8819415567835114,0,0
TXN107743,172.5249741908296,8.819487763470896,1,11.64138149970328,0,0
TXN107744,29.806528274977392,21.01605310690461,1,3.4659549735578885,0,0
TXN107745,49.96660763696858,13.653311828725448,1,6.189158039044981,0,0
TXN107746,121.98022359078443,15.20788490110367,1,7.147736803258572,0,0
TXN107747,105.10886195260439,19.719826088180536,2,5.953090930660027,0,0
TXN107748,19.06459063022644,10.302767336205596,1,3.6146677363067754,0,0
TXN107749,57.42225328345285,18.396484146203512,1,9.961722641420529,0,0
TXN107750,92.00202681680145,14.69909099722451,3,10.760481678106064,0,0
TXN107751,41.02103020339227,12.294300749537417,1,3.908883780984938,0,0
TXN107752,99.06850253696487,15.41349209367683,0,4.7331930618183975,0,0
TXN107753,785.0268836665564,2.642744174446666,4,1332.9013951128281,1,1
TXN107754,60.41159518187104,10.994304691420204,0,4.865785906717041,0,0
TXN107755,103.698303937755,21.6821282688994,0,3.486740751784944,0,0
TXN107756,58.84680101913057,21.557026173857817,1,5.2531967820581595,0,0
TXN107757,56.87996530939646,14.41445588853687,1,10.083095293929476,0,0
TXN107758,129.51120877534703,13.600761467225517,2,9.335089782260864,0,0
TXN107759,5.233003343287555,14.405870773845912,1,12.544573642510331,0,0
TXN107760,81.75511805316327,7.248911599844412,1,0.6432054494457111,0,0
TXN107761,90.37892200644924,22.569652956883914,0,8.332232001180383,0,0
TXN107762,22.00365787139291,13.970464034833231,0,3.799655000534887,0,0
TXN107763,13.22513219375451,18.35466924817753,1,1.004308002225535,0,0
TXN107764,58.68260414715651,14.71882124523744,2,19.23034543669,0,0
TXN107765,119.88434592443859,15.261593571979454,2,2.591872570219515,0,0
TXN107766,53.716887484236224,14.470678498813678,1,0.8929034082777383,0,0
TXN107767,163.61502201622125,11.439971214350736,3,4.607095049173935,0,0
TXN107768,84.35889106984595,16.950365474066814,3,18.270462291408446,0,0
TXN107769,18.503919769194653,7.947798699250576,1,1.3988845719038354,0,0
TXN107770,1.529180688799185,12.792288558370592,2,9.58545996886754,0,0
TXN107771,33.58256571599369,15.212919202245951,3,9.706679896510408,0,0
TXN107772,29.545186955402727,12.064625365756962,1,2.179482547958955,0,0
TXN107773,76.22973519672726,14.978766673574066,2,4.066776784181806,0,0
TXN107774,28.31574327862942,11.446015861786961,1,52.46966940653762,0,0
TXN107775,51.45920641334615,9.963650758681203,0,11.63669453379369,1,0
TXN107776,52.987785090966455,16.37937753816263,0,12.440816226751537,0,0
TXN107777,72.04380864680282,17.08317577256725,1,2.8553505033219695,0,0
TXN107778,49.80999784387167,12.029847537545267,0,1.0532449347513382,0,0
TXN107779,48.579609865344224,16.802757192749706,0,18.823806670742407,0,0
TXN107780,28.517616849718625,10.940312376770292,4,5.4142962046230805,1,0
TXN107781,109.63827319138005,14.917939662136853,2,2.5621954879829385,0,0
TXN107782,18.879577222984743,16.7615000802743,2,9.06320875597987,0,0
TXN107783,1262.0124748749467,1.1681112701822776,10,451.616698557521,1,1
TXN107784,65.8709469199039,14.7757018261121,2,9.597131987386264,0,0
TXN107785,43.50473062242722,19.402431116027316,0,0.5077197117531633,0,0
TXN107786,145.8424403983647,15.045539703387922,0,3.728683943935858,0,0
TXN107787,56.57544132547486,12.036909985528045,0,7.226459565354154,0,0
TXN107788,69.92703394176986,11.557253158253587,3,14.207599648902697,0,0
TXN107789,72.06410439072867,7.836242789792055,1,13.529234333818042,0,0
TXN107790,55.941979332443864,15.121727606303372,0,7.74491023828123,0,0
TXN107791,26.744378102420686,20.543147499928253,2,1.3772768482375832,0,0
TXN107792,54.481650512545066,8.968826895504312,0,3.940225437946166,0,0
TXN107793,24.010914606982368,10.46234681631153,1,4.42842100768942,0,0
TXN107794,344.53852663571774,14.047330072948938,1,12.961566140344763,0,0
TXN107795,6.565953919974916,9.533614240898297,1,7.873379991092312,0,0
TXN107796,183.25474092319706,13.398844487924052,2,1.096679066023227,0,0
TXN107797,16.90199080289715,11.733793303091568,2,5.823438598303305,0,0
TXN107798,36.510264656616734,7.392406545088014,1,13.727496789850786,0,0
TXN107799,92.56854969701082,16.370213746189542,4,24.973666720362857,0,0
TXN107800,1295.5389697275045,1.267198073705555,11,520.4483942908732,0,1
TXN107801,89.21143564166515,16.63207737745551,3,4.33733950974201,0,0
TXN107802,19.83590899213646,14.388456584886175,1,11.161614234552161,0,0
TXN107803,209.2443827801949,20.46899122127199,2,8.12710571964196,0,0
TXN107804,118.2636666325157,13.235301418750618,0,1.2049598816297806,0,0
TXN107805,63.94821204470599,12.723553360458551,3,1.5704167686667097,0,0
TXN107806,203.40825037767678,21.918814286093625,0,0.4392625037684984,1,0
TXN107807,64.38324563042929,14.04347138176018,1,0.7517598916545344,0,0
TXN107808,15.906799828612645,19.83514579898444,1,2.655355443795982,0,0
TXN107809,67.43422482943745,9.905902802697444,1,3.117839660207559,0,0
TXN107810,46.093215767002526,15.513549573642095,0,5.702987405010189,0,0
TXN107811,70.41489154938171,9.203567499041158,1,7.846664139145129,0,0
TXN107812,71.6843782693583,12.826591251842036,0,5.611107590340593,0,0
TXN107813,12.764376610114107,19.443132394604707,0,6.127728725264453,0,0
TXN107814,62.15873625959836,12.205005663963515,0,12.12787231774792,0,0
TXN107815,3.764265982026016,15.897202036701538,1,6.35274751759701,0,0
TXN107816,213.81805843247741,15.053158497830438,0,4.479536581195055,0,0
TXN107817,18.818456966152485,16.634885850107814,1,15.163610487044359,0,0
TXN107818,65.9644295844756,14.573506586005129,0,3.4327303389289487,0,0
TXN107819,142.92699777476042,16.744629175220812,0,16.760012630041917,0,0
TXN107820,17.78558344222497,10.22195373383227,0,5.431808705389388,0,0
TXN107821,99.64612759471672,12.494232698446885,4,5.363622039576345,0,0
TXN107822,46.24919901161494,13.35199222871379,0,19.544161376689818,0,0
TXN107823,20.124030380617516,17.207498731054663,0,9.080603216883821,0,0
TXN107824,136.5404955965376,23.0,2,12.564984576306585,0,0
TXN107825,4.076363429535764,19.187352929780022,1,1.6659628419303618,0,0
TXN107826,16.398617377044552,10.333833543662397,1,5.086015966786814,0,0
TXN107827,68.71746128619145,4.757729498098749,1,5.362656230841273,1,0
TXN107828,46.70405635955074,15.222137834371319,1,8.63151988950963,0,0
TXN107829,55.19452112225017,14.297132577047615,1,24.839726427077412,0,0
TXN107830,38.51642454332207,20.831177763368053,3,4.518515959574788,0,0
TXN107831,114.1000209055623,13.272070743463765,2,7.149341937508543,0,0
TXN107832,174.91289135936424,15.241503396143756,2,1.9805501456103805,0,0
TXN107833,26.812116269862756,16.39906736322795,1,0.8106084266046416,0,0
TXN107834,39.197670526467704,19.28488313276876,0,2.275387792230023,0,0
TXN107835,55.32877817533797,14.83202604829672,1,3.7666257419160294,0,0
TXN107836,216.13084051267325,17.44088384112087,0,0.6542171511981991,1,0
TXN107837,80.51490052412208,16.62536105531583,0,11.800624405014567,0,0
TXN107838,55.21497960649123,17.834299414152532,1,25.173495252714968,0,0
TXN107839,67.85614305232343,22.63279382390165,1,0.36732382511239164,0,0
TXN107840,192.95920435619846,17.873177237174943,1,8.693355854354298,0,0
TXN107841,146.12640243508199,12.554264097444849,1,3.6197279791521275,0,0
TXN107842,272.5963612208318,7.67966373416195,0,9.446487784907346,0,0
TXN107843,14.586380357246886,13.869869284976465,1,4.0015215470306735,0,0
TXN107844,90.391159695002,15.070716814561834,1,6.058053313474058,0,0
TXN107845,66.24000873407229,12.444418316362626,0,3.243485926163665,0,0
TXN107846,63.90904257056555,12.663485840189365,0,5.439433321721321,0,0
TXN107847,4.632356167051995,8.688329237541659,1,0.6637515292449989,0,0
TXN107848,136.43463346018774,14.124769827907665,2,16.73261616031929,0,0
TXN107849,28.848441140552502,13.059433326158143,1,2.3959677827951786,0,0
TXN107850,56.12216329775032,15.87390021564944,1,11.233140458186908,0,0
TXN107851,710.0824462116586,9.359673751883292,7,109.97174056706058,1,1
TXN107852,54.48281947956812,20.20670904381967,1,7.333717648896743,1,0
TXN107853,78.42618529488449,14.08508547240049,0,15.479194679764062,0,0
TXN107854,34.99697212073818,10.112572516734486,0,1.319819682673877,0,0
TXN107855,37.7614410230711,8.510177552395792,1,1.955394625495219,0,0
TXN107856,56.191596147963395,12.59774032678659,5,5.47142371509267,0,0
TXN107857,60.06888070356389,13.447281040508415,3,10.677122717257477,0,0
TXN107858,95.98557203797486,12.640623897013697,2,4.798499075994027,0,0
TXN107859,21.71548116735074,18.10543863354333,1,23.032227682116595,0,0
TXN107860,32.31259236622759,12.654951031583558,3,3.4422405475409517,0,0
TXN107861,108.70242601931793,13.797592891581658,2,0.6165741192411798,0,0
TXN107862,106.55859557815748,11.21275369511213,1,3.199432627770139,0,0
TXN107863,102.90076773925647,17.91755187474665,1,6.472093488928027,0,0
TXN107864,36.478912427769224,13.992734554279078,0,9.18948236281076,1,0
TXN107865,116.7605941325745,22.858286199618867,0,20.13648894881365,0,0
TXN107866,5.8085004250150165,16.704172496623976,1,0.30443315279562144,0,0
TXN107867,32.11645601324412,8.591578246715617,2,6.19335384992051,0,0
TXN107868,85.31185772287162,13.012699046228562,2,3.0312658702266364,0,0
TXN107869,159.20568063707725,11.312156073480626,0,7.007707211779093,0,0
TXN107870,64.38388534211757,19.858032250517397,1,6.884730252216199,0,0
TXN107871,1251.5017409918348,0.4111514719998737,4,112.48278297399914,0,1
TXN107872,62.624601499880825,10.720645988738946,2,7.398324085055497,0,0
TXN107873,70.89448720070125,19.428988849102517,0,8.904943484010415,0,0
TXN107874,120.84131554401638,12.795635411760973,2,18.53008627361521,0,0
TXN107875,18.68532364255132,11.19828647483781,1,3.92050364281406,0,0
TXN107876,120.59042298487584,16.891881234277612,2,6.456442154135398,0,0
TXN107877,29.599749803562524,17.68847103792422,2,6.345331612695579,0,0
TXN107878,44.064262327507855,14.024767905770666,0,12.121048505210641,0,0
TXN107879,41.87772561345564,9.593576717179731,3,2.7240853654576385,0,0
TXN107880,84.49506187871135,15.068880392787587,1,10.548684641141772,0,0
TXN107881,51.07629441471158,18.835345473469502,2,1.691087428181984,0,0
TXN107882,11.348910312466113,20.9626767333393,1,12.044480272655797,0,0
TXN107883,359.65308471107994,0.8228985557093145,7,468.0336082224789,1,1
TXN107884,8.460313713255717,11.621013886389827,2,10.443658259235406,0,0
TXN107885,58.48622183374744,11.171651634487604,1,3.9499968812011392,0,0
TXN107886,113.04977171717708,18.724903345548604,1,0.38814076175183176,0,0
TXN107887,90.74638043493832,19.95367201411673,2,4.292912580563878,0,0
TXN107888,128.16322337668166,11.528919489879307,2,0.7708911355603844,0,0
TXN107889,74.64566621805601,13.583658189115468,1,11.421393736690337,0,0
TXN107890,89.45908618695614,19.383263882141463,1,7.323903947446188,0,0
TXN107891,3.7727135147055746,15.639720657927748,0,2.944955812367112,0,0
TXN107892,5.251228034121068,12.629997076618814,2,8.155256925289377,0,0
TXN107893,38.555718322622454,21.43780700674821,1,16.532790095709334,0,0
TXN107894,101.1721278824721,7.678499679628204,0,23.57282160183636,0,0
TXN107895,390.47417724193286,18.685820195090415,0,5.691301185959711,0,0
TXN107896,54.79531655886117,11.947674316125948,3,5.978346392362174,0,0
TXN107897,28.15424260389546,14.26031627239192,1,5.354740701093904,1,0
TXN107898,56.59255404766708,10.709949484437631,0,26.218566954823636,0,0
TXN107899,36.80359632820743,10.745481153458396,1,6.792099872091492,1,0
TXN107900,221.36771757609367,17.74468826724555,1,1.230106349730994,0,0
TXN107901,24.64208782477503,15.971954738812395,1,1.7990045415288005,0,0
TXN107902,54.61575663238286,10.265655717193155,1,6.29367886671131,0,0
TXN107903,60.953867766507514,12.083951552613764,4,2.861311117246503,0,0
TXN107904,168.42321042349454,10.913984363192565,3,10.941809084891055,0,0
TXN107905,138.22736313295846,16.747316224996112,0,10.026494583293646,0,0
TXN107906,231.83668892327307,21.934656616938117,1,10.294902056860737,0,0
TXN107907,34.10655524822946,18.63821243327417,0,2.649970521139764,0,0
TXN107908,54.90937224612891,6.006285570797874,0,8.089403409537052,0,0
TXN107909,108.08724124521757,14.732484721420827,0,6.52200620105596,0,0
TXN107910,89.03132707488176,9.700349739959764,2,5.72522455545914,0,0
TXN107911,33.069907921119025,22.434817446825832,0,1.6109841803712457,0,0
TXN107912,73.82786948470708,14.625176273470228,0,1.4322004060901024,0,0
TXN107913,79.09879418881103,14.893544669563209,2,18.150451247288988,0,0
TXN107914,165.81274631893632,14.66902925400388,0,12.680174794321712,0,0
TXN107915,709.4541893123251,2.1070367425805583,3,179.79699201708289,1,1
TXN107916,111.88817628351981,12.449321447524401,0,5.118968836908939,0,0
TXN107917,33.19666590158543,16.526396809165202,0,1.5099454311823222,0,0
TXN107918,31.88809316171744,17.939451798054016,1,19.033044696359486,0,0
TXN107919,30.006279613182226,18.15203030422095,0,2.02437554904505,0,0
TXN107920,162.42480011604653,16.234048314926945,3,10.825518153670927,0,0
TXN107921,96.4653828438419,15.639482278898647,1,9.907480385202055,0,0
TXN107922,125.23567808171126,5.035802169303249,1,3.4819651230099087,0,0
TXN107923,82.11602288792713,12.147959373413403,2,10.764332026945988,0,0
TXN107924,70.62972200902277,19.048455040660553,3,2.075052377957919,0,0
TXN107925,52.66014082329768,9.947154592910408,1,4.5203139212535275,0,0
TXN107926,57.720775619510746,18.45553707988319,1,13.515816194516008,0,0
TXN107927,32.66707387073644,7.123408617914769,0,3.9575470187754265,0,0
TXN107928,58.92796445356907,13.857960226008304,1,4.517827210454181,0,0
TXN107929,136.53405712533092,9.879921716004048,0,20.393747075701345,0,0
TXN107930,73.70393361888051,18.09273467410784,1,8.84112940142673,0,0
TXN107931,115.97988827612457,11.710386281344247,2,8.9710260938458,0,0
TXN107932,112.0591225680771,4.41860522224002,1,4.120375805494688,0,0
TXN107933,115.3658880704902,9.478642773690787,2,7.684669271330416,0,0
TXN107934,66.4423064814668,21.095030957986882,1,1.0408630267509815,0,0
TXN107935,58.449160758796516,13.004880836207949,0,10.03793394406241,0,0
TXN107936,70.36845686491156,15.546071741729813,2,8.358418156928101,0,0
TXN107937,94.97896179285269,10.021755911821852,1,1.5669798586125343,0,0
TXN107938,54.95453287206754,7.443288357803415,2,2.4637765428008205,0,0
TXN107939,65.59681549829921,12.115254949972229,1,3.91004434394881,0,0
TXN107940,138.83001030703778,15.302014228716255,2,5.224426650459079,0,0
TXN107941,61.26693139717648,18.08626478390596,0,10.121856949223,1,0
TXN107942,117.46558398811854,12.912630734527976,1,5.430724891671845,0,0
TXN107943,20.499740038767285,14.726876484161952,1,4.993077299250649,0,0
TXN107944,66.99455051459577,15.978919057889323,1,6.000108140727832,0,0
TXN107945,89.47299618366517,12.586700450203493,1,8.520416791426028,0,0
TXN107946,175.42853243706546,13.223887442196476,2,1.802547442980377,0,0
TXN107947,18.952730990203808,14.185117872029553,4,5.119967472382779,0,0
TXN107948,20.495762603051677,5.036532077289335,0,8.486736097354964,0,0
TXN107949,7.860484155963626,12.851489480338126,1,4.8647458103711525,0,0
TXN107950,60.25290335440814,10.766398190040093,1,3.8857726285921315,0,0
TXN107951,48.56696317464436,8.091022902483711,1,0.20619026855115793,0,0
TXN107952,45.157462363580684,14.908330641266243,0,2.566335166574596,0,0
TXN107953,48.77524964731869,16.508585217990273,0,4.369740033598696,0,0
TXN107954,11.20817316017918,15.220784000659831,3,2.452904487553454,0,0
TXN107955,36.72465332024694,7.357735312579015,1,3.5654821649024155,0,0
TXN107956,78.33420666100236,16.35132503591417,3,4.291034272777644,0,0
TXN107957,158.58192986611533,12.75697507779172,0,17.582095671936248,0,0
TXN107958,61.50147454246576,7.728398998513211,4,1.833730981869996,0,0
TXN107959,28.526097827381566,14.510834021479575,4,13.318589671422512,0,0
TXN107960,81.8189693471834,16.33096185861585,1,9.539202422946113,0,0
TXN107961,39.224252884198116,5.044251068264126,2,10.35832333051627,0,0
TXN107962,129.79687061527915,10.33750467767672,2,12.721181451337598,0,0
TXN107963,57.0593530232382,15.864589579846763,2,5.511593330975976,0,0
TXN107964,74.65849415798553,13.942215653059131,2,3.5657905687969467,0,0
TXN107965,80.2684632073184,8.54562228164393,0,3.0656898253475298,0,0
TXN107966,83.81311801579243,17.277875623496527,0,3.8610616631118195,0,0
TXN107967,56.328275921372544,20.227016746672362,2,1.9461293944570632,0,0
TXN107968,81.64724768464058,16.089134203440754,2,2.447417390166126,0,0
TXN107969,99.73908675858277,14.364182813319891,1,0.35857010039312787,0,0
TXN107970,32.89909803468147,11.901637798791928,0,3.0495320065028504,0,0
TXN107971,57.92365254535377,14.58952950871235,0,6.445866406603024,0,0
TXN107972,58.43950499828967,14.189464269398119,0,2.2419151137486066,0,0
TXN107973,5.0638004055389105,8.078735168873717,4,3.7485956490226413,0,0
TXN107974,60.7659064939141,11.396333549041724,2,7.563340388177179,0,0
TXN107975,27.213103896647233,18.513785226903863,1,1.1647169685382843,0,0
TXN107976,55.17721245924592,6.782495558654944,0,4.430278524674049,0,0
TXN107977,39.28707190807372,15.092264810187693,1,3.814104893452126,0,0
TXN107978,71.61782737543199,15.150997692408762,1,16.93301567304588,0,0
TXN107979,54.92826806496148,14.787654362027995,1,8.720567491024735,0,0
TXN107980,44.34102481108965,12.083224438337577,1,3.5522948942522676,0,0
TXN107981,41.453725150933856,14.946686901835468,1,9.512081227188393,0,0
TXN107982,51.6207145229668,15.973692132789823,1,4.970862934944172,0,0
TXN107983,70.75691999896223,17.476276551058834,1,16.424403394541695,0,0
TXN107984,21.744277883853975,9.210875434557316,1,3.670079695816459,0,0
TXN107985,37.73707119561278,13.521797689732505,1,9.251627406317862,0,0
TXN107986,77.93742845666637,15.162077839733765,0,12.070314220319002,0,0
TXN107987,358.26056975316357,0.804696336283572,7,267.8040294464684,1,1
TXN107988,196.8929118917136,9.613633373341754,2,3.8178719831112167,0,0
TXN107989,57.859978706679065,13.964658452806091,0,3.0263274515776715,0,0
TXN107990,131.2136457518038,15.049412121288714,1,3.632346107735243,0,0
TXN107991,46.04503603321531,16.37659218562374,0,14.893385634747965,0,0
TXN107992,136.50549837752982,15.196864841640156,1,8.235294302338797,0,0
TXN107993,86.62542383920487,15.75340459511662,1,6.241337234872012,0,0
TXN107994,41.756208641521084,14.399216002819252,0,0.7683178983875171,0,0
TXN107995,130.8341838399248,15.501165479311494,1,9.196593301217007,0,0
TXN107996,149.7603896550697,17.88639921047825,1,5.876538715871718,0,0
TXN107997,24.05679575065019,8.55389527648724,4,3.575130435695501,0,0
TXN107998,17.82255490298366,14.501255365955082,1,3.278987939016333,0,0
TXN107999,32.48047087646715,17.525819044735492,3,0.22555787321740145,1,0
TXN108000,35.083880015292124,9.488117341749295,1,4.591868890502114,0,0
TXN108001,227.1455910459752,14.796662625865544,0,3.808532521082652,0,0
TXN108002,38.924923957460386,17.90505437832532,1,4.591852054914944,1,0
TXN108003,70.45522421623703,11.209660544975186,1,10.296679286160483,0,0
TXN108004,85.66876167073453,15.547514395829502,0,5.313746980704893,0,0
TXN108005,24.427349029268726,16.95516954103942,0,30.18132393209045,0,0
TXN108006,108.59629692747131,13.11921706022424,1,1.2847919250684414,0,0
TXN108007,225.71534931133817,14.307988601486418,3,6.499332513956625,0,0
TXN108008,150.76574902352746,15.239591208961297,1,7.287452463064865,0,0
TXN108009,14.026898179545386,14.996042829698379,0,3.947017103770529,0,0
TXN108010,55.21371704891117,13.837715146461127,3,2.098208163951579,0,0
TXN108011,46.35349089773467,11.100651638270081,0,3.6637542637430536,0,0
TXN108012,20.4742665641616,11.1610747191746,5,1.2645815383449057,0,0
TXN108013,70.34287386247655,20.580100894625797,2,0.24499308757303362,1,0
TXN108014,9.900064435050664,5.222159814926922,0,13.196065335736398,0,0
TXN108015,24.10962332265307,14.968132029520149,0,32.671157343074654,0,0
TXN108016,78.03217047751721,15.5926855546324,1,2.150049442924008,0,0
TXN108017,25.559343167123668,15.272474026284604,1,4.3913412935776135,1,0
TXN108018,76.24575052466334,17.19620945146661,1,10.365646125951057,0,0
TXN108019,42.27587914903558,17.91046584798488,0,0.34339029974543944,0,0
TXN108020,117.15349087353893,12.08154415247997,2,24.055672129153635,0,0
TXN108021,632.4222712847463,7.173804974331565,5,656.6428220372752,1,1
TXN108022,12.377346639491968,12.965501598784439,2,8.843490869256751,0,0
TXN108023,83.40323250743046,21.857058546870313,0,3.363327018784465,0,0
TXN108024,52.15321315179086,15.127455353839759,1,8.088676440452529,0,0
TXN108025,37.78302144051713,13.426260124998738,0,5.885486822443494,0,0
TXN108026,71.95872713062082,11.793162812553184,2,9.668930169557848,0,0
TXN108027,59.20933391168902,23.0,1,5.144385400987677,0,0
TXN108028,112.89272574931046,13.11200864212098,0,8.14281992231766,0,0
TXN108029,49.566150602323226,19.32094359644221,0,9.603828293107664,0,0
TXN108030,84.78801610498098,16.494045318512367,1,8.568610850353188,0,0
TXN108031,159.5570776309365,14.927032420811267,1,11.01924172432416,0,0
TXN108032,153.5818281211869,14.103891756669713,0,28.93334062361967,0,0
TXN108033,5.468002887790836,8.18952824302394,2,8.562871501543777,0,0
TXN108034,79.72994875006651,11.685124200364395,0,7.5697884952044125,0,0
TXN108035,64.12262802882597,16.219774408063728,0,10.864952709663624,0,0
TXN108036,136.3427121422767,10.293685030097741,2,6.451744345028434,0,0
TXN108037,97.62907835784488,6.078512607056052,2,5.423687722939028,1,0
TXN108038,115.67171432251554,15.210324111352863,1,12.620978370948395,0,0
TXN108039,106.16120094919984,11.46419483134283,3,0.695557580270177,0,0
TXN108040,93.6419139335468,19.580619727025287,2,0.7422744143271556,1,0
TXN108041,70.17412522169994,11.602716756699312,0,32.06818430518885,0,0
TXN108042,52.799303717025474,16.712355497163653,3,4.669042256876732,0,0
TXN108043,77.7448149440374,9.00504873574478,0,7.546624286786536,1,0
TXN108044,91.59382067191716,13.272102918840778,1,0.5915936866161948,0,0
TXN108045,93.69632405066835,10.360225440779583,1,9.173539838793804,0,0
TXN108046,63.90600042981407,10.788613636184227,2,13.407039249011385,0,0
TXN108047,88.40037899534359,14.963398165738155,1,9.883643043551453,0,0
TXN108048,39.55526329507095,16.492493666119074,1,13.042669941610455,1,0
TXN108049,67.66591369041714,9.77907179995666,1,9.486279063932418,0,0
TXN108050,140.8328780054074,10.837061408970268,1,15.589427383599697,0,0
TXN108051,39.873845304230244,14.242673923171008,1,4.311324451581125,0,0
TXN108052,25.27713528300665,16.900086578964164,1,3.147316686879258,0,0
TXN108053,98.69509209540294,16.49661239815096,1,1.285825799493375,0,0
TXN108054,57.493567390525186,11.224777788931936,2,25.28365924772586,0,0
TXN108055,153.9141454358854,11.00220273715351,1,13.479187681540303,0,0
TXN108056,110.55315074367172,14.41703234474136,2,4.541147856766278,0,0
TXN108057,98.95874695787329,15.027065364595215,0,0.5940771797584058,0,0
TXN108058,120.38819981241681,14.298614299514597,2,2.6298969739967126,0,0
TXN108059,39.3591281767468,14.156116824117172,3,11.647605573667727,0,0
TXN108060,27.668466159039124,14.246429061971789,2,0.9425297643131031,0,0
TXN108061,60.12758628869021,7.945249621155279,1,0.6462892591258463,0,0
TXN108062,52.491921678644445,19.53421652260495,1,0.597453620490309,0,0
TXN108063,95.2661327334694,16.00811251095629,2,7.284727891678977,0,0
TXN108064,68.40782596658056,10.790619218320206,2,0.7807527372987326,0,0
TXN108065,68.01635160523058,8.655400715150346,0,33.683491244903585,0,0
TXN108066,71.9493880899889,5.834709536121256,2,8.963570757871155,0,0
TXN108067,14.501765322235281,14.317918082674762,2,9.826873081122567,0,0
TXN108068,57.9806965962426,15.486553957947677,0,9.561002915492919,0,0
TXN108069,97.51694237586824,14.122553298060675,2,1.5266517306061365,0,0
TXN108070,86.28251065827641,12.558642546085817,1,0.5179998257879437,0,0
TXN108071,63.697689848070105,14.879946746817865,0,1.0275001528712038,0,0
TXN108072,106.42201194527166,15.630074488169669,3,17.11287524539568,0,0
TXN108073,92.49451531689746,17.857619581442115,1,5.7856689126886796,1,0
TXN108074,10.908759864947156,10.841607640502513,1,4.45820383038786,0,0
TXN108075,93.46765750436512,11.138895685207514,2,2.7852501307460127,0,0
TXN108076,56.256774659530684,9.56631077664613,0,5.180611822878919,0,0
TXN108077,28.164806256566408,10.206624928331156,2,10.779143014966397,0,0
TXN108078,205.3043059337386,18.426277550220306,2,6.0803945549390175,0,0
TXN108079,86.52166560880093,11.619238565087638,0,11.273736412485754,0,0
TXN108080,952.5161098590389,5.944321620878034,12,1070.6960548963093,0,1
TXN108081,92.87254725564658,17.07747889239838,2,2.5949088607531485,1,0
TXN108082,171.11198148963115,9.509322378840192,2,2.327819652905591,1,0
TXN108083,92.72161743432967,17.030707125207144,2,2.6428865447091177,0,0
TXN108084,104.83881887386006,13.054199872815843,1,7.048450680139535,0,0
TXN108085,24.714049519593516,13.29296598259268,2,22.902766536027094,0,0
TXN108086,30.008479291248115,13.136346321272718,2,11.42593623627775,1,0
TXN108087,79.03843463173172,16.594500000563546,2,7.851291326121379,0,0
TXN108088,48.27604018873451,8.73827706846196,0,16.54807764796225,0,0
TXN108089,78.55709264129662,11.401212598497263,1,4.265681567205719,0,0
TXN108090,48.27867794165364,16.9316237238468,0,2.2912028313125012,0,0
TXN108091,52.78053254054452,14.810389383028262,0,0.9177653118578637,0,0
TXN108092,34.11225089532014,11.207897140604633,0,1.1693670653168293,0,0
TXN108093,58.54069613521234,7.31345387423142,1,20.53351586561306,0,0
TXN108094,167.54301748222278,14.998489611941505,1,2.2295976320158024,0,0
TXN108095,89.04499313312273,11.05942658833822,2,6.601890507697456,0,0
TXN108096,136.98758156514324,21.47095778545813,3,7.034376992058996,0,0
TXN108097,158.23927729224025,17.305823133422585,1,3.899171260448711,0,0
TXN108098,58.56238167316636,14.020522920385002,0,13.722408746077503,0,0
TXN108099,82.8465382849305,11.173612624873408,2,1.1482033815904749,0,0
TXN108100,35.036000905206905,22.833606794730834,0,6.131079534520416,0,0
TXN108101,17.681454119801852,14.869033949100746,1,2.970310021828009,0,0
TXN108102,131.17800260339084,22.242728900197275,0,5.204567882689279,0,0
TXN108103,13.304000044867133,11.015086764075294,0,5.973731801857794,0,0
TXN108104,983.7361622496085,0.1564244065379521,5,591.1800547476723,0,1
TXN108105,95.04755560462277,14.360754549319617,0,1.8133147915605883,0,0
TXN108106,26.277872968729604,14.978191099757378,1,7.073276113588714,0,0
TXN108107,105.59827168390824,16.964017438139262,2,15.105758377894114,0,0
TXN108108,107.03866407730884,9.606697508385217,0,1.9167658844456292,1,0
TXN108109,100.07210346616013,22.12962467443011,2,5.771135436065185,0,0
TXN108110,85.00971633599114,11.301938181081706,1,0.502451521757865,0,0
TXN108111,17.85733243758781,10.162460633995211,2,20.79521033899737,0,0
TXN108112,87.7664447430054,10.331264226436648,1,2.565219046037424,0,0
TXN108113,55.193735679335575,19.45288495640566,2,8.9946436220273,0,0
TXN108114,27.5371206233119,10.232081360987955,1,9.747396810098891,0,0
TXN108115,142.2758809909904,20.121104888243323,0,8.56959489644287,0,0
TXN108116,76.94113446703416,11.900539021642508,4,5.067960988980186,0,0
TXN108117,92.88258397863466,13.459705425377225,1,5.394325943488147,0,0
TXN108118,71.5053072609465,16.467074104737744,1,4.791444103756263,0,0
TXN108119,94.26452208137559,23.0,2,2.3903801660381157,1,0
TXN108120,86.28865771506669,13.72745948161015,0,9.410660102401868,0,0
TXN108121,36.99726981937251,12.874073061302425,0,10.170871373141875,0,0
TXN108122,31.39044522476293,12.315655855081923,2,1.3665432169417355,0,0
TXN108123,49.12601936900416,16.347756840623646,0,3.657546366012896,0,0
TXN108124,86.09231551212886,4.534266567406933,1,7.383180783217447,0,0
TXN108125,98.8810016231559,14.512825344365027,0,23.658714608513563,0,0
TXN108126,124.60777577011272,21.951036949025173,0,12.88038523899689,0,0
TXN108127,65.41193528534467,16.288679069016663,1,1.521828245145681,0,0
TXN108128,34.048469301204534,20.204231099005135,1,5.92132727297301,0,0
TXN108129,27.299623617450294,14.78798015218631,1,20.91343254962488,0,0
TXN108130,110.4385151321958,13.424594265891546,1,18.09631312625876,0,0
TXN108131,1513.4890685407845,3.221734976295561,3,948.591952276543,1,1
TXN108132,144.38746456279316,5.949517553507487,2,3.2027459931297746,0,0
TXN108133,109.59408952828144,12.139232785366406,1,9.15981864690455,0,0
TXN108134,54.10298842638389,10.3545120578559,2,2.060441753771036,0,0
TXN108135,60.22897831330337,14.93831972446779,3,1.0627426001091167,0,0
TXN108136,66.63425588392369,18.823950035628478,1,9.674124202103586,0,0
TXN108137,88.81008412931338,22.157119616626744,2,4.059966095614812,0,0
TXN108138,104.63670590570806,7.803108815261302,3,11.307514533703811,0,0
TXN108139,88.09908116958049,4.983163149153244,0,3.302673920954123,0,0
TXN108140,60.40814189196084,13.033635009023815,1,6.446194117840717,0,0
TXN108141,36.17974384435447,12.226502030438738,1,2.6039023917343056,0,0
TXN108142,7.363724025188439,9.92911429219118,0,7.431474763427315,0,0
TXN108143,19.592545483571698,17.153518774016142,1,1.321883357502596,0,0
TXN108144,128.8494680610748,2.2044503564396316,4,501.70649722959126,1,1
TXN108145,60.6120761728785,13.93566448641774,0,3.522404139076441,0,0
TXN108146,9.265868638136553,11.110604760068156,0,8.854618967856593,0,0
TXN108147,46.31534164109305,18.67573707597897,3,2.963926445136282,0,0
TXN108148,111.95321599715953,13.73915179050765,1,15.759156648673677,0,0
TXN108149,56.38778070221385,13.186631323033172,4,4.212587109769298,0,0
TXN108150,42.50656250831905,12.516944456289224,3,0.9961180172727855,0,0
TXN108151,57.45010652144197,10.4242702588753,0,1.0623913661561994,0,0
TXN108152,114.91039114993724,14.925213168727442,1,18.186955326680632,0,0
TXN108153,88.91597627357599,12.453231416221,0,2.5809223811997257,0,0
TXN108154,34.24694792759196,13.984274241560097,3,3.009994618631668,0,0
TXN108155,42.816046107639146,13.551515918402291,2,12.227847777941882,0,0
TXN108156,106.88948849523548,5.456702331954553,0,2.9061653675917523,0,0
TXN108157,67.52244968521448,13.158526999105513,1,3.5314032940463442,0,0
TXN108158,96.92324677729528,16.38854610708956,2,4.537345009716934,0,0
TXN108159,111.02253313379472,13.495513056354467,2,17.49462441266517,0,0
TXN108160,196.41509551793433,10.55967532230508,1,1.7360793992180266,0,0
TXN108161,103.11761801265932,12.443370382135042,2,1.002683844366656,0,0
TXN108162,133.6028501976275,9.840237853034436,1,16.826451648947803,0,0
TXN108163,160.7493639826605,12.273043341483211,1,4.5723103413802155,0,0
TXN108164,90.72227493884884,17.958445720844647,2,1.186232193642158,0,0
TXN108165,175.18103176283674,10.700415607973417,0,13.799348671436844,0,0
TXN108166,124.7935068307897,18.699923577349086,2,2.672958209315448,0,0
TXN108167,52.29580088693914,15.07412832831986,0,10.987266103963325,0,0
TXN108168,131.85206852517888,11.556658375104814,1,11.924880532883073,1,0
TXN108169,50.13619393586873,12.029555146548953,1,5.6231334784404075,0,0
TXN108170,49.784518550203536,14.303632621945313,2,6.287277553004996,0,0
TXN108171,566.4230534388644,0.07728146078023723,6,430.4609671538161,1,1
TXN108172,40.66449101724393,13.844928464654876,1,3.623710524625362,0,0
TXN108173,98.65544559181535,18.081491055077468,1,23.157506016080692,0,0
TXN108174,72.02016709367234,13.47297807411813,4,4.576448806259396,0,0
TXN108175,102.77513977344873,14.800001013659008,1,5.849602612840315,0,0
TXN108176,45.540786829252156,15.674433278836664,1,12.764403089815374,0,0
TXN108177,63.00627200690982,14.187221367719761,1,16.339053903402615,0,0
TXN108178,39.579997105389964,12.987031768203144,1,2.7826900657587226,0,0
TXN108179,141.64202867838566,13.689928888942072,0,12.123152885262689,0,0
TXN108180,12.90572466010694,16.219379945538215,1,2.8940001249049594,1,0
TXN108181,244.9747698734258,12.919411861827118,1,13.374533072476298,0,0
TXN108182,186.60824318886526,11.329852470114554,1,3.4604072841718065,0,0
TXN108183,142.44339101594267,10.07127409463619,1,0.2107396686326984,0,0
TXN108184,51.59175418651852,10.71495069817665,0,4.410287009175185,0,0
TXN108185,84.00580261306068,8.53002588448835,3,8.734000636242103,0,0
TXN108186,80.8426379215606,11.968790188555781,2,9.559472490159443,0,0
TXN108187,286.5184790832473,13.547595855240969,0,3.2815056626481436,0,0
TXN108188,58.19207474073132,13.029932922656068,1,23.778413902901633,1,0
TXN108189,23.9023849340376,17.578724034843894,2,14.508648133270965,0,0
TXN108190,77.7857011059332,8.359230544603124,0,7.880922748387851,0,0
TXN108191,46.13894260299978,12.61978118738643,1,9.63403703880648,0,0
TXN108192,35.48401616801093,20.186215724897448,2,0.9008741936502256,0,0
TXN108193,32.80614186637749,14.698583297121498,1,10.185209407868028,0,0
TXN108194,41.54695940573161,18.717010936512203,3,3.202097553272067,0,0
TXN108195,143.37461845060037,10.846023534956363,3,8.128302672466345,0,0
TXN108196,103.82595671387291,12.357652364672148,1,0.4167861056838381,0,0
TXN108197,33.5478236527863,17.426788948018686,1,0.9051210774644136,0,0
TXN108198,83.25922806320642,11.067776618299149,0,2.2939523958974446,0,0
TXN108199,47.78024693833828,10.927406922418733,4,1.926669416695185,0,0
TXN108200,115.38836972624426,16.079533899968048,4,10.143761469356644,0,0
TXN108201,42.68955445540195,12.395580090537345,3,8.538545277994915,0,0
TXN108202,1597.235192256299,3.1954472866472203,5,429.55507877591515,0,1
TXN108203,21.644054600675176,14.927318823373048,4,5.849198453447887,0,0
TXN108204,111.65036676693866,11.954008127573392,2,1.287542358367668,0,0
TXN108205,280.66063176390224,18.670520941258726,0,1.708753622064383,0,0
TXN108206,55.41481296764671,11.319035041844497,0,18.07304057565666,0,0
TXN108207,9.709426511054469,13.551709957472335,0,3.226868664349233,0,0
TXN108208,133.56891952361343,9.686662235564746,4,15.554898417289639,0,0
TXN108209,95.67486455170771,11.053549324383468,2,10.36537808803099,0,0
TXN108210,131.89537586203673,9.064199801636462,4,0.229705979809031,1,0
TXN108211,733.0236017981817,3.317600571862909,5,141.28666878296386,1,1
TXN108212,33.3284732451552,11.867181654034365,1,0.6610864145238983,0,0
TXN108213,74.02288406265339,12.790733540044052,1,13.99312015045522,0,0
TXN108214,162.22794491977456,20.091584277479967,2,4.6474784881452695,0,0
TXN108215,31.633580749820624,18.182189869010468,1,8.642550204914851,0,0
TXN108216,106.28737168794329,17.313601471684784,1,5.11855623703934,0,0
TXN108217,54.97922921158657,12.435309955269995,1,14.694499944093888,0,0
TXN108218,58.027005789565614,15.703429462346204,1,4.983024883580704,0,0
TXN108219,39.79045631212318,18.72174951158938,2,10.415337868580714,0,0
TXN108220,134.95674650359342,7.559114854459825,0,2.5557439016299672,0,0
TXN108221,143.7847282885877,22.857870406578087,4,2.4689098740852753,0,0
TXN108222,127.60108262559683,17.4255557692103,1,15.46084664946201,0,0
TXN108223,73.43499545859876,7.7946932024022715,1,13.265151138728692,0,0
TXN108224,125.19197196840355,15.987226276762293,1,1.1890616777340859,0,0
TXN108225,3.991589979706815,11.691347296742059,1,5.214363436277637,0,0
TXN108226,82.63534774891258,16.90348426698375,1,3.527910165423141,0,0
TXN108227,43.12759174052455,13.437963250150796,0,8.882806450922287,0,0
TXN108228,26.04796910880055,14.807434251278973,1,8.519028676428105,0,0
TXN108229,73.69760924529464,11.069176220073313,3,5.524336584693219,0,0
TXN108230,110.21242401650755,13.684484158160233,1,3.3583031055930315,0,0
TXN108231,272.77944264366647,2.639795818481087,3,1222.5952448825904,0,1
TXN108232,63.193223920078545,13.514885870541603,1,5.741426494500537,0,0
TXN108233,86.35184919741252,14.433624228478257,3,17.377943922542283,0,0
TXN108234,116.76970351385626,21.88403300519198,1,1.4853847702815546,0,0
TXN108235,71.2066790411322,10.510119829362164,0,6.352839194136839,0,0
TXN108236,99.39884234417782,14.410268722621455,2,10.12624263934507,0,0
TXN108237,305.28656876384025,13.297801264571502,2,4.9993007128453995,0,0
TXN108238,98.97816629134624,12.381807234193724,0,0.7964370111306336,1,0
TXN108239,67.53541610719512,17.39303930050172,2,1.9778769178823046,0,0
TXN108240,44.73624178667776,6.049757468849277,0,7.329087135192226,0,0
TXN108241,219.99005563399166,16.77362354490655,1,3.4526117335912465,0,0
TXN108242,22.63478974426887,8.202253593396373,0,3.129391855158029,0,0
TXN108243,189.86946441453733,13.410826456195613,0,2.359481469737169,0,0
TXN108244,41.73062222358301,13.913374019850405,0,19.4596597711175,0,0
TXN108245,60.09225436515604,19.667993889173303,0,1.7541876706743378,0,0
TXN108246,214.95264421289443,17.314500137253233,6,4.669038197571589,0,0
TXN108247,27.587135120698708,10.475251361582098,3,5.11609056116222,0,0
TXN108248,45.69110723211946,8.715560228242499,1,2.2117817933033503,0,0
TXN108249,48.80167854916867,10.61237207393599,0,1.0876120618213052,0,0
TXN108250,182.72419785010123,16.1738539226455,0,10.415715262971307,0,0
TXN108251,153.6955703642344,13.43509263642285,2,9.99438063508803,0,0
TXN108252,214.50852376832015,19.461745637978805,0,1.511571669493366,0,0
TXN108253,92.95812203569466,17.56312614468649,0,0.5354986729731227,0,0
TXN108254,28.64256093056825,6.722960474490179,2,9.50944378932899,0,0
TXN108255,64.23280461636095,13.389003144616707,0,9.62999067015885,0,0
TXN108256,158.95961626673318,17.806626262899464,0,10.46990862054751,0,0
TXN108257,200.64729912317347,16.210715361858536,1,6.774694433916158,0,0
TXN108258,34.72519589378408,9.234154474642626,0,11.753989540183634,0,0
TXN108259,92.71000265802033,21.562310111137847,1,4.748102968112386,0,0
TXN108260,201.7642882729348,16.932279647509255,1,8.983811564627405,0,0
TXN108261,86.39410343637309,15.937213102395509,1,3.2864627458606126,0,0
TXN108262,66.23549711955711,14.012091781995881,1,2.12386290720959,0,0
TXN108263,89.79918607334879,11.738208690261573,2,1.6814509754362477,0,0
TXN108264,58.97222570932827,17.54095206836968,1,5.661164153529931,0,0
TXN108265,28.748851901943468,14.969228262378946,1,1.4160913062581562,0,0
TXN108266,25.152446516914434,13.322173025708745,0,0.8550763696107058,0,0
TXN108267,90.01984306308415,11.579049574414352,0,8.765202789956389,0,0
TXN108268,98.25175840620986,13.821249973975863,3,1.9437544327275202,0,0
TXN108269,235.09515529610226,14.752914818012904,0,0.21606942822323294,0,0
TXN108270,28.116589766061768,15.164075196577171,1,5.330728045641104,0,0
TXN108271,72.45551968860433,12.31657474182519,1,7.304012830734407,0,0
TXN108272,28.280163595860405,13.110072188305171,0,6.202403383480842,0,0
TXN108273,143.85114751564723,11.555248761502819,1,1.9637345717781223,0,0
TXN108274,210.63863228462336,16.21557205494627,0,1.3935965196998827,0,0
TXN108275,118.09886325079839,10.878468389744246,0,11.139343507558578,1,0
TXN108276,31.516510542289375,10.827307704148645,3,5.28839628702897,0,0
TXN108277,69.40757984791377,14.670700199736075,2,14.214260155095973,0,0
TXN108278,55.58085992765547,19.428766758262988,0,27.863161526429824,0,0
TXN108279,82.60617761610057,13.21344688979214,1,2.382948305704788,0,0
TXN108280,60.36151028994737,16.359764686000023,0,1.4242709448044337,0,0
TXN108281,204.23526603626286,11.202177337628813,2,2.2337520635742094,0,0
TXN108282,67.19720431571604,8.609614592161545,1,5.625588757733755,0,0
TXN108283,42.915331410094915,17.06831026861026,3,2.8237877041441366,0,0
TXN108284,9.364870351931911,19.911495482317417,1,3.0405784476942124,0,0
TXN108285,63.47315895788733,16.320622509666862,0,7.109215426081405,0,0
TXN108286,102.41484817492622,10.228756252520736,1,11.09210224995359,0,0
TXN108287,36.33755823343723,11.49513005638726,1,6.364928365887689,0,0
TXN108288,74.6406665604536,12.024842059706428,1,1.223161740325639,0,0
TXN108289,76.32487754547229,22.961006178926027,0,16.061751922133883,0,0
TXN108290,5.564780692788208,7.713267964885381,0,0.7771911507142542,0,0
TXN108291,71.36377858599063,18.279628318440423,1,4.369115207194798,0,0
TXN108292,48.82461214273324,14.717479763099789,0,2.9316055659993197,0,0
TXN108293,81.08261119778001,11.419457115505722,2,4.18645281943266,0,0
TXN108294,20.041923426675993,13.431067145706375,1,2.1257099594504103,0,0
TXN108295,36.775455800199744,8.523995353149925,2,2.1312995158455,0,0
TXN108296,141.19601710050955,12.71017334539897,1,11.821300901982415,1,0
TXN108297,41.35859544129893,9.556898308324556,1,6.027458668926493,0,0
TXN108298,98.47262960452808,15.789821832880516,0,5.306133708383652,1,0
TXN108299,157.68862069610464,14.898132059048601,2,3.730472095254633,0,0
TXN108300,52.531834509948396,13.659644073697546,0,3.746708909971802,0,0
TXN108301,40.23513597682901,5.10606659697609,4,14.822918074276103,0,0
TXN108302,19.075156172470116,11.655860189159547,2,13.47060073107281,0,0
TXN108303,37.742261777205364,13.50146287229106,1,21.832059016966177,0,0
TXN108304,93.54473457971037,21.84784257179212,1,4.083850258264917,0,0
TXN108305,101.38878904708486,9.491106514600023,1,4.953026826524304,0,0
TXN108306,46.903931327955405,21.101388638944773,1,6.730714292098435,0,0
TXN108307,63.64386693886964,20.121053811651656,1,2.772208921512154,0,0
TXN108308,53.50797515737389,12.970819090042955,0,2.3840451571163297,0,0
TXN108309,97.33394178195937,17.146128911999426,0,22.38358517071417,0,0
TXN108310,71.02125344839149,17.322059674441174,0,22.48167811394074,0,0
TXN108311,80.75631036335625,11.625553526562015,0,10.910048643532937,1,0
TXN108312,78.9804366805662,19.19156381985711,1,18.584824547072266,0,0
TXN108313,36.613498252830595,12.992356246578174,1,10.763246768871175,0,0
TXN108314,88.93195023056892,12.61226790758171,1,17.563721169523674,0,0
TXN108315,7.693523606893333,9.440649486392697,1,5.543833502685026,0,0
TXN108316,68.8158844978434,17.28656073622065,1,5.878900813061795,0,0
TXN108317,99.09862542512202,14.417339980908928,1,4.273457788600721,1,0
TXN108318,61.39090907282323,18.929199799913853,0,0.8372285783053345,0,0
TXN108319,54.014332701029005,12.974630123572155,2,38.27558850255536,0,0
TXN108320,60.8399601712134,11.133424347646256,1,11.464492495147432,0,0
TXN108321,35.261046717031434,17.97560027117922,5,7.4194441779418385,0,0
TXN108322,18.824224571206777,14.815610541024677,3,10.509176660855111,0,0
TXN108323,92.54329280000115,11.807910694617336,0,2.955765853286909,0,0
TXN108324,39.42148199411477,8.862049656052216,3,7.482078229904885,0,0
TXN108325,76.25120255780276,16.19254050901781,1,4.4292265373251185,0,0
TXN108326,122.5939963467826,16.059611100614905,0,16.61272083685908,0,0
TXN108327,59.01441119142669,9.860998790957552,2,2.5118728367387706,0,0
TXN108328,622.2909133742311,2.6220117133665712,7,438.2629532833896,1,1
TXN108329,130.33413692641616,17.18798712143405,1,3.014384241982388,0,0
TXN108330,38.051832060441825,12.691657863822421,0,6.040850176947165,0,0
TXN108331,37.08649143143213,6.806894529694916,2,3.6098282396956867,0,0
TXN108332,90.85669937587527,11.72473447336984,0,9.66463409870018,0,0
TXN108333,110.60476111665974,20.14916934790052,2,7.426141100171718,0,0
TXN108334,63.81918792375414,10.651457629863524,1,6.50991755335652,0,0
TXN108335,247.04812101185726,9.446026679758475,3,5.75830984651768,0,0
TXN108336,133.56740665809957,19.98709715605885,2,4.801815976592679,0,0
TXN108337,78.86516402786268,13.065758911958811,2,7.880615875484912,0,0
TXN108338,63.19912126325743,15.148286489627127,0,2.716665747229645,0,0
TXN108339,128.65324052989467,11.97712142637208,1,0.43815474051383907,0,0
TXN108340,140.66750140264563,14.670087148067903,2,15.141168198843273,0,0
TXN108341,101.84027045047502,16.01807782882291,5,8.337708595988062,0,0
TXN108342,37.82288505649518,15.695119069640826,1,1.9245308467526447,0,0
TXN108343,89.5389696558814,6.379150144677054,1,10.854507471492273,0,0
TXN108344,66.43939800746524,18.330802227348414,0,2.234128482550827,0,0
TXN108345,180.53543350497375,15.805719652014618,2,1.3213677425240389,0,0
TXN108346,106.30416680658965,15.879985942957036,0,3.19134217041533,0,0
TXN108347,50.52068488964526,20.18202786268221,2,8.005446966793677,0,0
TXN108348,26.06353385146244,11.113001745874067,3,0.6594923137826838,0,0
TXN108349,63.563592573713436,11.183590849869185,2,7.176105795839333,0,0
TXN108350,37.96718814696306,15.384026605325628,1,15.214788437011219,0,0
TXN108351,92.02220601567487,10.841333810817016,0,11.38380766078264,0,0
TXN108352,60.87161465550321,8.921658550475447,0,18.33325784011822,0,0
TXN108353,82.38304595654597,18.957748210161085,0,6.377384175347661,0,0
TXN108354,137.27432633809,15.607391001240082,1,4.249976579798497,0,0
TXN108355,18.20599691720831,7.052994689959915,1,27.749483821419044,0,0
TXN108356,80.00677720503303,12.448470454502138,2,1.1174936180915427,0,0
TXN108357,1946.1684866545888,0.0,3,304.0751801091512,1,1
TXN108358,62.188144083216315,17.322584264101266,2,0.6787764280918812,0,0
TXN108359,162.60266812382258,18.345178921599462,2,9.468197062585297,0,0
TXN108360,30.95322718655629,9.575057852303553,1,2.5253618133956603,0,0
TXN108361,18.958056746610346,12.600780142877362,0,7.059325874206737,0,0
TXN108362,183.00391158250417,15.169780000316102,1,4.159960064566987,0,0
TXN108363,45.69395909672348,19.6372590725648,0,7.6912347736847835,0,0
TXN108364,90.31251274202776,20.261038821371557,2,12.471324017606715,0,0
TXN108365,44.05381711010817,21.287270680230254,3,2.546533851954153,0,0
TXN108366,69.97066952216709,12.230442882871632,2,3.541887576832245,1,0
TXN108367,220.3228865576109,13.009198887670259,0,11.404588134773599,1,0
TXN108368,67.03981067134818,9.718998473627554,2,10.15121966859832,0,0
TXN108369,134.0597261333694,10.34721425445914,1,8.016941781380936,0,0
TXN108370,79.52974753866991,11.548416915319422,2,19.115687515144014,0,0
TXN108371,91.97695215374296,13.63654058844282,1,20.171037265406785,0,0
TXN108372,25.571945201531904,15.626326940714467,3,6.880962715385345,0,0
TXN108373,75.45728512790292,21.50637497267452,4,15.666576665131153,0,0
TXN108374,44.39889240799826,22.18972160698553,0,3.6794740810893907,0,0
TXN108375,78.09124398390685,10.456789710713306,3,13.637039978993421,0,0
TXN108376,121.72877757490902,10.117657404243765,2,9.649274942491456,0,0
TXN108377,33.57250907557747,16.0352374642006,1,7.3827609314002,0,0
TXN108378,63.66987227140504,10.798729085196362,1,2.8058594247526165,0,0
TXN108379,129.95072796469424,19.080692043811208,2,15.903235116623582,0,0
TXN108380,348.52204515665017,14.051121740118944,1,7.744701964134853,0,0
TXN108381,12.635431581823207,7.868116587510864,2,2.931694043455178,0,0
TXN108382,49.70854189211249,11.367440253965048,1,0.4458050918944276,0,0
TXN108383,151.39326302899042,22.74421146637446,2,2.428177248845,0,0
TXN108384,219.6937541452274,11.621834570248847,0,6.099478542911817,1,0
TXN108385,111.42477408471157,13.527278779561062,0,4.044366019158835,1,0
TXN108386,32.74099732885739,12.917542169111519,1,3.0471632505604562,0,0
TXN108387,72.35190974233738,11.971681331864783,0,1.6202436086892682,0,0
TXN108388,33.088355098680786,14.27062680884685,0,5.15194378165472,0,0
TXN108389,136.49772404740287,10.023635292184325,1,17.722243351198415,0,0
TXN108390,123.24090216552464,12.217172972674085,2,7.04652598922322,0,0
TXN108391,33.339471738139935,11.33549210260123,1,3.0793745184000225,0,0
TXN108392,32.78291583136319,12.594605370130255,2,8.922837607005391,0,0
TXN108393,20.840182879944503,21.05931513841441,3,3.3175072561407752,0,0
TXN108394,38.2774469611222,11.712745373722903,0,0.8389670610555999,0,0
TXN108395,85.48991881285122,10.690934466752374,2,16.416658566421663,0,0
TXN108396,19.08533696351799,15.111260328925045,1,14.074202676763758,0,0
TXN108397,27.84763085869606,17.156548053804116,1,10.678906569127243,0,0
TXN108398,76.56546961696465,15.561733796876572,2,2.821489640974267,0,0
TXN108399,100.68235891219216,21.2753108218105,4,48.15856634214124,0,0
TXN108400,36.50502661150111,12.339042170618782,0,7.384983990671513,0,0
TXN108401,39.297313178725865,12.34456580131827,1,18.127412051199688,0,0
TXN108402,72.43904443626307,9.76036753878267,3,0.3464992928053178,1,0
TXN108403,120.73530621442998,17.893541263961428,1,3.959958592097145,0,0
TXN108404,208.48459757846177,13.910730690964288,0,2.8890684805706996,0,0
TXN108405,198.00592471518397,15.028079407584858,2,12.086700052691587,0,0
TXN108406,412.1849999418768,4.12826393501785,10,1021.4016363666973,1,1
TXN108407,21.505248591565504,9.474740163908715,2,1.125451449092321,0,0
TXN108408,30.314211329789593,12.77048407804764,1,11.545237621543622,0,0
TXN108409,38.47773286208986,11.874991343206645,1,1.8807303749725404,0,0
TXN108410,162.57172522708805,14.970359684972285,1,3.8132180646545693,0,0
TXN108411,38.32083547079774,10.86875490891817,1,10.905414167839796,0,0
TXN108412,135.27110280139885,12.841699384479679,1,20.21468689589017,1,0
TXN108413,146.73739766900056,15.610669788723738,0,1.7211940798861174,0,0
TXN108414,44.140277576229295,18.033084022365006,0,3.8693537862019047,0,0
TXN108415,34.049682660348225,14.641075699528201,1,0.636155358556521,0,0
TXN108416,71.42245979998967,11.6866616737568,0,6.9495828950774,0,0
TXN108417,116.70906207964399,11.659858842596579,0,13.566215308704352,0,0
TXN108418,75.27123357199842,9.508909013694357,0,7.606744762966878,0,0
TXN108419,30.6069192156799,12.818470338032771,1,0.9441669959457237,0,0
TXN108420,14.094227879971328,12.659280921670353,0,3.0314410641580603,0,0
TXN108421,64.69629633524762,12.752167160502923,1,6.240773320284654,0,0
TXN108422,79.21576161229902,8.983828542688286,3,2.2484240056207194,0,0
TXN108423,55.917230365901304,10.332677958151901,1,3.3226633412453084,0,0
TXN108424,7.490103877812673,9.476492471422393,1,8.68188975021184,0,0
TXN108425,104.0413624353049,8.735392122286825,1,2.3921332588925615,0,0
TXN108426,57.59582278082796,9.088927976418688,2,2.0853267173176464,0,0
TXN108427,14.154349866972728,18.270185898102525,4,2.7175489039468674,0,0
TXN108428,29.694914488249587,7.522834472282314,1,9.827171138570776,0,0
TXN108429,37.17219966437773,17.291396393478344,1,2.555818957938609,0,0
TXN108430,11.1765573292946,11.489599295623194,3,0.46917979693881257,0,0
TXN108431,68.30003092163918,15.358424273390924,1,2.16692909643633,0,0
TXN108432,49.099594690533024,14.242885052609722,1,8.89409272928972,1,0
TXN108433,36.84903661883235,13.582024295267901,0,10.070203645163087,0,0
TXN108434,42.096751689608226,15.502097874944193,1,20.471797070475635,0,0
TXN108435,57.68660509025642,11.224218798865532,2,5.209426748025011,0,0
TXN108436,50.04469215547428,17.47241428625846,2,7.512336205229049,0,0
TXN108437,117.67975440171585,10.291628678536743,2,7.794951770290911,0,0
TXN108438,90.33207881960362,17.49810952564946,1,1.9352546084336701,1,0
TXN108439,56.324281956231125,5.8245307513252325,1,10.076487070290732,0,0
TXN108440,11.367100051662138,13.053752025807222,0,1.18624334336188,0,0
TXN108441,122.16214567120511,9.601643346347878,1,13.61441820077598,0,0
TXN108442,41.399573439485394,6.1873661301240945,1,4.551357524758716,1,0
TXN108443,132.93006436421916,13.372685026963005,0,9.510774087881087,0,0
TXN108444,146.74556890297492,13.990134273194084,0,8.115903404331853,0,0
TXN108445,47.69163355756194,19.17067838314906,1,2.5555898364518024,0,0
TXN108446,28.493192430528985,14.590737813678208,0,9.284063655223797,0,0
TXN108447,69.64285384832007,18.508813022544494,1,7.741246582167989,0,0
TXN108448,15.74211514882785,13.933587992279666,1,7.321869277598934,0,0
TXN108449,44.20854754739053,6.334467152509483,2,4.4374062574387025,0,0
TXN108450,13.758674799401147,2.1078105508671143,1,10.001577053865507,0,0
TXN108451,74.70772642904274,12.38369894399224,0,6.350220601289659,0,0
TXN108452,13.585586959918905,12.504671863360759,1,4.078588803511278,0,0
TXN108453,14.530734719299282,11.644557582064937,3,6.377763976307528,0,0
TXN108454,42.726196531763165,7.64197102491049,1,6.945291895863175,0,0
TXN108455,68.71745845541817,17.273004351908746,0,5.409804382110747,0,0
TXN108456,101.85168420687717,17.310096594858983,1,2.9111033573590097,0,0
TXN108457,12.592363728465081,13.494762594488673,2,1.3407734854051514,0,0
TXN108458,225.50874293485703,18.143284274407065,2,6.469449090671673,0,0
TXN108459,109.71941358868656,11.193412944895876,0,12.347626415071193,0,0
TXN108460,26.72615711516961,10.347283384859086,1,11.609870887776824,0,0
TXN108461,117.53096946588431,16.1929208066298,0,11.265420859765507,0,0
TXN108462,172.20717556835456,15.829447817425914,4,10.286903650556605,0,0
TXN108463,43.61201546091546,15.572146953377134,3,7.044414738953922,0,0
TXN108464,87.20918918073056,17.918317031272814,1,19.867302869779554,0,0
TXN108465,203.36025325082093,9.968338700980967,0,3.950089696050432,0,0
TXN108466,5.853727075352379,21.69355987342423,2,0.23738545121813084,0,0
TXN108467,4.29510252661098,15.719044840029218,0,13.221420643084898,0,0
TXN108468,34.8823027711095,14.507667650832527,1,7.5484756279627785,0,0
TXN108469,52.449676507496655,18.747156716128917,2,13.344460670669188,0,0
TXN108470,144.29342288264596,3.8838794650833304,1,12.162841394348797,0,0
TXN108471,74.48609823110507,14.599366816924165,2,2.158900696710065,0,0
TXN108472,41.699705695302534,7.991792306924234,2,6.561531080486144,0,0
TXN108473,95.14968129410592,22.395576695433522,3,5.702958800180646,0,0
TXN108474,70.83535552492302,10.556691796855258,0,0.2510880474259522,0,0
TXN108475,36.2108694824895,14.658167176695853,3,4.029025681305016,0,0
TXN108476,114.33436722933429,18.694485926254696,0,13.451858031409218,0,0
TXN108477,23.669942337258576,19.488799204461337,2,4.493786369518987,0,0
TXN108478,262.3754090719267,13.502039255307661,0,8.068955898282445,0,0
TXN108479,69.60812703200321,14.684566064196508,0,2.920818487387952,0,0
TXN108480,975.0179028257132,1.75081958585708,8,727.8122233731989,1,1
TXN108481,48.97575767423902,15.368474093434104,2,2.6155359688307476,0,0
TXN108482,191.15099210795069,18.140625528305815,2,22.769247404945627,0,0
TXN108483,120.09921338510424,12.142749049842253,1,2.3505696100494395,0,0
TXN108484,60.95537894384172,5.979689455152661,2,5.719656507214593,0,0
TXN108485,210.6573002401948,15.825132409285006,0,14.482811536787384,0,0
TXN108486,50.51294031611064,12.204519242782888,0,1.3552508951328612,0,0
TXN108487,61.6731690445401,12.535582245478787,3,5.890759992123828,0,0
TXN108488,79.52945056936147,13.318203867107956,2,10.407713171578417,0,0
TXN108489,139.99622165423477,16.121450574306767,1,3.9131005797986114,1,0
TXN108490,5.566320891054088,15.838882808171078,3,10.400146295236187,1,0
TXN108491,51.22243104197161,7.961340573088189,3,15.27075637109354,0,0
TXN108492,72.87566014629046,19.93681088701449,3,4.282917941054095,0,0
TXN108493,66.63759268377983,13.117020513450754,1,21.265452092310014,0,0
TXN108494,113.33897660091907,12.630127563933748,2,6.033721412406241,0,0
TXN108495,99.66921792010764,18.9337926157446,1,3.967666822835631,0,0
TXN108496,42.43824272643493,18.2902469719786,1,23.12544520351509,0,0
TXN108497,129.13003912107175,12.318521639982446,1,14.175518159284803,0,0
TXN108498,115.44836281992879,21.36148769771146,3,16.001636041644623,0,0
TXN108499,63.641035037521796,8.360462533770765,4,6.946436880586029,0,0
TXN108500,45.68014566903011,9.642634329295095,2,20.54914672777507,0,0
TXN108501,97.26349047058206,13.985363241990676,1,11.881390891915785,1,0
TXN108502,70.78853128029671,19.358591316566685,2,3.1561319224718227,0,0
TXN108503,117.25624681469648,21.383710306511546,2,24.597097837650963,0,0
TXN108504,9.627401740010802,20.954210933732256,1,7.7173115511730845,0,0
TXN108505,168.87860641001043,22.33902382683206,0,6.765694795695099,1,0
TXN108506,107.03415045358717,15.14079180997511,2,26.578754370364436,0,0
TXN108507,74.46642340445253,20.281491962538087,0,6.044528331405033,0,0
TXN108508,42.81713074767034,6.014971856210513,0,2.4440951832280438,0,0
TXN108509,116.11927304101266,14.58891303485382,0,5.100027174313023,0,0
TXN108510,68.261013635633,8.64621888900134,0,3.0558597031224326,0,0
TXN108511,83.83464597551097,18.732102739080453,1,13.76689778092939,0,0
TXN108512,47.19007025811577,15.371343409549375,0,13.913035050710791,0,0
TXN108513,159.40642939678202,21.54681356175041,6,4.45361875988879,0,0
TXN108514,43.20527798809118,11.780636550565578,2,10.905650025229587,0,0
TXN108515,73.40273316051596,10.698187649609554,3,4.82285179680238,0,0
TXN108516,23.98745380159639,20.30497625987956,0,2.7585825481769746,0,0
TXN108517,261.39021490566915,15.239444626120013,1,22.05682639983786,0,0
TXN108518,74.4264779185019,13.855709736003625,0,5.7181908663908185,1,0
TXN108519,141.0616832955679,7.857455027931547,3,4.807809963221349,0,0
TXN108520,51.69528611538915,16.976353921224845,2,3.385139054365331,1,0
TXN108521,113.4138235914346,11.879856090819844,1,19.147097735463316,0,0
TXN108522,21.90805827501627,15.716811372584946,0,3.6113523917198975,0,0
TXN108523,79.57138124373942,11.153148235895081,0,1.0861938316924764,1,0
TXN108524,104.37383443774245,14.011819868938312,2,3.5046241490515335,0,0
TXN108525,380.6169301268639,4.552619056817752,5,307.5657881128426,1,1
TXN108526,22.90737521831145,8.141633966261022,0,5.276359183570038,0,0
TXN108527,20.406478178346106,15.874548904243943,3,1.2737433747402522,0,0
TXN108528,50.01246658076441,16.007380700860427,1,1.3127207233896767,0,0
TXN108529,40.44179263017988,16.273880654717942,1,2.822210702343483,0,0
TXN108530,75.39044788037987,14.561801949332969,1,4.331513137347688,0,0
TXN108531,15.312157393972164,13.452505231432086,2,3.95364817626263,0,0
TXN108532,52.81399250442255,8.916420820501871,0,9.800617722691433,0,0
TXN108533,38.576683229917556,12.387438791017626,2,14.919849274803827,0,0
TXN108534,100.5024770928528,6.245260331480985,1,0.709931746385619,0,0
TXN108535,38.48765443131366,17.474120036336252,0,12.235208509265757,0,0
TXN108536,153.17679158239892,9.428688326623544,0,0.456048484252225,0,0
TXN108537,43.9008890576534,13.132690261606557,0,9.209647550824023,0,0
TXN108538,19.4931192315008,14.14245167620795,1,17.917339712348458,0,0
TXN108539,85.30683250361194,9.83534163225605,2,3.1988961196458194,0,0
TXN108540,37.40255543605831,16.0701365812761,0,2.1885922633146544,0,0
TXN108541,31.36158718575297,13.676675977526054,2,0.35504330217908986,0,0
TXN108542,643.9258725355514,1.3191385387849834,6,280.4050493440535,0,1
TXN108543,735.7715273501611,2.0964999732384575,5,747.7270301326943,1,1
TXN108544,84.32860064580105,16.596340412373813,2,5.993969756307439,0,0
TXN108545,259.82909100382204,15.023252307056655,0,9.29371446439496,0,0
TXN108546,176.19543940249255,9.20950066783618,0,13.405550765334816,0,0
TXN108547,170.66186659921584,0.1767719709624238,7,759.4213306337309,0,1
TXN108548,161.48382365640043,10.52418256256763,3,5.781715382088412,0,0
TXN108549,126.89716901067393,14.222964051030367,0,4.565349560023832,0,0
TXN108550,63.05873540985809,12.997830968691673,2,8.099442200243283,0,0
TXN108551,11.151999162501056,7.730458679871943,2,5.6048086979065435,0,0
TXN108552,20.904857329104804,14.624081875321364,2,8.077018618824972,0,0
TXN108553,151.20263314447823,11.82861210002008,0,10.066928830440077,0,0
TXN108554,190.66154549607097,16.04067703151891,2,1.2166543155288416,0,0
TXN108555,72.14320372436529,6.350594906213135,1,1.6810110485301633,0,0
TXN108556,96.18787288255078,14.80166237639292,3,12.423239001511462,0,0
TXN108557,90.92814793035878,19.170376415556298,0,5.57334137382081,0,0
TXN108558,188.56045286232373,14.837107270150174,1,4.795026909672949,0,0
TXN108559,169.10254145050718,13.71353952053503,1,14.585928036513629,0,0
TXN108560,40.27822784717523,14.286989732271548,0,3.7300221873924104,0,0
TXN108561,78.40260315733502,10.811016544079168,1,0.9812872493320277,1,0
TXN108562,112.96973587836507,10.898947479471158,1,3.0994276067202704,0,0
TXN108563,77.72082144595481,19.004099989261157,2,4.956037445694711,1,0
TXN108564,90.02210602452809,12.389668117184321,2,17.724363318335485,0,0
TXN108565,50.08898347423981,13.09268099053719,5,7.839400343219609,0,0
TXN108566,61.75939610487597,14.906227712526578,1,12.759593876125399,0,0
TXN108567,134.472056530969,17.120807276661125,2,0.12388726931380589,0,0
TXN108568,23.12832154417364,20.170996006057855,1,3.139744872580012,1,0
TXN108569,52.08005087486801,11.716065503609961,0,0.7501606393952156,0,0
TXN108570,50.79015144848927,15.721516082028037,0,7.596647502702197,0,0
TXN108571,88.4382581348793,19.61525428412363,0,10.66786568727726,0,0
TXN108572,261.55016221869494,5.351000318104116,9,303.97236834593957,1,1
TXN108573,35.64292598649174,15.09226342390311,2,3.944807950254219,0,0
TXN108574,112.35777671070046,13.95113248408861,2,3.844058515625413,0,0
TXN108575,102.82903034584788,13.569211293520263,2,9.73612403725672,0,0
TXN108576,126.21444702811255,12.69407730569897,2,0.6963904166510569,0,0
TXN108577,13.017345224594985,12.1806801751827,1,5.660759835952961,0,0
TXN108578,38.215820750125225,15.829269924464658,1,21.435148088729598,0,0
TXN108579,206.1412516007567,11.149548379297663,2,14.816739397119266,0,0
TXN108580,25.171628332067794,13.580814939522131,0,4.184446510198272,0,0
TXN108581,133.50749046414128,8.750149417503819,3,17.573264833090658,0,0
TXN108582,121.31929888781998,15.532979879140095,0,7.287019728559441,0,0
TXN108583,49.16669020460085,16.134389836200256,3,4.631667290601433,0,0
TXN108584,129.9603501912191,11.7090496683681,1,8.331157879134464,0,0
TXN108585,219.8893414177036,14.780415420853469,0,10.88343245132946,0,0
TXN108586,19.52218567913414,8.84656725957731,1,4.366149763187631,0,0
TXN108587,33.15093932774447,17.000257532514127,3,12.74479614808685,0,0
TXN108588,134.93011234746436,12.28124663432514,1,5.093913489138101,0,0
TXN108589,13.128019476548655,13.157067296868252,1,11.417052263639428,0,0
TXN108590,229.32995208015927,17.318278447419573,1,8.16202467714313,0,0
TXN108591,182.37277452333447,9.65651244646573,0,0.06542387767522581,0,0
TXN108592,38.445362978160446,18.2392275138088,0,8.154455862383896,0,0
TXN108593,133.83759427360297,13.530516876968647,1,0.9459795875589777,0,0
TXN108594,27.45348260544111,13.062435115163717,1,2.9689797801431856,0,0
TXN108595,104.47115200831666,19.502713406862682,1,3.722780881877226,0,0
TXN108596,35.46323500687972,10.149961970376735,2,4.586159873709946,0,0
TXN108597,31.33120410473343,8.160947928252,0,9.9240358855579,0,0
TXN108598,34.01523156948238,12.826690460373039,1,2.3334798401583403,0,0
TXN108599,29.598803434939622,14.995466003652218,1,3.4068660212064223,0,0
TXN108600,105.02577201305763,9.980564107316471,2,9.545054554719805,0,0
TXN108601,107.03602408534339,9.002301663555048,0,4.673839080767009,0,0
TXN108602,127.70096298201315,15.52089254207003,1,1.1538520889606325,0,0
TXN108603,82.38046870759763,15.717953986456585,0,11.047084440281584,0,0
TXN108604,44.58080161338496,13.895251717102942,1,9.135196375041708,0,0
TXN108605,148.65747282316386,13.717115645796135,3,4.138383170210802,0,0
TXN108606,192.37573501281895,10.10724906571107,1,3.578155846536471,0,0
TXN108607,119.30225690424618,13.847576168604753,1,10.99314550264574,0,0
TXN108608,43.16084926837234,13.492990735303731,0,5.889875013748764,0,0
TXN108609,33.71677673616376,19.86609931202396,1,5.751155850603109,0,0
TXN108610,51.402953340816964,13.219556756611865,4,8.723130951933141,0,0
TXN108611,124.4034099505891,11.303863328206752,1,6.488991773518444,0,0
TXN108612,52.468647194541575,2.9206763532961553,0,4.0503342347832145,0,0
TXN108613,31.853972740185185,13.864719152086927,1,11.058493952106677,0,0
TXN108614,33.10376895255511,17.97487927246786,1,5.00745517611986,0,0
TXN108615,86.25847686744973,10.5250777456773,1,15.616281260841928,0,0
TXN108616,122.50466994333922,9.677833465771215,1,18.530453479342917,0,0
TXN108617,74.3702400658631,8.745433263767254,2,3.3890498326526792,0,0
TXN108618,48.90431725124738,11.161164830219219,3,6.341332027397258,0,0
TXN108619,26.3936378848957,17.23897009053419,0,7.891225071286584,0,0
TXN108620,36.42804638984813,11.57271285714995,0,9.920291570704093,0,0
TXN108621,88.59216931709382,13.803162148250498,0,3.0253698341329613,0,0
TXN108622,113.2515709121243,11.205445438476366,1,8.391823798614112,0,0
TXN108623,84.18134977645359,9.179143532165057,0,10.778771835416501,0,0
TXN108624,4.301290647142802,15.16721481652556,1,9.41829173763303,0,0
TXN108625,21.66117987289236,17.071569245925467,2,5.875389382719279,0,0
TXN108626,18.754299230213483,9.275309576275,1,1.4294203683694646,0,0
TXN108627,190.85282891851767,11.600688863624125,2,14.190998360525718,0,0
TXN108628,44.29299429028266,20.610392363161772,0,5.043010601626192,1,0
TXN108629,129.87663511679492,11.817329281642117,0,16.257114061688426,0,0
TXN108630,95.10548338699161,18.298391061653007,1,16.017757699351627,0,0
TXN108631,18.917390773398147,10.446444324250843,1,3.851067628703267,0,0
TXN108632,307.2853453095412,12.410683245030008,1,3.3390882715314647,0,0
TXN108633,70.67133647008143,13.399048688820747,1,7.128562891144872,0,0
TXN108634,110.7811716917442,9.44357014372288,3,3.0054061623991224,0,0
TXN108635,45.91863689796497,11.907560387800624,1,1.0744197023689352,0,0
TXN108636,87.31737682258381,14.323733303227423,2,21.863684399543843,0,0
TXN108637,88.12541412005783,11.35792596727354,3,5.516803996274859,0,0
TXN108638,22.15840670592057,9.13522645152095,1,3.2435028800058427,0,0
TXN108639,9.415977771397436,15.173443776108844,0,12.62158372637207,0,0
TXN108640,34.447675372727815,6.584645523687255,0,10.395982959348224,0,0
TXN108641,255.37651128672206,17.63572145665517,1,11.69540461108457,0,0
TXN108642,66.22105011389456,13.08486090294596,1,10.878431223453255,0,0
TXN108643,53.59854469271098,18.131246934707058,1,4.546545538002738,0,0
TXN108644,230.50804427270202,16.90915875934085,0,2.4552007638378273,0,0
TXN108645,110.37690347005538,13.613095421707815,3,1.5001404183771054,0,0
TXN108646,37.943583918929505,9.723518248037198,0,6.038234606508871,0,0
TXN108647,60.02537983385704,10.528734735047626,1,2.582283260134668,0,0
TXN108648,41.258557779911804,12.310001790090727,2,4.94578234002336,0,0
TXN108649,51.829129100649666,17.542609431184268,1,4.975973374179682,0,0
TXN108650,14.136073595231721,14.772445275232839,2,4.0772948714328585,0,0
TXN108651,131.9846384243942,17.01872726148966,1,7.735141874849301,0,0
TXN108652,38.3698732575072,16.55411801703954,3,36.48838878566865,0,0
TXN108653,85.58158321029583,13.63640401070957,3,6.638608548727044,0,0
TXN108654,75.44711073995774,18.642629311645074,1,21.11206822713651,0,0
TXN108655,14.260604433701475,18.569419054035226,1,8.439868747228306,0,0
TXN108656,99.83874781514344,13.523550335654258,0,14.889244613901448,0,0
TXN108657,56.95365622587444,18.284983040991737,3,3.3781258712438915,0,0
TXN108658,282.2749509417151,12.281144330384302,0,11.776076314659129,0,0
TXN108659,54.03941736410377,18.601184428382766,1,0.42962708523500015,0,0
TXN108660,41.56474815097571,23.0,2,35.25070071960108,0,0
TXN108661,42.170123285281704,15.676787675988356,3,3.9177277663557657,0,0
TXN108662,110.42929849894576,18.234738705788217,2,8.501329996662907,0,0
TXN108663,26.446204066424087,14.709337721039292,2,7.879983382010508,0,0
TXN108664,65.77043056220715,11.625954951718914,0,13.493193312684797,0,0
TXN108665,26.075603259435102,19.40683642148982,3,9.138850425839992,0,0
TXN108666,61.09888294321067,14.370079895289932,2,2.480367324888009,0,0
TXN108667,192.37388286790647,10.169355543891296,3,0.7482711057839714,0,0
TXN108668,14.893235879814098,14.365569126806752,0,8.08038306887344,0,0
TXN108669,71.42591781485027,14.31024689926355,4,2.8564252838966837,0,0
TXN108670,2.9429683061715197,13.360089431928362,2,1.1879396990370552,0,0
TXN108671,40.74404406609051,18.787723558185004,1,13.342948302904675,0,0
TXN108672,40.80047851712653,8.263434682695689,2,14.668608252112511,0,0
TXN108673,251.80884316195502,13.84871250693188,1,4.514373291050972,0,0
TXN108674,94.6277743035466,14.330180681008384,4,6.387698703024877,0,0
TXN108675,94.98534714158387,21.491462786372786,0,6.140936591932105,0,0
TXN108676,12.123708248540218,17.866525829870934,0,1.183901830960767,0,0
TXN108677,22.10355188079097,13.198043331644902,2,3.3420331907769,0,0
TXN108678,76.86200711901989,14.551976571984168,1,18.423955728553747,0,0
TXN108679,11.459734852969577,14.631144453548384,0,9.520474012240031,0,0
TXN108680,38.78797806483047,9.512010271090203,2,6.450308012669201,0,0
TXN108681,18.329363462827338,13.84066967961658,2,7.47583860716719,1,0
TXN108682,110.03076692201219,5.789419980819414,1,9.063452476271614,0,0
TXN108683,30.230651156138247,15.571631086974774,2,9.606159535572766,0,0
TXN108684,71.66503796410547,5.974093243630113,1,14.559368118616936,0,0
TXN108685,107.06563282664723,13.771738868170003,4,1.0220703912817357,0,0
TXN108686,27.166272062177228,15.595419011454808,0,7.868141374766784,0,0
TXN108687,66.25931176608076,11.954819441441673,2,4.503469253365658,0,0
TXN108688,85.06366764642264,18.30167875033153,3,3.9839224866981664,1,0
TXN108689,71.36507734870109,9.574940201605045,0,1.7015510567491154,0,0
TXN108690,152.2077807690608,11.648092719858564,0,14.485668634522437,0,0
TXN108691,74.62591768968151,10.142997694425482,3,12.184548856028332,0,0
TXN108692,165.83822398894569,13.864738049803659,1,6.841757629405505,0,0
TXN108693,143.10718107387225,17.34662237818239,2,16.32053099190269,0,0
TXN108694,117.09857544145058,13.179704032672678,0,2.3818242013029627,0,0
TXN108695,23.19044089880038,10.937409282935416,2,4.302512604851204,0,0
TXN108696,54.36898277114227,7.8980794162942,0,3.8138437138767163,0,0
TXN108697,60.94110231928564,18.958752978033665,1,8.474277886502964,0,0
TXN108698,45.69382868092017,15.802309705275364,1,5.5580256847792135,0,0
TXN108699,65.4376619956029,15.759144080583608,3,4.463588132311942,0,0
TXN108700,39.226449325447646,15.907364450759406,2,5.308898021815557,0,0
TXN108701,28.0779060572398,12.026673022302738,2,8.091624791083806,0,0
TXN108702,191.4140065630453,13.185522079687876,0,8.023503306902626,0,0
TXN108703,81.41128357518656,6.839679210170754,0,13.983101919632055,0,0
TXN108704,87.02073160022377,16.105721090181913,0,3.162244623751031,0,0
TXN108705,113.51285167169942,14.044835437918062,3,13.739390757734595,0,0
TXN108706,85.2299888287541,12.016936241013418,3,3.030464497040101,0,0
TXN108707,27.72996051763102,15.077521458002233,2,12.63111310972194,0,0
TXN108708,78.75341835688465,7.625694200407124,1,7.655693509990066,1,0
TXN108709,112.23233834242265,15.726740507940011,1,2.741488925617455,0,0
TXN108710,119.065982627648,15.199083826369195,1,5.7228866918527554,1,0
TXN108711,241.8473597952589,11.505044414091811,3,7.020254139214725,0,0
TXN108712,62.17387012759498,15.101492387378723,1,12.75406447217132,0,0
TXN108713,63.36381928721327,11.147620823145367,1,3.6318746931247126,0,0
TXN108714,216.639107573218,18.10220264124387,0,18.422840988169504,0,0
TXN108715,156.75833716779908,18.97510557051123,2,5.9347044126644075,0,0
TXN108716,147.65777960785468,5.2670580721841755,1,23.383050789276293,0,0
TXN108717,41.93840020015634,13.72646657650911,4,6.205872050671669,0,0
TXN108718,176.47566092680455,14.307039920945122,0,0.8919230077738766,0,0
TXN108719,85.53367276824716,13.858862126127661,2,20.252846246266888,0,0
TXN108720,29.317916368523818,21.801194555113426,1,4.962906382008285,0,0
TXN108721,71.83109930382516,12.017940707534214,1,7.602874737133856,0,0
TXN108722,83.29557247929762,15.359490275324527,1,5.378900997929406,1,0
TXN108723,32.27894146183403,6.7139506567445775,0,15.004534663028275,1,0
TXN108724,154.7000091196099,16.175938125379087,0,0.9055918537229142,0,0
TXN108725,153.96280856699738,17.513108342416995,2,20.425718351688566,0,0
TXN108726,108.66065872699144,12.89112222839569,1,19.5310435548745,0,0
TXN108727,81.2333015826558,18.170534906905466,1,4.019458046230243,0,0
TXN108728,77.44364117794544,11.932078755327435,2,8.80442481330611,0,0
TXN108729,100.3024252523162,9.14210988357589,1,1.081401582302405,0,0
TXN108730,141.27167684630686,4.546743395548566,1,4.088598068814045,0,0
TXN108731,74.7210267923007,15.12189095537842,2,4.451216965593447,0,0
TXN108732,25.74018760579678,17.696926073292857,0,4.064917543662921,1,0
TXN108733,88.98446026483312,12.41273941581527,1,5.587557884278355,0,0
TXN108734,109.04747834354734,15.753032079056368,1,2.9607970797851184,0,0
TXN108735,132.30340462990895,13.95538486536267,2,4.959764901969365,0,0
TXN108736,70.22060642690329,15.613470057271535,0,5.627893037766184,1,0
TXN108737,106.70053406707527,18.6988154101592,2,4.535215443871246,0,0
TXN108738,157.96857011209838,11.060575823425292,1,10.170812472998474,0,0
TXN108739,15.401826096994762,13.944616606548678,1,1.6292937965721734,0,0
TXN108740,111.60268229279019,12.586024759746874,0,0.875610284957361,0,0
TXN108741,228.28588659975057,17.912658925046834,3,4.578793204712821,0,0
TXN108742,3.710499458412599,10.084892969255648,1,18.568292546371016,0,0
TXN108743,234.9507860043879,14.40369676422155,2,2.9397056860693693,0,0
TXN108744,91.82919836605606,15.3749982698995,3,8.638606160401622,0,0
TXN108745,205.72831941998197,11.360756724154074,1,12.014121839157747,0,0
TXN108746,79.30790712050681,13.728612169765187,1,19.435210386970603,0,0
TXN108747,19.510737010333116,14.971483484890154,2,14.274927615469753,0,0
TXN108748,106.40969519210616,16.464760516850884,3,2.9874331698883254,0,0
TXN108749,38.50031722677925,11.603592581437937,1,5.535876738193611,0,0
TXN108750,51.51631796938315,20.229541448527563,1,23.14654268769499,0,0
TXN108751,979.0124124381765,3.848157852353883,7,505.8687494457773,1,1
TXN108752,55.0575248356714,15.824869056483006,1,11.524106738963109,0,0
TXN108753,107.74608792123082,12.196862913267992,0,12.831692843551814,0,0
TXN108754,11.022238652372982,19.103176329418602,1,4.193071701312997,0,0
TXN108755,23.234461245649996,10.454370619839018,1,11.23931370865887,0,0
TXN108756,112.50762791690768,14.092007105626687,1,6.422874452553314,0,0
TXN108757,56.65322891112229,18.287258353805232,4,4.481907951479649,0,0
TXN108758,90.0597626333164,16.60928635082052,1,27.273845240562643,0,0
TXN108759,255.49678017597276,12.328683072623198,2,2.92075940841665,0,0
TXN108760,58.676757516457634,16.739411228886986,0,1.1303603182926798,0,0
TXN108761,59.99210944202772,17.373643415410395,0,3.619403075057579,0,0
TXN108762,121.49688702335561,11.798708177510022,1,4.859886662822764,0,0
TXN108763,122.29125903959581,15.053595356380308,2,0.08619205030681895,0,0
TXN108764,24.48557785034445,13.363409074103934,2,6.923448084961745,1,0
TXN108765,75.48368336158896,19.333423186684385,0,5.975015628210455,0,0
TXN108766,114.88898031740143,17.776194138733615,1,12.296607992611834,1,0
TXN108767,80.11628109856966,13.571646660052034,2,8.551264698041978,0,0
TXN108768,41.10231603559118,11.7517862838187,1,2.653790524038623,0,0
TXN108769,460.4700359008972,5.085834603494631,8,181.3678946760183,0,1
TXN108770,76.64772842044924,18.137662546375395,0,10.14729218385777,0,0
TXN108771,19.62680730327014,13.01022307959597,0,1.4078522784670413,0,0
TXN108772,54.020579210313436,12.710108591702749,0,0.6338964973926571,0,0
TXN108773,42.90907678358535,4.3818928402531725,3,20.429770287305736,0,0
TXN108774,56.75361567241862,21.58739387857002,2,3.0605540999060614,0,0
TXN108775,141.4876131245595,14.844636788908021,1,21.51062003575925,0,0
TXN108776,45.453657573024174,17.063274909843457,1,2.2522392917454264,0,0
TXN108777,18.24906989777616,16.38785413970438,0,5.273940286058884,0,0
TXN108778,31.848897401270044,13.756552650863707,1,9.173852844742136,0,0
TXN108779,140.29466703052168,15.789886801125373,0,5.129021467974435,0,0
TXN108780,126.88243721435342,10.45388681393851,2,0.14946650320881064,0,0
TXN108781,54.73887105817422,11.11196967983372,2,7.425380187055774,0,0
TXN108782,58.789923639090105,17.268509975458823,1,8.55884828675849,0,0
TXN108783,80.73335846706928,10.818175333062339,2,7.593353056773429,0,0
TXN108784,1073.0570661892464,5.699012028466981,12,476.49454045832175,1,1
TXN108785,173.88104423767928,14.265335171326315,1,8.76742247129794,0,0
TXN108786,141.4452568151816,12.23411959850048,0,1.1100533062083768,0,0
TXN108787,31.867655397176186,15.722109734207542,0,2.5406264147612907,0,0
TXN108788,111.73953339546887,14.791948856712118,0,2.4091805266168906,0,0
TXN108789,35.21474085487863,17.82446284207622,1,2.0093222972623734,0,0
TXN108790,105.54155111109382,9.020191007965538,1,6.445296738355848,0,0
TXN108791,73.41895925375792,20.564742926516807,0,3.104301239747561,0,0
TXN108792,208.24839351612576,12.668946286322301,0,15.107986797334412,0,0
TXN108793,12.997831251464367,8.878713721457299,0,6.327120099607311,0,0
TXN108794,39.97068326086883,9.730371719614109,2,1.3981731833231883,0,0
TXN108795,6.507962380167161,10.271919697397859,1,8.48741570173152,0,0
TXN108796,76.42018643813837,18.694838124565674,0,8.992435341648266,0,0
TXN108797,36.85663106808903,18.0503137487406,0,0.8641293297933993,0,0
TXN108798,107.33221206978534,15.717327708745513,2,2.801201020414201,0,0
TXN108799,162.13484058651133,12.05456273129504,0,13.35224268695271,0,0
TXN108800,14.564944954931367,8.467468145011209,0,5.745664324197062,0,0
TXN108801,70.0126452355279,19.218358547023904,0,6.899163637014427,0,0
TXN108802,34.66340721596149,15.432364185630659,1,0.5685949201714378,0,0
TXN108803,43.15282153615489,19.580301451153463,0,13.647029567356295,0,0
TXN108804,66.7909832300383,9.470003254193912,4,5.169965350230066,0,0
TXN108805,1.1874747935438155,19.837656609557424,2,0.8218209205010564,0,0
TXN108806,70.00065936558349,10.196210159706984,2,4.2620279683897095,0,0
TXN108807,70.85111924284254,9.234046387968316,0,14.370431449102831,0,0
TXN108808,65.85516187182816,19.767376121062735,1,7.233457319813894,0,0
TXN108809,214.85430065727252,17.279065468748392,1,9.449514219388085,0,0
TXN108810,106.56469611971698,8.632236273445725,1,4.939421723570614,0,0
TXN108811,172.09698911209557,12.864254023877347,1,5.754034835307632,0,0
TXN108812,76.3809061625853,12.0318573515071,2,8.43402442771774,0,0
TXN108813,80.31167841634763,16.17864426093396,3,3.925358136778404,0,0
TXN108814,123.65974450477437,18.591972143255866,3,6.596172014379839,0,0
TXN108815,38.21020855373603,14.315792241049758,0,1.3322549552716123,0,0
TXN108816,15.579451857562876,12.679408795777388,0,1.5418210452000825,0,0
TXN108817,110.37575339564212,10.049501197763957,3,11.24378561492814,0,0
TXN108818,74.60281538942222,8.403257673375917,0,2.2163345713039555,0,0
TXN108819,127.04103324823295,14.994920962865416,2,13.072030037432746,0,0
TXN108820,112.89621452930085,13.08554430198121,0,10.613006031437491,0,0
TXN108821,45.98262872104076,15.032435360199797,2,4.3896894124693375,0,0
TXN108822,62.19875090870407,17.44077525403609,2,5.390442478081681,0,0
TXN108823,95.00315337888983,11.663416776224842,0,1.840294679294236,0,0
TXN108824,97.01777823805526,10.81806069002296,0,7.694218305576928,0,0
TXN108825,78.68477902251841,17.76141847846082,2,3.5921008408896444,1,0
TXN108826,180.16475488040626,8.343208762460105,0,5.40576815203396,0,0
TXN108827,33.54411364250633,16.351217569067828,0,3.748357536603795,0,0
TXN108828,187.3125625520916,13.168583478663496,0,10.585192327139161,0,0
TXN108829,90.93120105786028,9.047471788825506,1,3.5610399324877346,0,0
TXN108830,20.20973519118773,8.209600184449393,1,9.423271535860247,0,0
TXN108831,31.4762120372988,10.604702453751795,0,18.10010436632799,0,0
TXN108832,21.829702724319638,14.196571794389625,2,8.227559378591177,0,0
TXN108833,121.96356804992989,6.987080772811178,1,4.905518946043229,0,0
TXN108834,66.56757501130718,8.6112307528795,1,4.801452506145748,0,0
TXN108835,57.52214527761855,14.964199292083729,1,14.573085174737097,0,0
TXN108836,36.94239274232395,16.98015435110595,1,5.136403380802634,0,0
TXN108837,150.6086851969393,8.892255529583005,1,14.836259328699402,0,0
TXN108838,135.57044047167926,17.89647165938955,1,6.890574421676652,1,0
TXN108839,74.59219010209605,11.176504335240502,0,1.4503402120227415,0,0
TXN108840,92.79758742011776,10.101613453334354,1,7.825050292994664,0,0
TXN108841,60.10909322539553,17.30548374192207,2,10.367676388345991,0,0
TXN108842,75.3385442281575,12.746578599875383,1,6.053757202563622,0,0
TXN108843,79.95526994246906,9.701722454468133,0,7.906052533068558,0,0
TXN108844,66.36927517016419,18.58321148818182,1,18.503801735321908,1,0
TXN108845,61.29662643416408,17.574763377302908,1,3.360549448348991,0,0
TXN108846,50.87228719432163,16.25028172771097,3,3.3703498994726324,0,0
TXN108847,26.312561500607895,16.044961881718717,1,4.547731460504183,0,0
TXN108848,112.61532674894121,10.48305829448028,1,4.827741814870292,0,0
TXN108849,209.91719406635468,13.735499446145322,0,2.52094793556592,0,0
TXN108850,73.37785594026785,13.530066744265282,0,15.569612617287214,0,0
TXN108851,32.184874344486886,11.496713708882794,1,1.4770325898352392,0,0
TXN108852,92.04851778972339,13.371114854436753,0,6.60136466765274,0,0
TXN108853,87.68197435578199,9.602965646175605,0,12.207056612434553,0,0
TXN108854,43.49784569642584,7.095222315504159,1,7.004121204745033,0,0
TXN108855,219.93504131089617,9.941339061381868,1,2.292537936431559,0,0
TXN108856,41.74722164254536,14.932386954765136,0,2.6794780428104574,0,0
TXN108857,88.78574213373287,8.696593792262764,1,4.384633881705922,0,0
TXN108858,54.23296008547619,12.649872411052142,2,1.4535990045401355,0,0
TXN108859,100.36148826412958,10.719295914350631,2,0.4054118119885202,0,0
TXN108860,12.422122861419059,14.0340971330805,1,6.508560392961382,0,0
TXN108861,72.8525557035481,13.602405736248851,2,4.394626883717094,0,0
TXN108862,88.81627182407071,7.9016762464169625,2,1.223283095175926,0,0
TXN108863,29.14147384499565,13.787990755073901,2,5.844540762948183,0,0
TXN108864,105.21660514526168,15.669825641652587,1,5.761198347507542,0,0
TXN108865,238.66683798205918,8.830214945234465,2,1.3273492552824175,0,0
TXN108866,16.357083168411805,10.010016203016225,1,22.20283957431659,0,0
TXN108867,164.3672190504972,9.186919864072681,0,8.783487545053863,0,0
TXN108868,125.42857614317165,15.321184731331687,2,2.166991088437923,0,0
TXN108869,107.3992502953885,15.79604578470484,1,2.642562861153792,0,0
TXN108870,10.182164381024512,18.445680834861513,3,3.3850828812598746,0,0
TXN108871,118.92804620415521,9.974313846792885,0,12.9497970325939,0,0
TXN108872,100.8013715708959,8.52248976761241,3,13.747325385222823,0,0
TXN108873,70.84155154973607,9.918762683504708,1,14.267364833629607,0,0
TXN108874,119.81195742716409,9.979865072542939,1,7.245973045937451,0,0
TXN108875,58.91503197102884,5.449012773410395,2,2.531901226093783,0,0
TXN108876,32.702891977799744,18.47187056410298,2,2.6104866701611087,0,0
TXN108877,9.511170826447568,13.976121778982247,1,5.1387122332949255,0,0
TXN108878,63.00756930778803,16.525322422830897,0,11.082977757657627,0,0
TXN108879,69.0861398824113,17.607795298807535,5,1.445200456101702,0,0
TXN108880,44.523704578617156,13.851409294846983,1,5.4745791690367085,0,0
TXN108881,223.69208812972255,7.285975800259342,1,2.0141846856179884,0,0
TXN108882,74.65761707685486,9.835405539781313,3,7.938487772992746,0,0
TXN108883,58.80575131731804,7.975440927069073,2,1.6134564409310448,0,0
TXN108884,67.5194408201292,11.861212281710312,0,2.7492512629622325,1,0
TXN108885,18.401580545597174,21.150811672319783,0,15.16355564244877,0,0
TXN108886,166.61040622713165,14.045828965995844,0,1.2839400508500407,0,0
TXN108887,68.57247714856585,17.840309193485496,0,8.736503177056266,0,0
TXN108888,174.6614432403145,13.420926464963367,1,4.772622587783333,1,0
TXN108889,162.8591705416697,8.51263203926366,1,10.985440518363738,0,0
TXN108890,42.80551849726308,18.714356613343845,1,10.096544111062977,0,0
TXN108891,66.94191594275762,7.5572549424104025,1,2.2264859413907274,0,0
TXN108892,35.095483168831734,23.0,1,7.5984969410886505,0,0
TXN108893,162.521721473756,8.387596022489317,2,1.8539491417051546,0,0
TXN108894,102.80520418779301,16.484412035872445,5,21.744881374003423,1,0
TXN108895,134.12621053082853,4.874052931906341,0,10.31310550456747,0,0
TXN108896,20.306850038830206,18.6025768054429,3,3.935316046169952,0,0
TXN108897,58.12924913643237,17.69988287761715,1,12.553015887245369,0,0
TXN108898,71.26158898444598,16.227026918852914,3,21.981794929056356,0,0
TXN108899,131.5357371456206,9.100305637893788,0,4.974526713300104,0,0
TXN108900,85.64181418686644,20.288874947697877,0,5.127563479220267,0,0
TXN108901,25.85512446056933,17.501137858679098,1,3.903126615393251,0,0
TXN108902,132.17324758310943,16.407345368534656,3,6.204177984545602,0,0
TXN108903,38.649718949471236,13.290049846773735,3,15.21738309083273,0,0
TXN108904,17.8308076202322,7.229706314162986,2,1.4388404551795668,0,0
TXN108905,22.256791179933707,6.7732352127047895,0,7.1844433249250255,0,0
TXN108906,16.81658020157102,19.818090244001816,2,12.443769493178307,0,0
TXN108907,85.79893142007396,23.0,1,8.927645948410504,0,0
TXN108908,34.611680306220876,9.668072107181004,1,2.2800044923893568,1,0
TXN108909,138.22973816921194,12.636250203243439,0,15.917931044803833,0,0
TXN108910,26.9793238036377,17.344749026529517,0,1.592293900675875,0,0
TXN108911,122.9376496530884,12.777269981892156,5,10.174784891736428,0,0
TXN108912,54.149330213865134,9.993080300292524,2,6.849183219354956,0,0
TXN108913,179.90270681015085,13.34171317830578,3,16.458895777577542,1,0
TXN108914,63.33881929615636,10.021658431476354,0,3.3652446495479076,0,0
TXN108915,115.10139334406341,10.310484365248886,1,23.841944449617998,0,0
TXN108916,52.09026371223029,18.966613668202637,1,1.4074216685783767,0,0
TXN108917,204.68166736667962,12.283699614702615,1,4.6174666264992865,0,0
TXN108918,76.37577354417347,9.913159821608666,1,1.7178533305978203,0,0
TXN108919,62.22944965233232,11.435565199158315,2,7.823080254339823,0,0
TXN108920,72.81341136916359,12.349606512829205,3,1.9677800359570679,0,0
TXN108921,50.9988682927326,13.411112888496062,1,0.5143563848684813,0,0
TXN108922,71.98329247503506,16.8836188497627,0,1.2976418912808463,0,0
TXN108923,75.87309254359215,15.480724007022875,0,14.484695834194174,0,0
TXN108924,100.31513130161692,15.134274173841519,0,2.6549184097286904,0,0
TXN108925,39.161315124793425,11.933828797550106,1,5.33340068415881,0,0
TXN108926,25.116810162253053,17.32192363849994,1,8.30523235299131,0,0
TXN108927,55.186882044363166,13.228668904928485,1,7.53277106534087,0,0
TXN108928,55.97119553643627,7.996537603453435,2,2.2387862839195085,0,0
TXN108929,39.80937544931907,11.032154001873245,0,11.006889696121382,0,0
TXN108930,63.61610112004759,13.952798606037199,1,1.3902193161570444,0,0
TXN108931,128.5487390275636,12.334068137512721,2,9.054358037886145,0,0
TXN108932,80.29832266545449,10.296015710578194,1,1.129330726824891,0,0
TXN108933,28.7448089280359,15.049151447483656,0,3.2935405555732062,0,0
TXN108934,22.98532203607723,15.705387079885963,1,23.722334608925824,0,0
TXN108935,88.77780166882296,14.753885085671202,3,0.889342407863206,0,0
TXN108936,204.30507606424777,16.39254115056046,2,2.7740132158899615,0,0
TXN108937,59.609970262375015,11.007745411076852,2,4.640455855361767,0,0
TXN108938,58.663808159655495,14.721616578335317,2,1.4773930513521993,0,0
TXN108939,54.92967216215317,9.259914750702013,0,4.740578070611633,1,0
TXN108940,273.2007308393329,16.672823724395773,1,10.439330643667864,0,0
TXN108941,65.42189915513066,13.686778868774534,0,3.7405392772833452,0,0
TXN108942,85.74721092147804,13.913235494027441,1,16.807095870035273,0,0
TXN108943,118.56431762894422,17.161693355226298,3,9.16992262724632,0,0
TXN108944,45.02829927938001,21.66015474213114,3,4.998174037391439,0,0
TXN108945,125.42185000206962,20.475472153237483,2,7.171328258174384,0,0
TXN108946,126.21789230247565,11.810291071651413,2,1.0567617304558454,0,0
TXN108947,55.59887568493248,16.328223299381055,0,6.2574137368364795,0,0
TXN108948,128.83499980715246,16.949846125397222,0,0.3967395707261809,0,0
TXN108949,63.78189141335598,9.634912440339821,1,11.6135708892146,0,0
TXN108950,91.71060907849812,19.473597368201617,2,12.329316498635954,0,0
TXN108951,17.32489736570716,15.913775404784632,2,15.645361175725924,0,0
TXN108952,163.60214815428208,8.05670495315324,0,11.467071905221076,0,0
TXN108953,186.6844200247446,17.489736676806366,0,2.695071873317634,0,0
TXN108954,66.05348261088517,16.109085393720378,5,11.004558740852428,0,0
TXN108955,39.64837136168509,9.685038008106499,0,12.346167765220144,0,0
TXN108956,33.780565432954916,15.488096964809467,1,0.2838382684349055,0,0
TXN108957,99.6356086268899,21.91526714616492,0,10.702218022167969,0,0
TXN108958,122.5147220198665,21.338316354845688,3,17.92287616219513,0,0
TXN108959,19.279576612103476,14.330794221299284,3,2.3428490044079684,0,0
TXN108960,1286.2597380841473,2.228767957940863,7,328.4113613699252,1,1
TXN108961,150.44487977407493,11.753529498396158,1,12.025727262974756,0,0
TXN108962,75.35793530522855,11.54384853605667,2,12.57233758075715,0,0
TXN108963,206.71856759341222,16.539959064641497,0,7.150031715526505,0,0
TXN108964,33.19540819326956,13.833001169994576,2,5.269620597571377,0,0
TXN108965,18.528986244814448,11.692374149317072,2,0.21604422792762115,0,0
TXN108966,108.89091004842676,23.0,1,7.663459216472283,0,0
TXN108967,10.981279573357856,12.033766316380248,1,11.535510907219011,0,0
TXN108968,89.34246921126689,15.993540006850994,3,4.477698008575336,1,0
TXN108969,32.413025553364065,11.152921396181812,2,6.720597086303569,1,0
TXN108970,204.86631022056036,12.303613077997928,2,16.75383662823311,0,0
TXN108971,118.75628232318597,12.158514384538073,0,2.3965949636418173,0,0
TXN108972,91.51762465967761,9.760670213533414,1,5.662028055328462,0,0
TXN108973,15.998911413992516,13.782309958872345,0,20.15073556210972,0,0
TXN108974,19.968884285665773,12.217296479749745,2,2.495313981177641,0,0
TXN108975,88.89974561839436,6.165225865302536,1,3.2520250912384476,0,0
TXN108976,188.69002319458724,16.64932022873408,2,6.84717816369866,0,0
TXN108977,158.8508858262617,18.08038127218152,1,4.4844156860149,1,0
TXN108978,30.11823913221301,18.366190967820266,0,0.8079231275688553,0,0
TXN108979,28.383470148137743,15.748030522606552,0,1.710801523986205,0,0
TXN108980,16.572900331504922,14.680216646319257,2,5.28549992856028,0,0
TXN108981,147.4872510626892,8.581038859630873,1,6.180450094465682,0,0
TXN108982,84.9288007918142,18.0184434722382,2,25.83383061544839,0,0
TXN108983,87.31854083885094,10.972673265246545,0,1.0734745164524475,0,0
TXN108984,128.05276840616324,11.55978180112297,1,7.030657673323559,0,0
TXN108985,67.04012134894896,10.142823928233394,0,3.225864802466713,0,0
TXN108986,232.5743418871063,18.28974886889116,0,18.618657377921988,0,0
TXN108987,148.1756090162303,8.040858306734666,0,0.8356904345911287,0,0
TXN108988,146.4526850528892,13.88076214935628,3,2.113450365913,1,0
TXN108989,24.97855837858687,12.704942420821428,0,5.6798432325340755,0,0
TXN108990,80.69274133042994,9.26263405642857,0,7.54754044617694,0,0
TXN108991,20.68341583693976,6.854170450702036,1,4.281690525485925,0,0
TXN108992,65.66982456116764,8.130588897020598,1,9.6467551230629,0,0
TXN108993,61.268040733674994,13.306051608804454,0,27.270007105446975,0,0
TXN108994,20.075925564363683,13.92580456575723,1,4.494377940557246,0,0
TXN108995,75.89017302731986,10.862454056659505,2,0.6529783539960327,0,0
TXN108996,132.4230063780158,7.965870930446629,1,6.996044673591838,0,0
TXN108997,89.5541476175498,16.366436536401427,1,10.10971743224861,0,0
TXN108998,49.5781062153409,11.771167926796286,1,6.349290848195701,0,0
TXN108999,37.434458821420705,22.984711320959832,1,10.744306355255473,0,0
TXN109000,40.73780260876226,18.201639918341193,1,15.89536906963454,0,0
TXN109001,68.73730050913112,9.27624566242525,2,5.116417791796538,0,0
TXN109002,1651.217294062457,0.0,3,367.21947223420403,1,1
TXN109003,296.7798784221185,15.676037244828297,1,4.178458458820111,1,0
TXN109004,87.81773511042053,17.20530402831026,1,6.464523077248604,0,0
TXN109005,31.68923470113326,16.10168244589053,1,4.64560269810121,0,0
TXN109006,23.631837322245293,14.735029527162807,5,9.779762336891931,0,0
TXN109007,57.007627758830935,8.16405307140157,0,6.230008610606868,0,0
TXN109008,38.59962563294589,14.009304830833528,0,0.35953270465170023,0,0
TXN109009,99.2011069177542,14.664477624675028,0,2.965855841709895,0,0
TXN109010,77.83132457637134,9.67421056528483,1,3.1872041728629985,0,0
TXN109011,49.20956810914075,14.204787767418889,0,14.158305418330997,0,0
TXN109012,74.22146300013553,9.991050268819492,0,3.2939001217179262,0,0
TXN109013,109.57030892009502,13.855029984503682,0,13.96542166263072,0,0
TXN109014,161.7241587860301,14.31540430300688,2,4.224403910964782,0,0
TXN109015,28.996596222838647,12.098543439151623,1,3.266282542828358,0,0
TXN109016,23.30963534703931,9.476762744135751,1,9.24712183595545,0,0
TXN109017,41.37530631396118,8.972715632686842,0,4.624897335640154,0,0
TXN109018,63.26591395716864,9.575837262459851,2,9.909923507732355,0,0
TXN109019,38.868414786628136,16.68595974145262,2,13.67103486109266,0,0
TXN109020,182.4536083735956,6.905333499030053,1,1.200174558226784,0,0
TXN109021,175.34799902762546,11.846730832354803,3,10.669249137751509,0,0
TXN109022,40.39359655302003,19.323426912919267,2,5.694741245985835,0,0
TXN109023,87.16967381502398,15.940397233729438,0,22.36910482964376,0,0
TXN109024,37.70838117768537,12.606917886146741,2,7.014321870375676,0,0
TXN109025,52.82141562002362,16.7629720794847,0,3.374971357637284,0,0
TXN109026,24.79184674192011,18.09005583502276,3,12.501745515876266,0,0
TXN109027,139.1559115795082,16.834574335840102,3,8.456002614699537,0,0
TXN109028,73.76209696105762,13.006451265740894,0,0.27995934417031176,0,0
TXN109029,44.75515741185652,8.17737952706715,1,8.99503293441915,0,0
TXN109030,217.6162863404017,14.340196888786776,2,8.779860126158425,0,0
TXN109031,184.4217534965976,12.8720945286251,0,11.05212009439136,0,0
TXN109032,5.772686658699294,12.691449161608682,5,9.329351079643688,0,0
TXN109033,51.93910981665559,23.0,2,0.6697175381525993,0,0
TXN109034,78.47466982793917,11.438869494329373,2,3.3330080742560844,0,0
TXN109035,20.12204261538556,14.241456262606091,1,3.0053482298464673,0,0
TXN109036,130.95082459316862,15.968143054130834,1,2.960937315336613,0,0
TXN109037,49.40116404762413,12.826929048688529,0,9.521022262812098,0,0
TXN109038,59.43776488989095,8.685863781745516,0,11.426938774284988,0,0
TXN109039,30.201780992563286,11.168202763340583,1,3.6364230615508046,0,0
TXN109040,40.033702639344426,8.909793431495649,0,4.894573071535502,0,0
TXN109041,40.41118509051904,3.805070411859388,0,0.19279918362021392,0,0
TXN109042,153.36289540022025,18.272029908920494,1,5.1414397096203,0,0
TXN109043,149.0558080039126,12.75254984134302,2,15.791507545294321,0,0
TXN109044,90.5398944711109,15.019580302695347,0,2.0507026072180463,0,0
TXN109045,52.78997426835425,9.53549030836321,3,7.371693713539602,0,0
TXN109046,103.8118940439835,13.038996664067323,0,8.002796923772047,0,0
TXN109047,43.52965878403215,17.678444104149253,0,0.5532512590980598,0,0
TXN109048,83.74402632885955,13.57666061223104,2,1.9353096674240835,0,0
TXN109049,154.44694314353376,13.326819540765161,1,4.427522756914857,0,0
TXN109050,56.68739946707436,11.005028915454663,3,1.9739853166599886,0,0
TXN109051,61.74145724589809,13.663329317624608,2,12.914423055786324,0,0
TXN109052,153.667414433158,16.470302632248007,2,11.538073308047188,0,0
TXN109053,45.350288234177,18.605758453287358,2,8.88428127240916,0,0
TXN109054,79.76261759015513,9.38004665723807,0,9.27363679422873,0,0
TXN109055,168.26165818494235,7.185248915452352,2,2.5242395822085975,0,0
TXN109056,207.51138730759695,16.98388735597632,1,3.138464225663987,0,0
TXN109057,201.16669434579478,14.20079738170637,0,3.9067358393269904,0,0
TXN109058,68.49835879660586,14.155398742362072,0,1.0497654379745742,0,0
TXN109059,108.66495477271629,16.93492914974089,2,10.632096884687343,0,0
TXN109060,45.221814616179905,11.982220704912255,2,17.328012807208484,0,0
TXN109061,83.45702999649134,17.932971527992258,0,7.2956461287388406,0,0
TXN109062,114.4900350309684,13.679135600251364,2,12.059742726403716,0,0
TXN109063,50.5403497946879,8.888654691816154,1,8.042394684122156,0,0
TXN109064,67.2793146210918,13.638746602808348,1,4.83111580557675,0,0
TXN109065,94.07658403178124,9.366586751581234,1,12.973465478504256,0,0
TXN109066,39.46791528265917,19.287479841438035,0,11.044744096876896,0,0
TXN109067,22.8750145607545,17.88819833023371,0,4.014498780122056,0,0
TXN109068,72.12198581142641,23.0,1,6.880411549186603,0,0
TXN109069,89.34289863560139,17.583262589981178,1,8.655567486533212,0,0
TXN109070,26.23667705262946,12.300209423405509,1,21.96594426854913,0,0
TXN109071,27.714269370354657,18.662881031110896,0,1.318687453861084,0,0
TXN109072,129.11262017513369,16.165283845425837,4,16.769161766380368,0,0
TXN109073,48.13174071474113,11.11525624422529,1,24.079270939060212,0,0
TXN109074,81.32762475135362,9.528791298780684,0,4.597923989104546,0,0
TXN109075,134.87030511209792,15.38832729399202,0,4.637472771092902,0,0
TXN109076,74.06125360932221,16.547835214219226,2,3.0050896607632755,0,0
TXN109077,118.46307277054837,10.055369608549473,1,1.2182541096530968,0,0
TXN109078,89.27401200652957,15.657996872383155,0,21.584026312659645,0,0
TXN109079,136.39550845719822,16.124863959363992,3,6.883367202545502,0,0
TXN109080,68.80853203518187,18.215716080091056,1,5.578827177458758,0,0
TXN109081,167.2128341315444,14.325177490294163,3,2.896161637597561,0,0
TXN109082,224.95482008788898,15.661626451980394,3,2.3504487795668987,0,0
TXN109083,51.763670452368245,16.518364899069805,1,5.32239486387768,0,0
TXN109084,86.16502656733793,18.206685194616085,2,2.6142502125850746,0,0
TXN109085,114.41733983242295,11.61804605227649,0,3.343045441015378,0,0
TXN109086,131.37996689291322,7.489245376401328,3,12.86976887022416,1,0
TXN109087,26.695532464728082,11.587047432947191,1,5.577789797410895,0,0
TXN109088,20.156646177462243,15.10127136564235,1,9.322823862393987,0,0
TXN109089,142.10847228626562,8.382579218614982,0,1.777057534118718,0,0
TXN109090,37.76692482346641,14.363113039569656,0,19.43873829979822,0,0
TXN109091,103.68430780017462,15.47983706662215,1,2.072506294795095,0,0
TXN109092,79.89770963923692,18.421330175383964,2,4.136533595487564,0,0
TXN109093,58.31816463145341,14.553639017847733,2,1.11014305132867,0,0
TXN109094,113.7687500463272,10.692515326426168,2,9.473714469014464,0,0
TXN109095,56.224484441735676,6.01382984145963,0,2.092848028944318,0,0
TXN109096,58.5113146384587,21.284199979390728,1,9.798886000196203,0,0
TXN109097,111.75405177117528,11.464886655077525,1,0.47472111239080017,0,0
TXN109098,170.97173489215072,15.813734493358126,0,3.598940130198924,0,0
TXN109099,10.12181879087223,11.827807241009708,0,9.45522236742653,0,0
TXN109100,39.00528899352149,12.185028534995721,3,1.9780239992112763,0,0
TXN109101,80.81288709573492,19.02467300497342,0,5.939248018984981,0,0
TXN109102,48.70318021149326,15.248983354897591,1,4.3893407614479845,0,0
TXN109103,37.71234726285217,13.375922004762614,4,0.8053323636363448,0,0
TXN109104,41.355477164804256,14.840800760160962,3,10.360036402858308,0,0
TXN109105,35.88898404715018,17.855906343289,0,8.699088693617792,0,0
TXN109106,49.565064687986094,13.222114754684396,3,32.573871887887265,0,0
TXN109107,25.58993921010266,11.803315785621335,1,3.0296071088469296,0,0
TXN109108,23.766280514868846,12.928769917794918,1,13.72326354639889,0,0
TXN109109,172.20819170491745,15.885119038056938,0,10.600270156083091,0,0
TXN109110,73.62283721494451,12.297449958600739,0,4.611811258436104,0,0
TXN109111,161.1351157706865,13.02199641648879,3,2.6553175076968953,0,0
TXN109112,114.93544297255822,14.57948068735835,2,8.511173845187232,0,0
TXN109113,50.81746709456277,15.443924041933325,0,13.750873580184384,0,0
TXN109114,75.81434124743747,10.946365125690976,0,9.113706839786856,0,0
TXN109115,51.57563137413064,14.829391667168307,1,2.3338128891185614,0,0
TXN109116,18.0845205712134,13.90801609557977,2,5.444715775390935,0,0
TXN109117,14.276628955256873,8.138583652019836,3,2.061811404890728,0,0
TXN109118,84.20391309562254,11.231386414452551,1,17.533997635406468,0,0
TXN109119,69.62255881058938,20.038484461691365,3,3.2114369114473194,1,0
TXN109120,69.28085944777686,21.53355114166875,1,4.911070952451585,0,0
TXN109121,66.67126431154723,13.009442012964225,0,8.727168225674161,0,0
TXN109122,44.63856599924143,12.564101344789064,0,26.07214241425972,0,0
TXN109123,43.844848841278534,19.171033794775685,0,8.692779960122815,0,0
TXN109124,94.67275125083583,11.684314469824312,0,10.38412045347144,0,0
TXN109125,51.18320699981168,7.823929485926453,2,2.3247781499921785,0,0
TXN109126,42.229783871294295,15.089396346997066,2,14.9767957010201,0,0
TXN109127,16.640773027945507,13.94196032644777,2,8.705819931264305,0,0
TXN109128,61.93010391406738,19.843403351312013,1,9.76379852275662,0,0
TXN109129,52.643547118977104,15.248801826534146,1,7.514844045943655,0,0
TXN109130,122.42244495607284,17.57885135911228,2,3.54605497278576,0,0
TXN109131,33.42886869861796,11.536091623544106,1,3.491140472627397,0,0
TXN109132,48.027315198917464,16.558950409258784,0,0.575577604165802,0,0
TXN109133,18.285310374096685,17.517343189754243,2,3.3888956310960405,0,0
TXN109134,84.44884459760428,18.538868978266507,2,5.406295266979956,0,0
TXN109135,56.508478730462585,8.594010340169916,0,5.735636940103116,1,0
TXN109136,60.982741698603434,9.479822269372644,1,7.62258176269691,0,0
TXN109137,40.734229330898046,18.538118524998694,0,7.487449765350494,0,0
TXN109138,189.35489092802598,9.896339860144353,0,11.158902396106654,0,0
TXN109139,70.03046677125765,10.944103966145438,3,32.397442388348,0,0
TXN109140,32.053334778540766,14.020219724842649,2,2.071022874393666,0,0
TXN109141,613.5154942617716,2.6689865027176336,3,238.42717647937687,0,1
TXN109142,51.69003024592615,23.0,0,27.641365920422608,0,0
TXN109143,47.81397228261568,13.720055519667275,4,14.873787457561729,0,0
TXN109144,107.47689630255641,15.722635941313532,0,12.69808611096008,0,0
TXN109145,19.239738330063886,8.086555566102001,0,6.080911305453119,0,0
TXN109146,38.682733396598636,12.472422351295481,0,12.593430419186873,0,0
TXN109147,90.84817577160884,13.53788181120724,1,18.559719211408304,0,0
TXN109148,32.71020175696155,21.833494222904974,0,23.73311652952415,0,0
TXN109149,112.52040236457066,13.64928222844714,1,5.402228450994299,0,0
TXN109150,71.75487852242188,13.843687577135332,3,5.168548357826762,0,0
TXN109151,90.6256804567836,19.253967415387827,2,5.226832880606567,0,0
TXN109152,81.47254026675338,17.737209644127905,3,4.821757461241061,0,0
TXN109153,76.47033352639443,12.97371253248005,1,15.213954886644018,0,0
TXN109154,19.65334391917906,4.773279402469495,0,17.138790274140966,0,0
TXN109155,47.44040972792508,17.061530753902506,3,12.039825261637676,0,0
TXN109156,33.68054676720363,10.995509959775355,2,4.32059255031062,0,0
TXN109157,50.48574264159858,23.0,0,1.6878382062825514,0,0
TXN109158,25.54973019157383,11.840031356323706,1,8.378946526602348,0,0
TXN109159,20.73695953583318,20.3618628806309,1,7.076565237657596,0,0
TXN109160,84.69131930519659,10.365407228807682,4,10.828595218985122,0,0
TXN109161,44.29562355210138,7.84586307484665,0,1.1138161784334895,0,0
TXN109162,34.995278298074254,15.419879810013501,0,1.213036296800622,0,0
TXN109163,64.18720236076902,14.10414025052958,1,5.633842369201078,0,0
TXN109164,43.62833145237261,12.37359251473615,1,5.416623285503207,0,0
TXN109165,35.659711051386076,13.015681056693944,3,8.810844699798269,0,0
TXN109166,6.188085874502686,4.495402909263591,2,4.898263905080244,0,0
TXN109167,76.53053551985221,19.946132397023728,0,16.060295267139978,1,0
TXN109168,13.163729665672365,17.09217924916397,2,1.9770286027397077,0,0
TXN109169,77.30863846471698,6.325046292425254,1,1.7192434755341213,0,0
TXN109170,203.12023314189761,13.689349841820512,0,2.4926476945426304,0,0
TXN109171,70.13494164362028,12.379761221240711,3,5.696251612150991,0,0
TXN109172,140.19355585595366,8.940842989237133,0,4.066236347514916,0,0
TXN109173,27.961271222979,17.627992858006664,2,2.450653820949176,0,0
TXN109174,17.60113987863253,13.359181040499921,3,2.6450050202585587,0,0
TXN109175,35.98745228972335,12.105164093728193,2,11.304127632174488,0,0
TXN109176,44.89077341211128,18.1261550139482,2,20.458913392966956,0,0
TXN109177,79.77951188301763,11.996618192950578,1,5.8473377249874705,0,0
TXN109178,34.18303652757556,19.766156028401838,1,1.431974385228238,0,0
TXN109179,91.98199154693407,15.256674053313992,1,14.354471113208746,1,0
TXN109180,71.84340968877655,13.755826815986786,1,4.03477929586626,0,0
TXN109181,13.27669521007123,8.657291417442579,1,11.221958993116598,0,0
TXN109182,60.18460478521709,17.21740119040983,3,2.3883833174637727,0,0
TXN109183,99.0097897034724,19.028928800787515,1,2.9276951642072238,0,0
TXN109184,172.18149380926894,11.946031302339733,2,14.544546805721328,0,0
TXN109185,133.45083213638773,15.484503977530771,1,2.6542598300353215,0,0
TXN109186,31.08516978381926,14.742631691969482,0,3.248102763898811,0,0
TXN109187,71.05937951478606,6.407972684338099,2,2.357397741280935,0,0
TXN109188,35.19910374824554,14.76744768398137,0,12.320637540945654,0,0
TXN109189,49.77291564032268,9.392726683772148,2,7.803653552618482,0,0
TXN109190,40.209243402695236,10.725977209389258,1,1.2075068045096058,0,0
TXN109191,47.678668856879796,13.62366792171429,2,7.4688777553744625,0,0
TXN109192,125.71234999735283,11.46286797794582,2,7.4226305659282765,1,0
TXN109193,118.62573050500303,10.671419664066892,2,0.5563280255978064,0,0
TXN109194,12.257035187582197,17.8651182047647,0,1.948632041513034,0,0
TXN109195,18.576193282802013,20.28476646687696,0,10.191686609981744,0,0
TXN109196,80.67071606935102,13.774628384902336,3,1.0993790124595821,0,0
TXN109197,84.22615791053576,7.917330370272143,1,6.526083936793517,0,0
TXN109198,54.598885078784,14.926734855380428,1,3.0617828864328915,0,0
TXN109199,55.02447687716456,16.967066940933993,4,2.3120668382384286,0,0
TXN109200,57.68650850444509,7.5583845403753465,1,7.252397644840965,0,0
TXN109201,72.73501571334063,13.150959003986333,3,3.598535234687781,0,0
TXN109202,73.3681780837331,12.634358292695673,0,13.306225623581689,0,0
TXN109203,75.09368541923087,10.334594547519133,1,5.289185989871271,0,0
TXN109204,357.3438038174839,16.407959222659848,2,12.484684973124857,0,0
TXN109205,72.80522744398753,17.940333573089887,2,9.028460880695956,0,0
TXN109206,137.61569765882166,5.7891539232446565,1,2.784847647246868,1,0
TXN109207,127.17671133804592,6.505473007102533,1,5.349466408305606,0,0
TXN109208,23.839742600855992,15.427272873855848,2,8.800162190040542,0,0
TXN109209,122.89376091613947,14.003955573500162,0,10.164417013401263,0,0
TXN109210,14.48531609688702,15.07195928792972,4,4.351729077474151,0,0
TXN109211,72.46065402609796,10.982706352477006,0,12.80855891120888,0,0
TXN109212,31.208533272853394,20.768322607322133,1,19.816128935145734,0,0
TXN109213,45.79365278239102,15.747533824200806,2,13.8978101794169,0,0
TXN109214,30.900938591365996,19.371768173446892,0,4.728773689401628,0,0
TXN109215,42.163873272326896,14.117053686016847,3,5.947565275097173,0,0
TXN109216,169.54656811128072,6.715947550620301,0,8.516439936471002,0,0
TXN109217,63.79491434613601,12.801714425729957,2,7.297635635761041,1,0
TXN109218,179.59674079079676,13.604867918237064,0,14.81471925120009,0,0
TXN109219,107.04677828722649,15.550258635278956,0,11.856400858551657,0,0
TXN109220,25.883412935879434,12.586708889646184,0,9.36842840999715,0,0
TXN109221,66.84321778095314,22.361017755929566,0,5.374652617045653,0,0
TXN109222,15.065685052896772,14.526344714886639,1,0.9894788154080243,0,0
TXN109223,37.248279637464705,14.292096902460052,0,5.4062902768212195,0,0
TXN109224,106.9843582928601,18.218711041789966,1,5.8398909422422225,0,0
TXN109225,115.14754694747909,18.268861100672645,1,24.22543357092462,0,0
TXN109226,27.074042274205198,18.25065324117662,2,6.181651059000508,0,0
TXN109227,119.48784477028765,8.425698946819793,3,2.831914912191576,0,0
TXN109228,68.85909419266584,12.426479705642093,0,21.96502353109682,0,0
TXN109229,82.65648896928434,14.466955530020865,2,12.703625466271667,0,0
TXN109230,61.82232525881699,8.777904387321296,0,2.2810889568753705,0,0
TXN109231,169.05459390484992,16.94629367810585,1,1.209972813523904,0,0
TXN109232,73.38599989590868,18.971119860146672,2,4.910117298125383,0,0
TXN109233,70.8991854140825,17.092096993051566,3,5.528306902232928,0,0
TXN109234,40.45105936843744,18.8018467739341,0,15.661010921679425,0,0
TXN109235,67.88001756802355,13.76656255809388,1,2.4037037036318183,0,0
TXN109236,79.94077501140515,9.755858912534686,1,1.8068618310937044,0,0
TXN109237,82.61237787731207,21.356636331751094,1,22.998272659805888,0,0
TXN109238,28.255060597240515,13.28921992021332,3,1.7646830947502499,0,0
TXN109239,24.60927889316002,7.878105351891926,0,6.2246693488387645,0,0
TXN109240,119.39945929453938,9.391603356522879,0,17.571046456300678,0,0
TXN109241,61.82244501318206,12.832976378586228,3,10.98755170740244,0,0
TXN109242,302.44332222435344,16.290194493823297,2,7.315188708994473,0,0
TXN109243,31.119426472488215,5.189923150478172,2,3.5812085958235205,0,0
TXN109244,51.20284836109143,16.033356473675457,1,3.770577275749383,0,0
TXN109245,85.74436848362238,12.195635523937463,0,4.857800874366879,0,0
TXN109246,67.148222410225,17.82189870615026,0,1.038515643547063,0,0
TXN109247,84.77315357533571,16.881718938789344,0,2.356538233902304,0,0
TXN109248,27.197736446025317,20.853966223055927,1,3.1310058021856877,0,0
TXN109249,229.73663502806818,9.790312855299703,1,3.515016822763018,0,0
TXN109250,34.540565170285056,20.268092032026317,2,4.988304831895178,0,0
TXN109251,9.68868583917546,13.60473784042591,1,7.763506306677873,0,0
TXN109252,86.22589772259539,8.505474888820675,1,1.341042662481529,0,0
TXN109253,199.6836481720895,13.081683008759418,0,9.273236211411888,0,0
TXN109254,89.24420076364288,12.542039354338318,0,5.658383925877103,0,0
TXN109255,59.50165299112723,19.02366743432151,1,4.147933202788404,0,0
TXN109256,97.6810941634662,19.63209013271035,1,4.484114238487146,0,0
TXN109257,75.82761142013466,6.047649359910725,3,10.208016788952769,0,0
TXN109258,89.15650662090734,17.159298196347933,1,4.530084141287057,0,0
TXN109259,74.82876840723004,17.582556180025673,1,14.507187180005403,0,0
TXN109260,67.37244648398529,11.08941304291475,0,5.570042474073501,0,0
TXN109261,91.28795057976293,22.399463693899502,1,3.1019696911498484,1,0
TXN109262,69.08946180712181,15.598687047024251,2,1.572845429663733,0,0
TXN109263,25.142946965892648,17.7856012697987,1,9.008206841476348,0,0
TXN109264,66.28339222858504,16.06402233675807,0,12.368533297231131,0,0
TXN109265,2.2296930298359454,19.214312814411613,1,3.5048942205479348,0,0
TXN109266,33.809196460810284,16.052190148323874,1,4.510046044901684,0,0
TXN109267,74.7808743173035,15.501960913931466,0,1.8897304712906418,0,0
TXN109268,89.5819056346852,14.025104165985907,2,8.013884143153424,0,0
TXN109269,33.609948963651256,16.500535071714495,0,4.043077241394412,0,0
TXN109270,86.52298990102443,13.4837534974905,0,12.376265164557545,0,0
TXN109271,41.62445247267498,23.0,1,6.108536777654808,0,0
TXN109272,94.23289153220429,14.420004038382292,2,4.3532794912533,0,0
TXN109273,30.756753678796986,7.442460423660631,0,5.736802809511799,0,0
TXN109274,103.89334950318903,16.41070118845132,0,4.124106107936152,0,0
TXN109275,145.29276750790336,17.017600528667217,1,18.259401942437336,0,0
TXN109276,83.15199440845261,10.87481887279741,2,2.014169985354258,0,0
TXN109277,19.947653675350956,14.79924349966864,2,3.82397998148825,0,0
TXN109278,36.36256195433595,15.550028630633971,0,9.756525291967508,0,0
TXN109279,22.017499860412254,11.78287020865869,0,15.27177222290705,0,0
TXN109280,255.13006282837569,10.657720045882396,2,7.233206090967844,0,0
TXN109281,105.7750067100069,9.523029356067823,0,9.733343620186995,0,0
TXN109282,223.4742923136987,10.969430369319664,2,1.621441448747443,0,0
TXN109283,87.17992740862627,13.047120923349613,2,5.193013581742344,0,0
TXN109284,25.216183142315426,5.6523001999344,2,2.1263568058675677,0,0
TXN109285,48.91700795126744,12.146745861397472,0,0.36393093707844226,0,0
TXN109286,4.0092374732352996,6.796448491873895,2,11.704286352893158,0,0
TXN109287,99.998776824049,15.157054551402442,3,1.2351080842840818,0,0
TXN109288,70.10453535859928,14.530341480193886,2,5.988788977301784,0,0
TXN109289,61.76794744082213,13.818132443241993,0,10.29651237848163,0,0
TXN109290,94.13436994595281,17.589740831013625,0,4.6182363753626445,0,0
TXN109291,93.12009580209029,14.921900649118172,3,27.244985804453403,0,0
TXN109292,76.53571212315165,11.846416567287,1,17.379750987452475,0,0
TXN109293,81.72812093285359,15.315368209861923,1,0.22831317479505786,0,0
TXN109294,63.738505083020456,16.855270637846573,0,3.792129459139453,0,0
TXN109295,104.2554804026718,14.523290119586202,2,1.9005205555694682,0,0
TXN109296,83.66724359512483,17.565936576554616,1,13.518947549875493,0,0
TXN109297,107.04304405830017,9.363889786956845,1,7.4145863439043875,0,0
TXN109298,104.8617033698752,17.68623419122889,2,6.98064149699606,0,0
TXN109299,7.937653643990096,12.639855896026596,1,3.0753923666503495,0,0
TXN109300,55.03566160808704,17.44401582769389,0,20.788556110664036,0,0
TXN109301,52.40674513915991,6.55222591251894,0,24.46308726690897,0,0
TXN109302,107.90431458965026,14.204762371130872,4,11.6487491563951,0,0
TXN109303,113.40801330361423,12.999061477365442,1,14.819519387857392,0,0
TXN109304,143.06388232385746,14.156848777521457,1,15.455729604709209,1,0
TXN109305,1188.6567303582624,0.0,7,400.09295870265794,1,1
TXN109306,117.47621644961595,9.530957310257762,3,8.577225987634359,0,0
TXN109307,19.08311984105486,11.042668437129851,1,3.096069369115671,0,0
TXN109308,90.38819491961142,9.811096207286104,1,5.143232904051694,0,0
TXN109309,50.984405194600626,18.424041755733747,2,21.44053702575586,0,0
TXN109310,145.27963242024046,14.120756558041135,1,3.380982739769574,0,0
TXN109311,21.07821346977023,21.016804877061617,0,7.996506186259781,0,0
TXN109312,15.047085747094153,17.453679904598882,2,8.195289889674074,1,0
TXN109313,212.37536429071068,11.583868530233277,2,2.5505033725450876,0,0
TXN109314,36.476691369687565,11.184707290902278,1,18.92759789734431,0,0
TXN109315,75.30894604536881,13.329773800936753,1,6.686249362765216,0,0
TXN109316,99.64717379352831,21.65641500823634,2,2.9039404745418915,0,0
TXN109317,52.76457311357526,18.52213878064132,0,0.9004541616719524,0,0
TXN109318,155.15900754882918,12.228387508478335,1,7.266615882560627,0,0
TXN109319,85.50805093731978,21.86357049985748,2,13.902474609207758,0,0
TXN109320,23.13059643718825,19.01380165824591,2,6.386115570402639,0,0
TXN109321,35.821289833070736,15.582835373074424,0,9.893519628196515,0,0
TXN109322,68.56680034000625,7.272690462391296,3,3.3551503168002967,0,0
TXN109323,52.950441286138606,9.529418469543742,0,4.490644513074958,0,0
TXN109324,137.28730332475644,17.1919144755222,0,20.3434194777417,0,0
TXN109325,106.25969234240065,16.042704570629013,1,10.725386150610943,0,0
TXN109326,66.21849283752508,16.42479239979106,1,9.92207432151774,0,0
TXN109327,87.59030744254363,19.277290289586382,1,3.7023284369343354,1,0
TXN109328,69.84722288686852,9.39278797932452,0,1.9091628798020421,0,0
TXN109329,52.1032859672476,16.6196991496806,0,1.1592687006863387,1,0
TXN109330,12.85501794034355,14.329947357011587,1,0.5125278946459464,0,0
TXN109331,39.33010859719336,7.8884373056515775,3,2.533499045184036,0,0
TXN109332,134.19651697812495,14.468607099388981,2,2.9295718816084095,0,0
TXN109333,63.8168024243147,17.587652906624008,1,3.384908305308589,0,0
TXN109334,54.03269243393073,20.130979171043627,2,13.515680192135806,0,0
TXN109335,44.009568185663554,5.42122088817734,0,4.586214602869994,0,0
TXN109336,72.50700252998516,14.854852429675496,0,7.983538967380186,0,0
TXN109337,144.9573010331174,11.861134862359158,1,14.070889899549801,0,0
TXN109338,39.267300441434266,13.291156731953,0,0.8593300781856461,0,0
TXN109339,32.524262033025096,22.479422911753705,2,1.5545033288665957,0,0
TXN109340,51.125597992945906,12.176790374405964,2,9.163204939503354,0,0
TXN109341,90.94903394974793,9.782763107763849,3,12.83067413912979,0,0
TXN109342,74.74302653918072,19.890494151521793,0,9.070402322330192,0,0
TXN109343,35.81339578867746,10.116314806706182,1,5.625487718381922,0,0
TXN109344,56.12636066953066,17.815601493044667,2,3.23480989883465,0,0
TXN109345,31.85758093741852,8.15429746126116,1,10.534753498853409,0,0
TXN109346,154.2607903423418,16.761022245110695,0,8.873870306072133,0,0
TXN109347,57.891036435661356,13.955560488092353,0,2.0642393461139137,0,0
TXN109348,20.373648923305794,19.042696570780823,1,4.865604686365184,0,0
TXN109349,82.03873676917308,13.059083069880137,1,6.279014636108817,0,0
TXN109350,1236.9379541921414,4.861692154636637,10,174.39298184602677,0,1
TXN109351,66.50185061597183,9.766709884569053,0,2.3288479442116836,0,0
TXN109352,95.11585432179233,14.58270477270401,1,11.640684181806966,0,0
TXN109353,62.088718472680036,16.81523059720543,0,15.024697638276423,0,0
TXN109354,237.09455643800584,17.456439011651426,2,17.7968109106046,0,0
TXN109355,43.01871900940034,10.280390547219632,1,6.748107312585522,0,0
TXN109356,62.71215039423885,16.90292885999288,1,5.215023144506892,0,0
TXN109357,90.95547451976128,10.905045750087819,0,5.958178870763874,0,0
TXN109358,153.02941797283518,14.36616263192127,0,2.369475704357174,0,0
TXN109359,95.82665666450298,3.7784595610142713,2,3.749959681666924,0,0
TXN109360,107.57832105548226,14.078913276472841,1,23.8892700869889,0,0
TXN109361,207.60723574216547,7.120292107054743,1,3.2019218004063648,0,0
TXN109362,78.48081391391123,11.716074558708623,1,13.30216170417341,0,0
TXN109363,93.92513419388698,12.37230154309722,1,1.94416649892964,0,0
TXN109364,284.79182936872417,11.72237503121423,0,1.0036489323799804,0,0
TXN109365,57.56882018610821,17.465788044279083,1,3.7180791527029955,0,0
TXN109366,55.383825742177436,15.027550730076229,1,8.985368192249743,0,0
TXN109367,356.35358761227513,7.502301947037318,0,8.060049483053254,0,0
TXN109368,286.04049432868874,8.058576823685915,0,3.035426198288873,0,0
TXN109369,180.50748780790425,20.337360857558007,0,5.759562496612487,0,0
TXN109370,118.07951961923749,14.875690483728254,1,7.950210687780592,0,0
TXN109371,99.16406826871167,18.873959687212906,1,3.312715632639272,0,0
TXN109372,133.9549699698322,13.987944248158941,2,1.5141407416372679,0,0
TXN109373,18.166738894790242,15.912526894573674,2,6.672854611423535,0,0
TXN109374,24.878507891495147,7.5328929845429595,2,5.19088249979951,0,0
TXN109375,89.85913633921518,15.430565654034444,1,3.04945405003398,0,0
TXN109376,341.08734386674195,10.962793586541384,2,5.100956758190098,0,0
TXN109377,57.60556357617301,12.750789997559096,1,2.6389515657146276,0,0
TXN109378,133.94243508582835,5.267212618187205,3,1.7041002478425722,0,0
TXN109379,67.49159796850593,17.352392768645824,3,5.833222478844351,0,0
TXN109380,33.396134029356425,1.3995537980042894,2,9.914677462743901,0,0
TXN109381,35.56278046217638,12.360223920522337,4,2.374744632081249,0,0
TXN109382,229.66752829295555,13.796270400342237,0,15.470908087824117,0,0
TXN109383,130.27209004115474,10.271169773479526,1,9.768588788210494,0,0
TXN109384,76.19017400535927,14.315554234691588,3,13.268557368235625,1,0
TXN109385,160.61090767529936,13.562030790268373,3,10.009719073846416,0,0
TXN109386,108.1207429004684,13.395391759391577,0,10.745002663400967,0,0
TXN109387,75.89909940981082,22.135209836742256,1,3.5465651836196965,0,0
TXN109388,151.98923874580274,7.981309792849892,3,22.39721835496355,1,0
TXN109389,108.32600366922064,20.338817662947665,0,11.110485928819037,0,0
TXN109390,147.06916881405328,11.2471113250094,2,2.986447078350236,0,0
TXN109391,112.40552066481985,15.381081859042217,1,4.589949979939137,0,0
TXN109392,81.6096333598238,12.216311350253319,0,9.445296435707517,0,0
TXN109393,56.34982221283961,11.568515757141684,0,3.3683413305802397,0,0
TXN109394,51.36456649324067,16.077453091383788,2,1.0716561833508877,1,0
TXN109395,40.68043914359663,19.274526431834076,1,2.099320026912346,0,0
TXN109396,19.503061932224462,9.68946621305804,0,8.776282330992094,0,0
TXN109397,110.25946922121017,10.711170774300934,1,11.329840746800075,0,0
TXN109398,61.67200969483585,15.465756001498095,0,5.696281085851354,0,0
TXN109399,59.213316887220856,10.82142175722208,0,3.648022402931654,0,0
TXN109400,110.86389592920887,7.463645297939946,2,9.822167653864435,0,0
TXN109401,54.6510829350251,12.948539142071908,1,5.989222134544693,1,0
TXN109402,49.064456748663304,15.724766821491496,1,7.022266625204288,0,0
TXN109403,112.56924709987172,19.33211609516485,1,3.7204370070668675,0,0
TXN109404,61.773231449756345,14.654959403177335,0,18.530550415793186,0,0
TXN109405,97.69977487147753,17.46502398576806,0,3.947644557495218,0,0
TXN109406,23.06322978511066,13.759474475322104,3,1.9000682062171355,0,0
TXN109407,13.089770566072758,14.152507261949767,1,6.5582799292552085,0,0
TXN109408,32.92873214080106,15.593387501318983,1,2.394211268581677,0,0
TXN109409,86.3445450986953,21.072497475978423,1,1.182047727316033,0,0
TXN109410,146.22256865663547,16.724292308069224,3,5.26447621838908,1,0
TXN109411,70.72059371307733,16.6307769578476,1,1.8477925678043927,0,0
TXN109412,49.1248673257929,9.43753072801919,2,8.11071451548662,0,0
TXN109413,62.278022481573785,5.225960790728196,0,0.7966699900657975,0,0
TXN109414,1514.6241941112069,0.9411189923803445,5,349.45684333449555,1,1
TXN109415,23.91248266079062,18.203433587661596,3,10.83710668907675,0,0
TXN109416,94.10177497612365,16.13504073230678,2,10.770233586262357,0,0
TXN109417,166.3889171444066,15.530510657044976,0,10.636835744889774,0,0
TXN109418,79.58635270632139,14.703100996960178,0,1.5678680244340462,0,0
TXN109419,88.80682659421147,15.866208461949398,2,2.1995159357405045,0,0
TXN109420,100.20303287952191,13.36239541667048,1,4.772165996738449,0,0
TXN109421,130.30227206534528,14.026361448936292,0,4.628079984011971,0,0
TXN109422,132.455596355173,6.520867610055603,1,9.222932297407237,0,0
TXN109423,66.82135905424292,15.457380327974375,0,12.7477178457395,0,0
TXN109424,140.69809398566892,18.754548075827817,1,5.448933573448956,0,0
TXN109425,107.58324621048024,15.194087045394973,0,6.532905925463775,0,0
TXN109426,41.302907086854646,12.841562486431489,1,2.0344694064481517,0,0
TXN109427,224.01509398449267,18.136552028061868,0,1.403975741288204,0,0
TXN109428,102.44640985786663,3.4450869793592656,3,20.82216937468427,0,0
TXN109429,94.66886135978314,11.194415025202865,2,1.4740471682837728,0,0
TXN109430,85.71782009904948,19.39556371861626,0,9.347078998221907,0,0
TXN109431,2.7402716241820233,13.514758679004975,0,12.263777692078312,0,0
TXN109432,66.95059221028798,15.984112390467114,1,3.680921148615771,0,0
TXN109433,102.67490971454512,15.380464594539117,0,2.029502602563602,0,0
TXN109434,816.9664000478624,0.3189314701797583,4,394.7340367177542,1,1
TXN109435,38.709110353578794,12.134002071284582,0,3.3159098961244386,0,0
TXN109436,79.40388736242086,15.979116280819925,1,13.232144198503539,0,0
TXN109437,72.0077148059551,12.623595969388269,3,2.7993439628271055,0,0
TXN109438,45.32968031639605,9.791879883597511,0,4.596587952424767,0,0
TXN109439,125.47605360506702,13.587818428410733,1,4.332294975485534,0,0
TXN109440,69.36967986047006,12.086652041116007,0,1.6437400550325412,0,0
TXN109441,34.58354036584362,11.536312609387734,0,7.2631981163281365,0,0
TXN109442,32.78542698433522,17.9770422717349,0,7.531158673428354,1,0
TXN109443,132.03353956928885,15.863705953132596,0,12.631828376741826,0,0
TXN109444,152.7349236131464,13.673279315446935,0,3.621519236296411,0,0
TXN109445,94.99217115422043,11.740375555407994,1,10.4182987530809,1,0
TXN109446,105.99763982947536,12.61421247483745,1,2.983348983833136,1,0
TXN109447,14.600340205033827,5.822193954415619,1,1.7390941989673325,0,0
TXN109448,113.84168314951805,7.703691314270706,3,2.800211982858648,0,0
TXN109449,37.354586083001024,14.56656015224363,1,1.080900613537899,0,0
TXN109450,110.21998871726308,13.628289120346118,0,5.645077167413604,0,0
TXN109451,258.4516342186784,11.34677801155382,0,0.8153215282865566,0,0
TXN109452,172.94173659239132,14.126188920482793,0,14.216987999826232,0,0
TXN109453,73.70694643327668,7.445130087790251,3,15.628718795091888,0,0
TXN109454,5.8573619381206585,15.422044343793711,0,1.7455557037272977,0,0
TXN109455,88.23816981568862,11.43479402288673,1,1.677239600984605,0,0
TXN109456,487.1070176068096,6.100212211373752,6,775.932415485002,1,1
TXN109457,34.72113688720717,18.791137957963876,0,9.485426009111817,0,0
TXN109458,3.8790889649320572,12.235950738626284,1,12.840100799465175,0,0
TXN109459,79.86672352913592,15.994532945798106,2,5.401891122018276,0,0
TXN109460,151.19325697240285,17.75993528266732,0,7.577690694325344,0,0
TXN109461,89.69405834969072,17.06457837969697,2,4.0564279667137075,0,0
TXN109462,30.836224604273504,14.37197903871479,0,5.7625444961358046,0,0
TXN109463,143.61382810670213,16.659234505187236,3,6.712405153593533,0,0
TXN109464,58.64630767386886,13.502720666881036,0,17.747610654234684,1,0
TXN109465,22.312423936215865,20.953133138004127,2,11.965819452183013,0,0
TXN109466,0.5659238338234364,11.23613340352499,2,5.264053331488888,0,0
TXN109467,11.901030375817802,13.92100600807995,0,4.500355823227195,0,0
TXN109468,123.25994284285854,17.69930667302245,0,13.86170219079008,0,0
TXN109469,147.829400529256,13.63307032476303,1,7.848942905174158,0,0
TXN109470,217.65186720194555,7.016861062082615,2,2.5885280335662393,1,0
TXN109471,57.68140907123457,10.29417260269413,2,1.0405926937426977,0,0
TXN109472,43.39370506763113,16.972175792089573,0,29.020414488484995,0,0
TXN109473,37.786059235708876,16.480369781439,2,3.7933467164513917,0,0
TXN109474,128.65660344250117,16.828864669595827,1,2.129661494178617,0,0
TXN109475,117.45676885620387,19.481250597222083,2,5.812266604548749,0,0
TXN109476,67.00735299906124,10.791533835836287,1,10.548712840863864,0,0
TXN109477,93.31900144592828,16.790710022547326,1,0.747751916875598,0,0
TXN109478,20.28602601983699,14.23127939113509,0,0.8790612468757519,0,0
TXN109479,62.56541044457122,18.25789304026924,3,3.206026150243156,0,0
TXN109480,326.4743971886193,14.11867123304406,0,5.997201879473729,0,0
TXN109481,185.0471949780395,17.248078963061094,2,7.934665060625148,0,0
TXN109482,74.39859830915684,9.735036575737004,1,4.013903901279178,0,0
TXN109483,7.676454256793105,8.451518794728013,0,18.48457499646614,0,0
TXN109484,33.03254938323189,17.03647624539299,3,24.34829185071967,0,0
TXN109485,40.49871971943923,15.607606266690615,0,8.558250858789338,0,0
TXN109486,27.46222999627969,12.119604789420137,1,7.387780146258556,0,0
TXN109487,248.615926163003,21.77180905684486,1,16.107040041754228,0,0
TXN109488,84.63077090628528,6.179610236845462,3,2.3862290598838625,0,0
TXN109489,70.90935855130569,12.315692964691738,1,8.500596818562208,0,0
TXN109490,306.36751502995395,2.075126235253486,8,469.41190136532794,1,1
TXN109491,62.259656622410375,9.977461262954073,2,10.290284750670155,0,0
TXN109492,178.20961526056848,19.035622757263276,2,2.466010155949282,0,0
TXN109493,62.44957250060573,15.182331067109558,1,13.384854000172917,0,0
TXN109494,58.26197348448748,11.551601440468893,3,17.93637461043504,0,0
TXN109495,129.50763402345547,12.883410439891295,2,3.4569439476797093,0,0
TXN109496,22.93738452539117,16.295220819582482,2,0.35146653574563086,0,0
TXN109497,234.58853926912298,12.025239841788787,2,1.1245712870761335,0,0
TXN109498,125.23257447761799,12.792452831768546,3,2.894313298457592,0,0
TXN109499,209.24069031494935,15.723103110835812,0,9.2834839363633,0,0
TXN109500,226.0450274047071,12.698865059879092,2,5.329098742793187,0,0
TXN109501,1013.9322653285471,6.523556486431597,3,709.6178679609732,1,1
TXN109502,100.06203613247587,16.958505466384416,1,7.375790530629511,0,0
TXN109503,21.975340521964227,9.12391758270264,0,2.620499782395003,0,0
TXN109504,251.269926274505,16.093459423689186,1,12.034580915265726,0,0
TXN109505,72.02129159729176,9.98725025306656,2,4.674976219122496,0,0
TXN109506,50.728100493139785,16.928327389907235,3,10.381125894042835,0,0
TXN109507,174.7724616327433,14.779790005580367,1,14.714056226701945,0,0
TXN109508,129.71826719233894,13.07825058894084,1,2.696150568583321,0,0
TXN109509,7.9027853685201235,21.24241977257651,1,11.662784454709751,0,0
TXN109510,105.56971979462611,18.210518958546267,0,1.1786880350769844,0,0
TXN109511,69.4333094620636,16.250201760566664,0,8.698774289312535,0,0
TXN109512,63.450490574298904,9.772452075994032,0,1.085734234851971,0,0
TXN109513,12.072040234789112,5.879523238597727,1,11.261411548130976,0,0
TXN109514,103.59950092087458,17.000177543444547,0,4.039329141260333,0,0
TXN109515,55.09669177340618,14.356103179152834,0,7.483361592706559,0,0
TXN109516,9.681889624141656,18.651885076655375,2,20.15761889727508,0,0
TXN109517,22.202809699066307,13.351937464427056,2,2.237377254756434,0,0
TXN109518,66.69405021438112,9.763450713422564,0,3.131413157511878,0,0
TXN109519,103.28165331133833,12.094536973992513,1,10.661955774794611,0,0
TXN109520,70.12110671618855,19.752986427723563,1,0.9131995889434087,0,0
TXN109521,56.54891618269738,11.604274995866316,0,6.884290593076873,0,0
TXN109522,118.6547857283005,8.166943847100303,0,4.197490984443218,0,0
TXN109523,95.65490616640619,19.299099289775484,0,15.382214270641839,0,0
TXN109524,22.880720243174526,12.376168325634742,1,38.64380100263933,0,0
TXN109525,6.075713164085432,14.965304980026445,1,4.345217410643265,0,0
TXN109526,86.87327759517622,13.10858687570017,2,25.62501427671829,0,0
TXN109527,66.2051519797202,15.004438880490975,1,2.0928095718317916,0,0
TXN109528,3.8028753181881574,14.994235209523712,0,7.547379448189089,0,0
TXN109529,47.98795327336593,14.07858289228712,3,1.935322727275663,0,0
TXN109530,47.74736444232996,19.573299443998916,1,2.8312896144391395,0,0
TXN109531,84.91695497723491,13.956903199200545,1,15.307858770146064,0,0
TXN109532,281.5019151989171,16.696791042264252,1,24.851983103761505,0,0
TXN109533,93.45446921487216,13.64126293523261,1,2.7937103644761563,0,0
TXN109534,91.16866414176567,16.24709752198021,1,2.3943278298959614,0,0
TXN109535,24.628887980930386,7.236621440506414,0,7.65149420957468,0,0
TXN109536,108.07822701786591,12.267203281221997,0,6.826366398133686,0,0
TXN109537,68.27600699388924,9.130429639501262,1,4.968611007261604,0,0
TXN109538,45.34083429304844,14.659539206534856,1,12.201578901102842,0,0
TXN109539,52.15779645537289,11.006703045120302,1,18.785193599460385,0,0
TXN109540,12.787458259151094,16.546088186832947,1,0.6845296870555975,0,0
TXN109541,113.6137296183349,11.169340073965085,2,1.5604326205155266,0,0
TXN109542,34.281230795249016,14.970754034050465,1,21.09951316435425,0,0
TXN109543,66.15027297594932,16.382173229673004,0,2.3010515287737037,0,0
TXN109544,68.52355541779151,9.632475664961213,0,12.9937973088952,0,0
TXN109545,98.04428411147313,11.49469585363097,1,3.5167893538061796,0,0
TXN109546,93.28827113637226,11.453692534238895,1,0.5626067803495631,0,0
TXN109547,63.440576895533965,12.33007734490894,4,6.318643866100549,0,0
TXN109548,41.62314826123135,10.784696367150705,1,6.816866330594418,0,0
TXN109549,45.47048299339339,11.696383149069842,0,4.851186227217651,0,0
TXN109550,146.23296516865142,12.50872752541196,0,9.089588264238206,0,0
TXN109551,77.70306582852417,12.670411405390931,3,15.107660802542057,0,0
TXN109552,161.92327484144076,12.650658902305567,4,0.41666056928143047,0,0
TXN109553,115.88272399069369,14.765959177472855,2,6.968216638039206,0,0
TXN109554,6.348107099159512,12.23970599077529,1,3.6049006034963864,0,0
TXN109555,133.0324731775441,19.197053767954262,2,8.492078973213987,0,0
TXN109556,26.060772586637594,16.181388806516022,0,4.976918306109466,0,0
TXN109557,29.53348160658426,13.75520429179264,1,3.5994203403571623,0,0
TXN109558,36.20819049625239,9.762677860287308,1,8.569066727138642,0,0
TXN109559,4.676145853273137,14.546846549178133,0,6.269929804449079,0,0
TXN109560,134.88767878606254,14.072100063247547,0,12.86938839489119,0,0
TXN109561,85.91807473884924,14.395508379329842,2,5.750969652223312,0,0
TXN109562,21.546893713941387,14.53504754489997,3,8.290186989902997,0,0
TXN109563,3.2051358491030295,19.166159324779354,1,5.186625644739863,0,0
TXN109564,80.35312275305381,18.816156231371224,1,2.608291300633309,0,0
TXN109565,75.25918502037668,15.099434015964775,0,1.3097440617701948,0,0
TXN109566,231.65734401225063,23.0,1,18.23189266689584,0,0
TXN109567,46.6543910879722,7.938736911793646,2,1.6932929495609572,0,0
TXN109568,54.213571783959544,14.027044245553427,1,2.8472210521420354,0,0
TXN109569,156.2236496248312,9.143285418366604,0,3.8214215622295185,0,0
TXN109570,8.691488455249445,11.36031893097051,1,3.6380230208775695,0,0
TXN109571,66.25897877531057,13.317927587021195,1,5.489397073860543,0,0
TXN109572,91.19620746284531,17.332074118484986,1,11.885043958691195,0,0
TXN109573,5.405853045209251,13.539070635513813,1,7.461185903890541,0,0
TXN109574,57.792151933870954,10.531912304568824,2,1.695337238727312,0,0
TXN109575,55.6898399774602,17.17043758125309,0,4.679395289357505,0,0
TXN109576,33.49202640427171,2.3956702707247075,1,8.883918847421858,0,0
TXN109577,101.77697695706897,10.14421585251933,0,12.725884505117355,0,0
TXN109578,114.96100897104441,13.958152883720642,2,1.5454870576775077,0,0
TXN109579,68.93568247062734,8.50250415254406,1,4.251669197060321,0,0
TXN109580,81.62051490351864,17.474658053523783,1,2.285988610293122,0,0
TXN109581,52.75305917363902,10.324672058406092,0,6.522071243767659,0,0
TXN109582,43.51189024221153,8.753768555261153,1,2.0773640084739196,0,0
TXN109583,134.59135767744027,10.099974145686193,3,7.007190317559509,0,0
TXN109584,234.63563200107217,15.112636575422044,2,2.5409924704478124,0,0
TXN109585,62.94377782502537,13.370308758858977,2,5.438961235262018,0,0
TXN109586,71.76214953001926,12.653892904489886,1,10.023370558249521,0,0
TXN109587,29.550417464138626,15.450408876904598,5,1.9303184390340353,0,0
TXN109588,41.06441459071921,11.393379182087681,1,3.0517802652753554,0,0
TXN109589,218.10518469951046,10.849461321838739,0,10.070307714384736,0,0
TXN109590,16.985764817644665,10.997711561159592,1,10.72659619845856,0,0
TXN109591,100.07871906613664,11.282974287866498,2,16.13040693037646,0,0
TXN109592,46.527272439202044,19.111650648305492,1,2.1406489515261438,0,0
TXN109593,26.751603531590558,11.622420414965116,0,11.794714920085102,0,0
TXN109594,54.27777714483226,17.40633541737703,1,6.958260705124033,0,0
TXN109595,49.6968507925515,16.475876555294803,1,3.633824200682898,0,0
TXN109596,28.60176330211814,10.487326364215932,2,4.8839659682239445,0,0
TXN109597,68.31803449369617,11.683232511063942,1,11.103001186936295,0,0
TXN109598,85.80301207630355,7.355838967849515,1,21.47233986606368,1,0
TXN109599,11.128252487377981,7.605877096936311,0,7.7633327190726265,0,0
TXN109600,1.8340028758492561,20.52592045777088,0,18.248413278340493,0,0
TXN109601,49.04472657756189,17.84064021661971,1,8.23200837867323,0,0
TXN109602,25.642740537997973,16.012082882214187,0,3.732669512446588,0,0
TXN109603,87.96679768603786,18.839748886143113,1,10.20305542427208,0,0
TXN109604,5.187900173218287,15.500232019403425,1,6.775912029977677,0,0
TXN109605,106.80979024915226,15.617525679930043,2,1.051123969997356,0,0
TXN109606,79.38122898590854,19.129663903064927,2,10.095668667165913,0,0
TXN109607,91.43300860558709,11.664471318803958,1,4.098515246783615,0,0
TXN109608,36.90849603195374,13.547748638385693,0,14.20489764003299,0,0
TXN109609,45.12485641259082,8.192595156987004,1,15.858848947569237,0,0
TXN109610,104.13758481287675,15.236407373886745,1,10.032012842049372,0,0
TXN109611,62.15973827311642,14.39989110996948,0,1.6241624436667808,0,0
TXN109612,29.66667922306611,13.582010856993742,2,3.368586340816722,1,0
TXN109613,7.946992621085226,22.43221641602895,1,16.095576177356623,0,0
TXN109614,708.5123296312107,0.0,3,944.8278216242828,0,1
TXN109615,102.25509674031782,19.78988946809259,0,5.1376967459528045,0,0
TXN109616,87.44374005968066,12.419631765363754,1,4.662852592310335,0,0
TXN109617,71.97643086651853,18.30143132521039,1,5.86567957174311,0,0
TXN109618,68.31256642922257,14.015736672910766,1,10.147922026450173,0,0
TXN109619,91.25095896248709,12.209377923213276,2,3.410277175067234,0,0
TXN109620,129.57775993860648,13.07432698997858,3,14.996711587703079,0,0
TXN109621,62.39522698787431,16.284826012679584,0,7.140081071257482,0,0
TXN109622,67.42346528082143,15.879282814454086,2,3.855754348996752,0,0
TXN109623,28.465390124818313,14.18511775453457,1,1.3575448018823721,0,0
TXN109624,34.03397553322754,18.222953374478134,0,8.281334454809304,0,0
TXN109625,12.680066442987545,6.5197029556911525,1,1.073602316714505,0,0
TXN109626,26.70678357136928,7.270433466849106,1,9.768354219917631,0,0
TXN109627,87.69006093008294,23.0,0,2.6474335021850646,0,0
TXN109628,123.17021318219602,13.001927797882402,2,0.19798266486336336,0,0
TXN109629,52.94757705327781,17.012552940481463,1,14.52767233235371,0,0
TXN109630,33.48767306636194,13.670564987038176,2,11.124846356616207,0,0
TXN109631,87.87024298955944,16.032541565878265,1,17.139911059306826,0,0
TXN109632,79.53268707793579,12.46957108541203,0,7.741208584454952,0,0
TXN109633,76.75257381056998,17.01218194824531,1,11.947518908333805,0,0
TXN109634,78.19634164186292,10.301700857632257,1,27.292521645037283,0,0
TXN109635,109.82511165139204,18.361196865890985,0,5.460729911715301,0,0
TXN109636,85.01323093387543,1.9565023909789492,0,2.7440436566745703,0,0
TXN109637,54.515435046567625,16.065030935646952,0,6.888196018752984,0,0
TXN109638,144.58607368273556,11.494420397850217,1,0.45588984743304506,0,0
TXN109639,48.727789208483486,9.272475163317274,0,8.337262539613157,0,0
TXN109640,65.515372088454,19.650792456640062,2,1.5166384955209111,0,0
TXN109641,40.74598467518905,13.180390563664227,4,2.312402525964404,1,0
TXN109642,73.42011066951622,8.37741559230544,1,11.318716869360486,0,0
TXN109643,13.613094256941158,16.320231171665938,0,3.5389926900533104,1,0
TXN109644,42.03404854430878,13.37377946137865,0,0.6480003162068986,0,0
TXN109645,365.83509234603633,17.2524546219378,1,18.690179199385792,0,0
TXN109646,76.8494287216548,12.939023940585608,1,6.394889899104982,0,0
TXN109647,97.27072952034729,17.90832758397287,3,1.3017704789049909,1,0
TXN109648,121.20845234312334,11.51047511660084,0,17.859371004418186,1,0
TXN109649,66.59094529678039,14.482947149840323,0,1.6595919387717069,0,0
TXN109650,88.35731531469287,12.133081766328445,1,6.775873457754731,0,0
TXN109651,75.7354810608954,14.998103602523438,1,1.854351538828668,0,0
TXN109652,76.96706373224612,22.049251798693756,2,1.6917321187100973,0,0
TXN109653,117.55234228969968,13.654398210172626,2,1.0250720339016608,0,0
TXN109654,92.83286607913773,12.748498099032421,0,5.744185241074033,0,0
TXN109655,20.86138761738464,23.0,0,8.017206276405616,0,0
TXN109656,37.55647545675893,12.914643176229063,1,14.996923248502835,0,0
TXN109657,22.838753861990845,10.195997301650523,3,4.440973267456932,0,0
TXN109658,107.46779623056396,19.458809751155293,1,10.810811003023904,0,0
TXN109659,87.4121242203208,12.62468064994242,3,12.269853314211378,0,0
TXN109660,55.51321273989559,12.888185869366009,0,25.91040303666002,0,0
TXN109661,107.88190119000416,19.852901217369944,0,5.849714301457847,0,0
TXN109662,52.197412769061145,19.560250903029708,2,5.684816129623598,0,0
TXN109663,92.35694640067283,10.141642504221938,4,1.2543249964846417,0,0
TXN109664,46.32858018913356,11.89204120572526,1,7.730736687120751,0,0
TXN109665,129.43111221269638,20.652590506978157,1,1.1643210404383009,0,0
TXN109666,40.9053336284928,14.17871292882274,0,3.269389008251764,0,0
TXN109667,44.717956396224494,8.570262202569214,1,2.437611942570793,0,0
TXN109668,86.16102299228038,13.826094497601986,1,8.788044115297835,0,0
TXN109669,112.04777757585113,14.562301131180313,3,5.834455110733044,1,0
TXN109670,63.54976875449807,19.868368572567256,3,6.192083438095045,0,0
TXN109671,149.29913167261287,13.134074004350675,2,5.562522412231798,0,0
TXN109672,18.552667010975536,17.932162082431372,0,20.45204448225494,0,0
TXN109673,89.46537472468675,14.981671599469424,2,9.267275477884814,0,0
TXN109674,169.5424517534749,10.562243605505067,4,12.998661484551885,1,0
TXN109675,92.07434482563615,17.369876974086853,1,3.055567115102058,0,0
TXN109676,42.47095727558698,13.644639053810586,0,1.5644739891826607,0,0
TXN109677,117.66313396383678,11.23051672055818,5,5.449188885285617,0,0
TXN109678,129.4481967321176,21.205423267050914,1,4.837893155847121,0,0
TXN109679,69.26863616684913,19.31920656900496,0,8.466433985447024,0,0
TXN109680,68.6076419043746,17.474672062826876,2,3.2909997172894814,0,0
TXN109681,97.76400883922338,11.355603471262228,1,42.499900207631484,0,0
TXN109682,59.93014381387102,12.719026008720611,2,0.5091318089154634,0,0
TXN109683,89.68286115936647,3.211031766245977,1,2.686661817316216,0,0
TXN109684,174.66289123138964,17.118172319071867,1,6.025210894804393,0,0
TXN109685,73.82881879149681,15.47814253368143,1,2.1618441576593437,0,0
TXN109686,53.752337740466,12.3373047530492,1,2.508595362050162,0,0
TXN109687,196.34530366960996,5.748994091042665,2,860.9705243667131,0,1
TXN109688,29.45981976562305,13.402226451332623,2,2.5678630114095693,1,0
TXN109689,91.90838205793105,15.181144854404607,1,0.6406102508926177,0,0
TXN109690,78.52780968494427,13.529608233158768,0,7.3484409936934005,0,0
TXN109691,7.497580175256028,14.74065175893606,3,4.089778105131189,0,0
TXN109692,27.019110031657437,15.190230027954337,1,33.888159023188145,0,0
TXN109693,62.64517727536192,9.874449999353999,0,5.340708535942359,0,0
TXN109694,17.149513101279933,13.305090825598736,1,3.6028690912549206,0,0
TXN109695,21.066071905160108,18.701046852377402,1,2.5870636781612735,1,0
TXN109696,44.4658580065008,18.07977699145374,1,1.302089535422423,0,0
TXN109697,43.23519073119937,16.968996815980017,2,8.397250681997264,0,0
TXN109698,140.0346176133591,21.025934155558847,1,10.180881131330903,0,0
TXN109699,902.1792263570907,2.949243145726502,8,380.31166047837297,1,1
TXN109700,84.53955795969385,18.274174341129008,6,6.2909007008991855,0,0
TXN109701,55.16634557658853,16.809648640014057,0,8.035997691542073,0,0
TXN109702,85.35512753957701,13.696607020779688,0,8.65406011630954,0,0
TXN109703,28.293030783710048,10.041902494353728,1,3.600738445049158,0,0
TXN109704,64.40446371669788,16.8677324849443,0,7.543852105223347,0,0
TXN109705,43.145339518129816,10.892162494549991,2,2.3782595572308685,0,0
TXN109706,155.80870323777668,9.751324232526787,1,32.61456454236513,0,0
TXN109707,123.07937083047207,20.126681865553458,1,16.00328942002575,0,0
TXN109708,39.820271468419165,23.0,1,9.949103864174617,0,0
TXN109709,91.90627030134331,16.40131063726205,2,15.462721972612572,0,0
TXN109710,121.19262030152444,18.639874402944187,1,12.283429511364233,0,0
TXN109711,164.0189041976975,13.40434429764079,4,1.3253740083243746,0,0
TXN109712,124.53038849254233,18.29814749123151,1,4.146224937553724,0,0
TXN109713,54.226151480856295,14.663448661357117,2,8.926467683287404,0,0
TXN109714,49.54120126319285,21.726669015746435,0,7.421173157881508,1,0
TXN109715,78.35905374254098,17.146859990046536,3,8.89705235568211,0,0
TXN109716,138.3588571937773,23.0,2,11.205428506385022,0,0
TXN109717,40.4604841120109,14.6707121418999,1,1.4178576593411831,0,0
TXN109718,73.11037439897015,14.815148243342952,1,7.120491469442905,0,0
TXN109719,128.0783275137623,9.13182463298956,2,18.362338505050758,0,0
TXN109720,25.358853855001936,11.900071844334843,2,7.8707659659329625,0,0
TXN109721,5.419910458437051,13.096753193798598,1,1.4659117919315778,0,0
TXN109722,46.0998389168832,16.55309835949585,1,5.970990886289904,0,0
TXN109723,33.36070166832031,17.697217067296503,2,8.119647810123903,0,0
TXN109724,168.6235284566382,14.607089240992114,0,3.4087522494184395,0,0
TXN109725,64.39973967075872,10.269608368157854,0,10.741976865330576,1,0
TXN109726,176.6672327631909,11.856058735024183,1,2.1190286829865075,0,0
TXN109727,520.6721093442148,0.3052123125683197,7,375.2302484292493,1,1
TXN109728,105.72987562665666,15.254449024541843,0,3.4751975694156316,0,0
TXN109729,90.74930090707784,12.18056571816139,0,2.105940789928269,0,0
TXN109730,36.56314151854192,12.68206709178905,3,12.913603007014363,0,0
TXN109731,75.75195480332346,23.0,2,4.938341012107604,0,0
TXN109732,116.95589232816296,18.729652260403377,0,2.603999041738974,0,0
TXN109733,44.29812539709944,12.606201791072237,2,27.704394909807036,0,0
TXN109734,227.91258546203537,15.540935566560767,2,1.4133078564318213,1,0
TXN109735,34.259751084879376,8.611812714178086,0,5.734835103193156,0,0
TXN109736,23.077797007356743,15.022288560477396,0,10.264618096838877,0,0
TXN109737,188.3519738616941,6.845010685351107,3,14.468130219945154,1,0
TXN109738,20.959031290362713,12.34024898370118,0,12.565371110492885,1,0
TXN109739,57.509462455468636,8.240182329312129,0,3.5484855755735327,0,0
TXN109740,112.09263497664509,12.934007723879265,0,3.071486149487658,0,0
TXN109741,31.76971860066721,15.811365803569267,1,1.8388924035772305,0,0
TXN109742,103.60306764053317,16.05856729543722,0,0.12945851915990214,0,0
TXN109743,76.95186847434327,9.701636343966964,1,6.798094928598582,0,0
TXN109744,9.647047217874038,12.903200191402265,3,3.4539433980159147,0,0
TXN109745,63.959179894154715,11.958821008720928,3,0.738642184396433,0,0
TXN109746,66.40252423261474,13.87482076056668,1,8.969432235928673,0,0
TXN109747,2152.7747841257496,2.0125064515651427,4,435.24534830945055,1,1
TXN109748,90.37931740643589,11.331466455763103,1,7.397864763268734,0,0
TXN109749,54.72505496064295,13.912869190103269,2,15.739706607051929,0,0
TXN109750,18.922837535045,16.422974849758763,0,0.2108943814410355,0,0
TXN109751,44.49999773940529,21.414755426057347,2,18.1470909523023,0,0
TXN109752,70.11588070701859,11.481488594892706,4,4.544456016739745,0,0
TXN109753,115.51506164582291,7.44429851438831,0,7.1577726029047595,0,0
TXN109754,61.97912921545115,16.16159577204304,1,4.834636175573797,0,0
TXN109755,182.42213950948587,15.478072081077203,1,2.9515894363349493,1,0
TXN109756,92.8392639383074,9.829759481494005,2,7.626550715070559,0,0
TXN109757,44.36882019187402,19.13528225133155,2,11.826891284404331,0,0
TXN109758,83.43242776162894,16.336548404220856,2,11.120656618728212,0,0
TXN109759,50.3293029917051,13.193514807102861,1,1.8939740236672726,0,0
TXN109760,304.26769383396817,10.116195350317492,3,6.835398016993031,0,0
TXN109761,73.67423789853267,21.83666864656786,1,8.419759618848394,0,0
TXN109762,26.182334359076055,19.952683023116652,1,4.919525141651503,0,0
TXN109763,57.79049328926831,10.967558405546098,0,1.3246029248320366,0,0
TXN109764,129.96455161876267,14.603627827704077,1,25.55082034350268,0,0
TXN109765,86.4091150581401,18.344335367676962,1,7.73572042301807,0,0
TXN109766,30.56502242542447,9.973885814554345,1,16.80439425789868,0,0
TXN109767,85.83723065917142,20.193068384908532,1,5.0905941252858184,0,0
TXN109768,84.43699522719379,18.5123653282017,2,8.130424255531967,0,0
TXN109769,28.069739235118682,17.917037213015174,1,21.2529787389124,0,0
TXN109770,94.99306804156896,6.927254002348418,0,2.582542156239497,0,0
TXN109771,34.69780754958666,15.217828335843432,0,2.3993935827543185,0,0
TXN109772,26.417392472183096,20.303892217762723,2,6.895434433379664,0,0
TXN109773,36.07860880154498,11.964273443972452,1,11.039445924837777,0,0
TXN109774,55.07136205592812,16.294429689576614,1,6.4235970356443275,0,0
TXN109775,60.308881392679126,13.28145821634564,1,5.7333689742477345,0,0
TXN109776,89.78453601661596,11.258704782994998,1,12.980100742942405,0,0
TXN109777,101.27713431649669,19.07865259305922,1,3.242417503730066,0,0
TXN109778,41.071360735606675,10.5282403047717,1,1.1389504471190541,0,0
TXN109779,105.41675610635359,12.807994590211134,1,13.686054997900976,0,0
TXN109780,63.30658052761804,14.611270375834305,5,9.324952880726228,0,0
TXN109781,56.86845666343843,14.302631854799474,2,0.797733460088949,0,0
TXN109782,80.0977045280238,15.339529540132023,1,25.522846469897168,0,0
TXN109783,31.3665424493592,10.77565630393179,1,7.08201017127543,0,0
TXN109784,133.07171498812906,14.264278752161218,2,3.0003019842085137,0,0
TXN109785,40.88922793805679,9.863701609414464,0,6.356482766007873,0,0
TXN109786,106.03705286586481,16.470918043073567,0,9.38580642461702,0,0
TXN109787,51.55544141921123,11.445652787315417,2,4.793356052049568,0,0
TXN109788,87.01363612419857,18.50503139350405,4,5.755964422139938,0,0
TXN109789,71.1288312002431,19.312127125431473,1,3.398034462216781,0,0
TXN109790,57.40951823073631,12.837217406841,2,3.441190601341245,0,0
TXN109791,47.58743563494103,16.10592960158008,0,16.853781430541417,0,0
TXN109792,88.03199502956973,8.976897430388174,1,7.773929631198522,0,0
TXN109793,165.6152903532152,11.966552498625859,0,9.22990887372531,0,0
TXN109794,69.66216550793762,10.045568808748078,2,17.776587253191632,0,0
TXN109795,8.49536543830758,10.811247998250922,1,0.4822432160972268,0,0
TXN109796,78.38058434028594,14.82580932585719,0,9.932808328594753,0,0
TXN109797,70.51972881251439,13.166504215296783,3,5.149281705925025,0,0
TXN109798,17.072390420758538,16.747536648782212,2,2.5658852112335353,0,0
TXN109799,44.495353307296874,18.92397350650517,3,6.1841907939748815,0,0
TXN109800,93.31430088187936,16.302235733238504,1,5.043136426607926,0,0
TXN109801,30.965353442208876,13.176756002245261,2,7.375818285857579,0,0
TXN109802,157.13002092551142,23.0,2,6.053235104320997,0,0
TXN109803,114.31998382910118,13.959604233067132,0,1.9630702298607658,0,0
TXN109804,81.92780197636962,14.365875741287892,1,3.8044945744753393,1,0
TXN109805,60.776627043754765,19.45276356449347,0,3.6584994525966295,0,0
TXN109806,75.81699446239975,10.207285151434426,1,0.6717252078897333,0,0
TXN109807,60.77365695534859,8.69847398970893,0,1.3190628726870468,1,0
TXN109808,48.33100538535898,16.235095368647606,1,5.682218583919838,0,0
TXN109809,205.20646633820525,15.226252666447925,0,19.988374649155293,0,0
TXN109810,79.5598463375593,16.111539773570417,0,6.437241205363041,0,0
TXN109811,72.1334975887536,19.412395479067115,3,5.058252008681694,0,0
TXN109812,49.98019920756684,9.559754951389602,2,12.064872207751423,0,0
TXN109813,70.02533728548568,12.044178304482617,1,4.153939950196644,0,0
TXN109814,4.151131189363099,13.248176047102191,3,5.070013552390035,0,0
TXN109815,15.695751885627015,15.802450098166895,2,4.853837790981166,0,0
TXN109816,69.39310618284898,10.741868411288213,0,0.5977786224286357,0,0
TXN109817,1801.5804500041077,4.301920987868156,5,334.62200040164356,0,1
TXN109818,156.5281421726843,13.689633509008093,0,6.518454472785073,0,0
TXN109819,253.67489621606452,14.280598715430779,2,11.202819149528258,0,0
TXN109820,42.93265452704872,7.327619401312683,1,11.760130080211415,0,0
TXN109821,39.22676255984762,16.955312317506348,1,2.951405931184369,0,0
TXN109822,57.67952264107077,15.730843607395563,0,4.3230945602607935,0,0
TXN109823,136.772105570302,21.493836273523744,2,4.349393723545978,0,0
TXN109824,63.569842409727535,11.1577569492401,1,6.994219511003822,0,0
TXN109825,34.300892860306085,18.378868886990816,0,1.100119466581491,0,0
TXN109826,12.759116317054485,13.086647838276843,0,3.554385022146419,0,0
TXN109827,154.78014701534374,10.35230679097183,0,0.3665136806124292,0,0
TXN109828,57.02564698378229,16.82017924807934,3,15.707342169748875,0,0
TXN109829,42.91987182408217,13.77405824755634,4,0.3165791548665339,0,0
TXN109830,46.177433722906464,17.837033599679916,0,2.8601832871882977,0,0
TXN109831,80.11359351935042,19.712877855276915,4,7.163787706572293,0,0
TXN109832,16.160092153644133,17.27566639957836,2,54.612793319647736,0,0
TXN109833,113.23370049961068,23.0,4,1.8461845085232471,0,0
TXN109834,41.47505095572674,9.738526850303904,2,3.511933100114426,0,0
TXN109835,65.3831351744194,16.02127277573257,1,3.9027824442505805,0,0
TXN109836,21.323588728771,15.071032950336159,1,14.193484990949061,0,0
TXN109837,130.14544269177895,15.74282050754042,2,1.1173643548069125,0,0
TXN109838,92.90621889152575,8.672047895233153,0,6.403704119994559,0,0
TXN109839,33.35027492429685,13.060087942026332,0,3.185638050997659,0,0
TXN109840,53.11198759827811,9.274918177312337,1,3.9824589991289234,0,0
TXN109841,252.92400417315125,18.836849831761604,0,8.25753326322485,0,0
TXN109842,70.06003808741907,12.012167574045193,1,7.786466386455697,0,0
TXN109843,44.60477886075264,10.61081625150608,1,3.7922649091465965,0,0
TXN109844,78.34637859565053,10.288835262703733,1,9.014024558812821,0,0
TXN109845,65.26373481763044,14.384221473945141,0,5.226734673172679,0,0
TXN109846,35.372229405704346,6.951214251448235,1,12.637802460423826,0,0
TXN109847,56.217280791213014,6.442892900611241,1,4.566592145857174,0,0
TXN109848,85.3364372611807,4.2371235605873,1,10.830495133703108,0,0
TXN109849,51.57730428457911,9.424534970572287,3,4.502493522482106,0,0
TXN109850,4.362093382388422,23.0,2,4.256977408257583,1,0
TXN109851,33.115081300726985,15.555384619934303,0,1.5463271776033605,0,0
TXN109852,178.04932394082297,18.807390408315094,0,4.11388679349375,0,0
TXN109853,277.1257136542742,4.576284017077213,12,164.16590218525903,1,1
TXN109854,137.019181764263,16.84771706951644,3,2.2949099416566936,0,0
TXN109855,79.6270908330919,12.49900341034731,2,7.4587515634307024,1,0
TXN109856,36.44853604796235,12.934640278556097,0,7.79585341863476,0,0
TXN109857,273.3843459713177,10.455979812084697,3,10.176885986939999,0,0
TXN109858,154.7955086528869,20.91528312386556,0,12.6615118466656,0,0
TXN109859,64.01290412649884,21.325836127439196,2,4.961794398902216,0,0
TXN109860,80.36550181619376,18.568044410979013,1,1.7748210232667612,0,0
TXN109861,30.79482100126262,9.31939432222558,0,4.904643168780956,0,0
TXN109862,38.350767844900744,15.438370822176696,0,1.1227967701470545,0,0
TXN109863,218.31524902409953,14.807600353026952,0,5.759013167552601,0,0
TXN109864,82.36149042213367,14.930871310020043,2,8.3598400305481,0,0
TXN109865,118.32596576024795,10.461290077833723,3,0.7595400291794913,0,0
TXN109866,54.735218305643244,15.290356953399412,1,14.565285589167287,0,0
TXN109867,59.02457669150611,8.079461881098428,0,2.264268499336055,0,0
TXN109868,22.484793887244106,19.328601087920234,3,11.204476007897098,0,0
TXN109869,18.29736035022809,5.992150398356266,0,5.388655790643108,0,0
TXN109870,130.18245809960547,15.562571136260825,1,14.701198595820347,0,0
TXN109871,35.56420908218205,18.04088071146677,0,30.11402105849815,0,0
TXN109872,82.72223555043509,18.22634688182157,1,12.467449536877165,0,0
TXN109873,125.9294890220662,12.69383922603617,2,3.1434958487973845,0,0
TXN109874,214.97801614699083,13.845863600153699,1,7.197334806870033,0,0
TXN109875,281.94341287117095,16.55386247142817,2,6.146997392191923,0,0
TXN109876,227.4965135405833,9.374624412363321,0,6.456370360358981,0,0
TXN109877,117.57530891423754,7.460050353836869,1,7.5000779484428035,0,0
TXN109878,121.69847132313848,13.153359389998558,3,10.996577252483128,0,0
TXN109879,62.49561335197633,13.645330333343074,3,0.6505904410046608,0,0
TXN109880,4.185993604792712,11.124480029500855,4,12.480306165485967,0,0
TXN109881,170.93704793417916,9.134882948142108,0,6.953322764494799,1,0
TXN109882,31.33787184443093,13.943508900282197,0,9.866972184716378,0,0
TXN109883,76.63655208456503,15.212186255528444,1,3.5309921547578513,0,0
TXN109884,18.739120217299213,10.200330403683383,0,9.98654898386093,1,0
TXN109885,63.651943998318686,11.86593976005629,3,3.3325955483249188,0,0
TXN109886,57.42621779140929,15.104320519848155,3,15.721449601651473,0,0
TXN109887,7.811969953464402,18.99907478102716,0,17.04203437494618,0,0
TXN109888,75.87182649472308,15.274761811892231,2,3.6853242620468656,0,0
TXN109889,95.58697160146491,15.457265134341197,1,5.055660942417522,0,0
TXN109890,85.33398006918738,10.674205886234118,1,5.6340139772124065,0,0
TXN109891,92.3841108937294,17.183162070257787,0,3.1083751033387594,0,0
TXN109892,113.88710781569108,22.47076972003528,2,4.3681824099426345,0,0
TXN109893,107.63944579458062,15.526334806251118,0,12.667436565344765,0,0
TXN109894,124.65280218041265,16.391263516959278,1,2.6582004776854435,0,0
TXN109895,108.56704634770024,18.861463881276073,0,0.5223898737950404,0,0
TXN109896,92.9962872955747,13.89793749285874,1,3.5645514925562436,0,0
TXN109897,67.19928312144265,21.389648994444578,0,3.378217216085745,0,0
TXN109898,26.018542681235537,13.599184043306241,0,13.627689079436987,0,0
TXN109899,35.627631012756595,20.707471280580254,1,27.17489299536087,0,0
TXN109900,176.52814106064582,11.455175838310824,0,3.301522074942586,0,0
TXN109901,180.30450252651116,17.395510651126457,1,8.177823252752118,0,0
TXN109902,120.93596880786579,21.780556986949506,2,0.4627581294575755,0,0
TXN109903,30.133889917235642,14.79039870192915,2,16.375081701157356,0,0
TXN109904,67.2910293014793,23.0,2,8.93742283141291,1,0
TXN109905,40.534297024898144,10.673950350296218,0,6.800310994068322,0,0
TXN109906,41.7719689028086,14.65846517958209,0,5.201479500489235,0,0
TXN109907,157.70064423197365,12.81448025426251,2,6.058586931136657,0,0
TXN109908,149.0264472973717,20.0763604607278,2,35.38705672934776,0,0
TXN109909,24.861791319957895,11.01906140110614,3,4.930613697277734,0,0
TXN109910,46.37543228415727,13.667625695256016,0,7.302587310821387,0,0
TXN109911,107.82144483977439,9.647172333788767,1,10.876128792117136,0,0
TXN109912,39.35190512670833,18.258287980295666,0,5.293098149390504,1,0
TXN109913,44.045430513012185,19.283600826567145,1,21.873233970898838,0,0
TXN109914,48.4950254127567,9.04390887476685,2,7.231492753914082,0,0
TXN109915,162.39772667340685,11.577267739251203,3,21.193177078642,0,0
TXN109916,22.12020151248385,14.65213269907201,1,1.180963095779684,0,0
TXN109917,39.84241189248082,9.393208546326996,0,1.8907643649457995,0,0
TXN109918,89.03349943436152,23.0,1,18.23418322275428,0,0
TXN109919,53.268342509323254,8.045306955975763,0,4.391335899864001,0,0
TXN109920,139.801814128593,11.43974388413187,1,12.074054487988535,0,0
TXN109921,77.37926773574094,10.185855099831532,1,2.3060429142614898,0,0
TXN109922,57.42598908212342,17.368526167848238,1,2.7721681039663446,0,0
TXN109923,84.56618905321355,12.488546126619882,1,8.466093364021091,1,0
TXN109924,59.489979581316355,9.279520233195548,0,12.375679361996909,0,0
TXN109925,102.09397394415444,14.551062057591363,2,13.919416009984582,0,0
TXN109926,24.917274662158334,10.355368176540297,1,8.851444674553054,0,0
TXN109927,36.86861215682253,14.975148774930906,1,11.031963488067918,0,0
TXN109928,101.34227337351794,15.601007702787385,0,8.623038428991237,0,0
TXN109929,34.338055250561794,10.2855742358886,2,8.04015052076872,0,0
TXN109930,110.28660651030486,12.24166452324342,2,7.3337804121348285,0,0
TXN109931,23.866151476149593,14.753145470363362,1,4.759967477510321,0,0
TXN109932,153.35619767293895,14.984903568939139,2,19.68652892207738,1,0
TXN109933,196.31740666903426,9.486705177853622,1,5.404654742779452,0,0
TXN109934,24.180625034358453,12.725289466476783,2,1.9664998650058607,0,0
TXN109935,45.766826378294255,20.636861639896093,2,3.113157917817016,0,0
TXN109936,131.93764343871908,14.708317117047274,2,8.51195474170799,0,0
TXN109937,99.55286955055989,10.035972435923405,0,14.475846290118854,0,0
TXN109938,28.327942041324434,9.844043450924381,2,4.675493462764891,0,0
TXN109939,38.32221513667799,15.378353390624495,2,4.445225531316443,0,0
TXN109940,169.41727922102118,10.380152322750913,0,4.99894966329761,0,0
TXN109941,24.88736929779259,13.808259856157614,0,9.926369638659192,0,0
TXN109942,40.13472451416384,14.037217989541595,3,17.953006679855704,0,0
TXN109943,63.27684860538749,18.978484027173273,1,6.000529119854864,1,0
TXN109944,8.671039220649696,19.19537324037756,0,17.956111778264244,0,0
TXN109945,86.10620534180156,14.492289916972549,1,8.793515859668153,0,0
TXN109946,56.564021286651325,18.262672276122473,0,3.4176556407863465,0,0
TXN109947,134.0446389411264,13.761498369611582,3,14.23384443065604,0,0
TXN109948,120.06168143370289,12.073886848784152,2,11.615048695061517,0,0
TXN109949,74.15652168596756,20.090381543418918,2,7.77954700171453,0,0
TXN109950,18.102176327672446,4.6232516491312605,0,4.419155075247685,1,0
TXN109951,63.68601249985322,10.847126024655669,0,6.591913227035798,0,0
TXN109952,78.53060136512062,16.61851143065369,0,18.597182052234473,0,0
TXN109953,122.08217195991574,8.817750877962169,1,1.5565838751296526,0,0
TXN109954,168.7899624752092,13.81712754128555,2,4.525239526027559,0,0
TXN109955,50.75752946326064,20.197080666533907,1,10.568155743962711,0,0
TXN109956,74.19071491136816,11.034248828799328,2,1.9454941663172218,0,0
TXN109957,88.35465485198196,16.96948707217793,0,2.7243645434272423,0,0
TXN109958,52.13480804307039,14.66148933056542,0,0.9848778688801367,0,0
TXN109959,85.53205336064164,15.85221086336555,1,1.8693187398302298,0,0
TXN109960,86.52164985543195,8.216763986856153,3,16.59584406899901,0,0
TXN109961,33.02372016832977,19.21074709321277,2,6.221925228306854,0,0
TXN109962,57.309345311401565,12.141013081327731,0,1.702052271089744,0,0
TXN109963,46.4370282295484,16.711874221479356,1,2.763869975295033,0,0
TXN109964,43.16465707500318,13.349867826574377,3,10.60498852219854,0,0
TXN109965,177.0196202542022,16.718772410590162,2,3.398313533456339,0,0
TXN109966,70.48616501937332,14.211038149053687,1,9.562929867720275,0,0
TXN109967,79.5700728812864,12.999291035948957,5,2.537297952047801,0,0
TXN109968,98.61313399611275,10.649340003825598,0,11.205240387783482,0,0
TXN109969,52.26991469217119,10.910768889870534,1,2.862689715265695,0,0
TXN109970,221.79672095437985,17.209540619722016,2,1.2793646996043873,0,0
TXN109971,273.5776775681544,13.749850231285114,0,5.910781841571442,0,0
TXN109972,89.22847059009612,16.44027505144173,2,12.665491971568422,0,0
TXN109973,14.551487890541537,16.32084493580985,0,6.722494918897615,0,0
TXN109974,56.22177685215096,12.93867153373395,3,5.4785055242562875,0,0
TXN109975,78.62226871090682,20.43552662072258,1,9.387694935529309,0,0
TXN109976,40.927827057914435,14.534710875272893,2,7.733991799653718,0,0
TXN109977,243.9603892813757,9.436396551275742,1,7.119741029571244,0,0
TXN109978,55.5228957953464,15.972663542427085,0,1.1826250630728574,1,0
TXN109979,221.18388131638835,11.754836607869127,2,2.117083948257842,0,0
TXN109980,44.935464079593416,10.522465006178841,2,0.6391982078741908,0,0
TXN109981,49.15177067198712,18.10318459258368,0,4.635218960574506,0,0
TXN109982,30.537367677348076,10.381796287576478,1,2.5423924055930924,0,0
TXN109983,103.24569819927453,15.179555058155602,2,5.63357738109011,0,0
TXN109984,34.1796966425828,21.87529405380393,2,2.7372970587867047,0,0
TXN109985,65.25269635810415,8.987947531860073,0,10.793187775078545,0,0
TXN109986,79.03496301508153,19.285170122190124,1,1.52690563657535,0,0
TXN109987,156.9500498569691,15.716580173757993,2,8.769408715309195,0,0
TXN109988,89.24736568762553,19.515081356596674,1,10.38052931035627,0,0
TXN109989,30.036415779111323,15.316927745271748,0,7.585960673714847,0,0
TXN109990,61.71277634268339,8.77451622500078,1,21.5690906885021,0,0
TXN109991,31.98795084160217,16.350304041565085,4,10.56877555006688,0,0
TXN109992,76.94190592977333,20.825352685238556,1,5.3925349034271095,0,0
TXN109993,55.37727097843619,13.732252408046435,0,1.820410433103482,0,0
TXN109994,117.01902962140913,11.325452054744392,0,6.35634168812309,0,0
TXN109995,71.82334948852547,16.778708748474806,0,8.215836298042356,0,0
TXN109996,135.72727750685542,13.097854716759068,3,8.865226430457366,0,0
TXN109997,19.541961729376126,10.516181964083774,1,8.885340363655416,0,0
TXN109998,68.62319192007219,13.307700566672896,1,4.089889224527637,0,0
TXN109999,83.37565962242613,10.886754217779213,2,7.312925351280381,0,0
